{"format_version":"1.12.0","minecraft:geometry":[{"description":{"identifier":"geometry.nv_goggles_ui","texture_width":32,"texture_height":32,"visible_bounds_width":4,"visible_bounds_height":5.5,"visible_bounds_offset":[0,1.25,0]},"bones":[{"name":"nv_goggles","pivot":[0,27.5,2],"cubes":[{"origin":[-6.015,21.54,3],"size":[12,12,0],"uv":{"north":{"uv":[0,0],"uv_size":[32,32]},"east":{"uv":[0,0],"uv_size":[32,32]},"south":{"uv":[0,0],"uv_size":[32,32]},"west":{"uv":[0,0],"uv_size":[32,32]},"up":{"uv":[0,32],"uv_size":[32,-32]},"down":{"uv":[32,32],"uv_size":[-32,-32]}}},{"origin":[-18.015,33.54,3],"size":[36,12,0],"uv":{"north":{"uv":[0,0],"uv_size":[0,0]},"east":{"uv":[0,0],"uv_size":[0,0]},"south":{"uv":[0,0],"uv_size":[0,0]},"west":{"uv":[0,0],"uv_size":[0,0]},"up":{"uv":[0,0],"uv_size":[0,0]},"down":{"uv":[0,0],"uv_size":[0,0]}}},{"origin":[-18.015,9.54,3],"size":[36,12,0],"uv":{"north":{"uv":[0,0],"uv_size":[0,0]},"east":{"uv":[0,0],"uv_size":[0,0]},"south":{"uv":[0,0],"uv_size":[0,0]},"west":{"uv":[0,0],"uv_size":[0,0]},"up":{"uv":[0,0],"uv_size":[0,0]},"down":{"uv":[0,0],"uv_size":[0,0]}}},{"origin":[5.985,21.54,3],"size":[12,12,0],"uv":{"north":{"uv":[0,0],"uv_size":[0,0]},"east":{"uv":[0,0],"uv_size":[0,0]},"south":{"uv":[0,0],"uv_size":[0,0]},"west":{"uv":[0,0],"uv_size":[0,0]},"up":{"uv":[0,0],"uv_size":[0,0]},"down":{"uv":[0,0],"uv_size":[0,0]}}},{"origin":[-18.015,21.54,3],"size":[12,12,0],"uv":{"north":{"uv":[0,0],"uv_size":[0,0]},"east":{"uv":[0,0],"uv_size":[0,0]},"south":{"uv":[0,0],"uv_size":[0,0]},"west":{"uv":[0,0],"uv_size":[0,0]},"up":{"uv":[0,0],"uv_size":[0,0]},"down":{"uv":[0,0],"uv_size":[0,0]}}}]}]}]}