{"format_version":"1.8.0","animations":{"animation.awp.item":{"loop":true,"bones":{"gun":{"rotation":[90,0,0],"position":[-5.5,13.8,-1.5],"scale":0.6},"acog":{"position":[0,4.6,-6.75]},"eotech":{"position":[0,4.5,-6.25]},"scope":{"position":[0,4.5,-6.25]},"silencer":{"position":[0,3.825,-45.7]}}},"animation.awp.cycle":{"animation_length":0.6667,"blend_weight":"q.is_in_ui ? 0 : 1","bones":{"waist":{"rotation":{"0.0":[0,0,0],"0.125":[-2.25,0,0],"0.5":[-2.25,0,0],"0.625":[0,0,0]}},"sight":{"rotation":{"0.0":[0,0,0],"0.125":[2.25,0,0],"0.5":[2.25,0,0],"0.625":[0,0,0]}},"body":{"rotation":{"0.2917":[0,0,0],"0.3333":[0,0,"math.random(-1.25,1.25)"],"0.4167":[0,0,0],"0.5":[0,0,0],"0.5417":["math.random(-0.25,0.25)",0,0],"0.625":[0,0,0]},"position":{"0.125":[0,0,0],"0.1667":[0,0,0.25],"0.2083":[0,0,0],"0.2917":[0,0,0],"0.3333":["math.random(-0.25,0.25)",0,1],"0.4167":[0,0,0],"0.5":[0,0,0],"0.5417":[0,"-math.random(-0.25,0.25)",1],"0.625":[0,0,0]}},"rightArmExtra":{"rotation":{"0.0":[-40,-12,-22],"0.125":[-40,-16,-22],"0.25":[-40,-26,-15],"0.3333":[-40,-26,-15],"0.4583":[-40,-16,-22],"0.625":[-40,-12,-22]},"position":{"0.0":[-7,-4,2],"0.125":[-7,-2,2],"0.25":[-6,-2,0],"0.3333":[-6,-2,0],"0.4583":[-7,-2,2],"0.625":[-7,-4,2]}},"pullBack":{"position":{"0.0":[0,0,0],"0.125":[0,0,3],"0.4583":[0,0,3],"0.625":[0,0,0]}},"bolt":{"rotation":{"0.125":[0,0,0],"0.25":[0,0,60],"0.3333":[0,0,60],"0.4583":[0,0,0]}},"handler":{"rotation":{"0.0":[0,0,0],"0.125":["math.random(-0.1,0.1)",0,0],"0.2083":[0,0,0],"0.3333":["math.random(-0.1,0.1)",0,0],"0.4167":[0,0,0],"0.5417":["math.random(-0.1,0.1)",0,0],"0.625":[0,0,0]}},"handler_0":{"rotation":{"0.0":[0,0,0],"0.125":[-19,-2,0],"0.2083":[0,0,0],"0.3333":[-12,-2,0],"0.4167":[0,0,0],"0.5417":[10,2,1],"0.625":[0,0,0]}},"handler_1":{"rotation":{"0.0":[0,0,0],"0.125":[-14,2,0],"0.2083":[0,0,0],"0.3333":[-9.5,2,0],"0.4167":[0,0,0],"0.5417":[24,2,0],"0.625":[0,0,0]}}},"sound_effects":{"0.0":{"effect":"awp_pullback"},"0.2083":{"effect":"bullet_eject_762mm"},"0.5":{"effect":"awp_pullforward"},"0.6667":{"effect":"bullet_bounce_556mm"}},"particle_effects":{"0.0":{"effect":"casing_long","locator":"awp_case"}}},"animation.awp.fpp_ads":{"loop":true,"bones":{"waist":{"rotation":[-0.2,0,0],"position":[3.03,"v.sight?0.35:1.45",0]}}},"animation.awp.fpp_hold":{"loop":"hold_on_last_frame","animation_length":2,"anim_time_update":"q.anim_time+q.delta_time*0.1","bones":{"root":{"rotation":[0,180,0]},"leftArm":{"rotation":[-120,22,-22],"position":[-4.3,-3.5,-7]},"rightArm":{"rotation":[-90,0,0],"position":[2.5,-1,3]},"body":{"rotation":["q.is_sneaking?0:math.sin(q.anim_time-q.life_time*100)*0.2","q.is_sneaking?0:math.cos(q.anim_time-q.life_time*200)*0.4","q.is_sneaking?0:math.cos(q.anim_time-q.life_time*80)*0.4"]}}},"animation.awp.fpp_inspect":{"animation_length":1.25,"anim_time_update":"q.anim_time+q.delta_time*0.4","bones":{"body":{"rotation":{"0.0":[0,0,0],"0.125":[-17.5,-18.2,-35.8],"0.1875":[-17.5,-18.2,-38.2],"0.25":[-17.5,-18.2,-32.7],"0.3125":[-17.5,-18.2,-38.2],"0.5":[-17.5,-18.2,-38.2],"0.6875":[-26,-3,40.5],"0.75":[-26,-3,38],"0.8125":[-23.5,-3,45.5],"0.875":[-26,-3,38],"1.125":[-26,-3,38],"1.1875":[0,0,-2.5],"1.25":[0,0,0]},"position":{"0.0":[0,0,0],"0.125":[0,1,0],"0.1875":[0,0,0],"0.5":[0,0,0],"0.6875":[0,-3,0],"0.75":[0,-4,0],"1.125":[0,-4,0],"1.1875":[0,-1,2],"1.25":[0,0,0]}},"leftArm":{"rotation":{"0.0":[0,0,0],"0.1875":[40,10,50],"0.5":[40,10,50],"0.6875":[0,0,0],"1.125":[0,0,0],"1.25":[0,0,0]},"position":{"0.0":[0,0,0],"0.1875":[0,-19,0],"0.5":[0,-19,0],"0.6875":[0,0,0]}}},"sound_effects":{"0.0":{"effect":"gun_inspect_0"},"0.125":{"effect":"gun_inspect_1"},"0.6875":{"effect":"gun_inspect_2"},"1.125":{"effect":"gun_inspect_3"}}},"animation.awp.fpp_reload":{"loop":"hold_on_last_frame","animation_length":2.2917,"bones":{"root":{"rotation":[0,180,0]},"leftArm":{"rotation":{"0.0":[-120,22,-22],"0.4583":[-100,30,34],"0.625":[-160,50,-12],"1.9583":[-160,50,-12],"2.0833":[-120,22,-22]},"position":{"0.0":[-4.3,-3.5,-7],"0.4583":[-5,-3,-8],"0.625":[-6,-8,-10],"0.75":[-6,-29,-13],"1.1667":[-6,-29,-13],"1.2917":[-6,-8,-10],"1.4167":[-6,-8,-10],"1.9583":[-6,-8,-10],"2.0833":[-4.3,-3.5,-7]}},"rightArm":{"rotation":[-90,0,0],"position":[2.5,-1,3]},"body":{"rotation":{"0.25":[0,0,0],"0.375":[-10,0,-8],"0.5":[-8,0,-8],"0.5833":[-8,0,-8],"0.6667":[-10,0,-8],"1.0833":[-8,0,-8],"1.25":[-8,0,-8],"1.3333":[-6,0,-8],"1.4167":[-8,0,-8],"1.6667":[0,0,-4],"2.0417":[0,0,-4],"2.2083":[0,0,0]},"position":{"0.3333":[0,0,0],"0.4167":[0,1,0],"0.5":[0,0,0],"0.5833":[0,0,0],"0.6667":[0,-1,0],"0.7917":[0,0,0],"1.25":[0,0,0],"1.3333":[0,1,0],"1.4167":[0,0,0],"2.0417":[0,0,0],"2.1667":[0,0,1]}},"rightArmExtra":{"rotation":{"0.0":[-40,-12,-22],"0.125":[-40,-16,-22],"0.25":[-40,-26,-15],"0.3333":[-40,-26,-15],"0.4583":[-10,-20,-10],"1.4167":[-10,-20,-10],"1.6667":[-40,-26,-15],"1.7917":[-40,-16,-22],"1.9583":[-40,-12,-22],"2.0833":[-35,-30,12],"2.2917":[0,0,0]},"position":{"0.0":[-7,-4,2],"0.125":[-7,-2,2],"0.25":[-6,-2,0],"0.3333":[-6,-2,0],"0.4583":[-2,-1,1],"1.4167":[-2,-1,1],"1.6667":[-6,-2,0],"1.7917":[-7,-2,2],"1.9583":[-7,-4,2],"2.0833":[-4.8,-1.6,2.8],"2.2083":[0,0,0]}},"mag":{"rotation":[0,0,0],"position":{"0.625":[0,0,0],"0.75":[0,-34,-6],"1.1667":[0,-34,-6],"1.2917":[0,0,0]}},"pullBack":{"position":{"0.0":[0,0,0],"0.125":[0,0,3],"1.7917":[0,0,3],"1.9583":[0,0,0]}},"bolt":{"rotation":{"0.125":[0,0,0],"0.25":[0,0,60],"1.6667":[0,0,60],"1.7917":[0,0,0]}},"waist":{"rotation":{"0.1667":[0,0,0],"0.25":[0,-2,2],"0.375":[0,0,0],"1.625":[0,0,0],"1.7083":[1,2,-2],"1.7917":[0,0,0],"1.875":[2,0,0],"1.9583":[0,0,0]},"position":{"0.1667":[0,0,0],"0.25":[0,0.2,0.5],"0.375":[0,0,0],"1.625":[0,0,0],"1.7083":[0,0.2,0.5],"1.7917":[0,0,0],"1.875":[0,0,0]}},"handler_0":{"rotation":{"0.3333":[0,0,0],"0.4167":[-6,13,0],"0.5833":[0,0,0],"0.75":[0,0,10],"1.125":[0,0,-10],"1.25":[0,0,-6],"1.3333":[-20,0,-6],"1.4583":[-14,0,-6],"1.625":[8,0,3],"1.7083":[28,0,3],"1.875":[28,0,3],"1.9583":[0.5,0,8],"2.1667":[-12,0,8],"2.25":[0,0,0]}},"handler_1":{"rotation":{"0.3333":[0,0,0],"0.4167":[-6,-13,0],"0.5833":[0,0,0],"0.75":[10,0,0],"1.125":[-10,0,0],"1.25":[-6,0,0],"1.3333":[-26,0,0],"1.4583":[14,0,0],"1.625":[8,0,3],"1.7083":[28,0,3],"1.875":[28,0,3],"1.9583":[0.5,0,8],"2.1667":[-12,0,8],"2.25":[0,0,0]}}},"sound_effects":{"0.0":{"effect":"awp_pullback"},"0.625":{"effect":"awp_magout"},"1.125":{"effect":"gun_draw"},"1.2917":{"effect":"awp_magin"},"1.6667":{"effect":"awp_pullforward"}}},"animation.awp.fpp_run":{"loop":true,"bones":{"waist":{"rotation":["-33+math.sin(q.anim_time*500)*6.25",-46,30],"position":["-8+math.sin(q.anim_time*500)","-3+math.sin(q.anim_time*1000)",-4]}}},"animation.awp.fire":{"animation_length":0.625,"blend_weight":"q.is_in_ui ? 0 : 1","bones":{"waist":{"rotation":{"0.0":["(q.is_sneaking||v.grip)?math.random(-1,-2):math.random(-3,-4)","math.random(-0.05,0.05)","math.random(-0.05,0.05)"],"0.625":[0,0,0]},"position":{"0.0":[0,0,"v.is_first_person?math.random(4,6):math.random(0.4,0.6)"],"0.25":[0,0,0]}},"sight":{"rotation":{"0.0":["-0.5","math.random(-0.05,0.05)","math.random(-0.05,0.05)"],"0.125":[0,0,0]},"position":{"0.0":[0,0,-1.5],"0.2083":[0,0,0]}},"body":{"rotation":{"0.0":[0,0,0],"0.1667":[0,0,-1],"0.2917":[0,0.05,1],"0.375":[0,0,0]}},"trigger":{"position":{"0.0":[0,0,1],"0.1667":[0,0,0]}}},"particle_effects":{"0.0":[{"effect":"muzzle_flash","locator":"awp_muzzle"},{"effect":"muzzle_lensflare","locator":"awp_muzzle"},{"effect":"muzzle_smoke_2","locator":"awp_muzzle"}],"0.375":{"effect":"muzzle_hot","locator":"awp_muzzle"}}},"animation.awp.fire.silenced":{"animation_length":0.625,"blend_weight":"q.is_in_ui ? 0 : 1","bones":{"waist":{"rotation":{"0.0":["(q.is_sneaking||v.grip)?math.random(-1,-2):math.random(-3,-4)","math.random(-0.05,0.05)","math.random(-0.05,0.05)"],"0.625":[0,0,0]},"position":{"0.0":[0,0,"v.is_first_person?math.random(4,6):math.random(0.4,0.6)"],"0.25":[0,0,0]}},"sight":{"rotation":{"0.0":["-0.5","math.random(-0.05,0.05)","math.random(-0.05,0.05)"],"0.125":[0,0,0]},"position":{"0.0":[0,0,-2],"0.2083":[0,0,0]}},"body":{"rotation":{"0.0":[0,0,0],"0.1667":[0,0,-1],"0.2917":[0,0.05,1],"0.375":[0,0,0]}},"trigger":{"position":{"0.0":[0,0,1],"0.1667":[0,0,0]}}},"particle_effects":{"0.0":{"effect":"muzzle_smoke_2","locator":"silencer_muzzle"},"0.375":{"effect":"muzzle_hot","locator":"silencer_muzzle"}}}}}