{"format_version":"1.8.0","animations":{"animation.fnfal.item":{"loop":true,"bones":{"gun":{"rotation":[90,0,0],"position":[-5.5,14.2,-1.5],"scale":0.6},"acog":{"position":[0,4.1,-3]},"eotech":{"position":[0,4,-4]},"scope":{"position":[0,4,-4]},"silencer":{"position":[0,2.8,-40.4]}}},"animation.fnfal.fpp_ads":{"loop":true,"bones":{"waist":{"rotation":[-0.2,0,0],"position":[3.03,"v.sight?0.65:1.25",0]}}},"animation.fnfal.fpp_hold":{"loop":"hold_on_last_frame","animation_length":2,"anim_time_update":"q.anim_time+q.delta_time*0.1","bones":{"root":{"rotation":[0,180,0]},"leftArm":{"rotation":[-120,22,-22],"position":[-4.65,-3.25,-7]},"rightArm":{"rotation":[-90,0,0],"position":[2.5,-1,3]},"body":{"rotation":["q.is_sneaking?0:math.sin(q.anim_time-q.life_time*100)*0.2","q.is_sneaking?0:math.cos(q.anim_time-q.life_time*200)*0.4","q.is_sneaking?0:math.cos(q.anim_time-q.life_time*80)*0.4"]}}},"animation.fnfal.fpp_inspect":{"animation_length":1.25,"anim_time_update":"q.anim_time+q.delta_time*0.4","bones":{"body":{"rotation":{"0.0":[0,0,0],"0.125":[-17.5,-18.2,-35.8],"0.1875":[-17.5,-18.2,-38.2],"0.25":[-17.5,-18.2,-32.7],"0.3125":[-17.5,-18.2,-38.2],"0.5":[-17.5,-18.2,-38.2],"0.6875":[-26,-3,40.5],"0.75":[-26,-3,38],"0.8125":[-23.5,-3,45.5],"0.875":[-26,-3,38],"1.125":[-26,-3,38],"1.1875":[0,0,-2.5],"1.25":[0,0,0]},"position":{"0.0":[0,0,0],"0.125":[0,1,0],"0.1875":[0,0,0],"0.5":[0,0,0],"0.6875":[0,-3,0],"0.75":[0,-4,0],"1.125":[0,-4,0],"1.1875":[0,-1,2],"1.25":[0,0,0]}},"leftArm":{"rotation":{"0.0":[0,0,0],"0.1875":[40,10,50],"0.5":[40,10,50],"0.6875":[0,0,0],"1.125":[0,0,0],"1.25":[0,0,0]},"position":{"0.0":[0,0,0],"0.1875":[0,-19,0],"0.5":[0,-19,0],"0.6875":[0,0,0]}}},"sound_effects":{"0.0":{"effect":"gun_inspect_0"},"0.125":{"effect":"gun_inspect_1"},"0.6875":{"effect":"gun_inspect_2"},"1.125":{"effect":"gun_inspect_3"}}},"animation.fnfal.fpp_reload":{"loop":"hold_on_last_frame","animation_length":2,"bones":{"root":{"rotation":[0,180,0]},"waist":{"rotation":{"0.2083":[0,0,0],"0.25":[2,0,0],"0.375":[0,0,0],"1.0":[0,0,0],"1.0417":[0,0.25,0],"1.125":[0,0,0]},"position":{"0.2083":[0,0,0],"0.25":[0,-0.25,0],"0.375":[0,0,0],"1.0":[0,0,0],"1.0417":[0,0.25,0],"1.125":[0,0,0],"1.5":[0,0,0],"1.5417":[0,0,1],"1.6667":[0,0,0]}},"leftArm":{"rotation":{"0.0":[-120,22,-22],"0.1667":[-100,30,0],"1.375":[-130,60,22],"1.625":[-122,48,25.2],"1.7083":[-110,32,34],"2.0":[-120,22,-22]},"position":{"0.0":[-4.65,-3.25,-7],"0.0833":[-5,-5,-1],"0.25":[-5,-5,-1],"0.5417":[-5,-16.8,-1],"0.7917":[-5,-16.8,-1],"1.0":[-5,-7.8,-3],"1.0833":[-5,-7.8,-3],"1.2083":[-5,-9.8,-4],"1.375":[-4,-6,-6],"1.625":[-4.27,-5.2,-3],"1.7083":[-2.27,-5.2,-2],"2.0":[-4.65,-3.25,-7]}},"rightArm":{"rotation":[-90,0,0],"position":[2.5,-1,3]},"mag":{"position":{"0.25":[0,0,0],"0.5417":[-1,-18,0],"0.7917":[0,-15.72,2],"1.0":[0,0,0]}},"pullBack":{"position":{"1.5417":[0,0,0],"1.7083":[0,0,3.5],"1.8333":[0,0,0]}},"body":{"rotation":{"0.0":[0,0,0],"0.0833":[0,0,"math.cos(q.anim_time*300)*10-12"],"0.375":[0,0,-6],"0.5833":[-5,0,"math.cos(q.anim_time*400)*4"],"1.2083":[-5,0,5],"1.4167":[2,0,"math.cos(q.anim_time*300)*10"],"1.875":[2,0,0],"2.0":[0,0,0]},"position":{"0.375":[0,0,0],"0.4583":[0,1,0],"0.5417":[0,0,0]}},"support":{"rotation":{"0.25":[0,0,0],"0.2917":[0,0,-10],"0.375":[0,0,0],"1.0":[0,0,0],"1.0417":[0,0,10],"1.125":[0,0,0],"1.5":[0,0,0],"1.5417":[0,0,-10],"1.625":[0,0,0]}}},"sound_effects":{"0.25":{"effect":"fnfal_magout"},"0.5":{"effect":"gun_draw"},"1.0":{"effect":"fnfal_magin"},"1.5417":{"effect":"fnfal_pullback"},"1.75":{"effect":"fnfal_pullforward"}}},"animation.fnfal.fpp_run":{"loop":true,"bones":{"waist":{"rotation":["-33+math.sin(q.anim_time*500)*6.25",-46,30],"position":["-8+math.sin(q.anim_time*500)","-3+math.sin(q.anim_time*1000)",-4]},"support":{"rotation":[0,0,"math.sin(q.anim_time*500)*40"]}}},"animation.fnfal.fire":{"animation_length":0.4167,"blend_weight":"q.is_in_ui ? 0 : 1","bones":{"waist":{"rotation":{"0.0":["(q.is_sneaking)?math.random(-0.1,0.1):math.random(-1,1)","math.random(-0.05,0.05)","math.random(-0.05,0.05)"],"0.0833":[0,0,0]},"position":{"0.0":[0,0,"v.is_first_person?((q.is_sneaking)?1:math.random(2,4)):math.random(0.2,0.4)"],"0.1667":[0,0,0]}},"sight":{"rotation":{"0.0":["-0.5","math.random(-0.05,0.05)","math.random(-0.05,0.05)"],"0.125":[0,0,0]},"position":{"0.0":[0,0,-1],"0.2083":[0,0,0]}},"trigger":{"position":{"0.0":[0,0,1],"0.1667":[0,0,0]}},"body":{"rotation":{"0.0":[0,0,0],"0.1667":[0,"(q.is_sneaking)?2:0.5",0],"0.2917":[0,"(q.is_sneaking)?-2:-0.5",0],"0.375":[0,0,0]}},"pullBack":{"position":{"0.0":[0,0,3.5],"0.125":[0,0,0]}},"sideHandle":{"rotation":{"0.0":[0,0,"math.random(20,60)"],"0.125":[0,0,0],"0.2083":[0,0,"-math.random(2,6)"],"0.2917":[0,0,0]}}},"sound_effects":{"0.0417":{"effect":"bullet_eject_762mm"},"0.3333":{"effect":"bullet_bounce_556mm"}},"particle_effects":{"0.0":[{"effect":"muzzle_flash","locator":"fnfal_muzzle"},{"effect":"muzzle_lensflare","locator":"fnfal_muzzle"},{"effect":"muzzle_smoke_0","locator":"fnfal_muzzle"},{"effect":"casing_medium","locator":"fnfal_case"}],"0.375":{"effect":"muzzle_hot","locator":"fnfal_muzzle"}}},"animation.fnfal.fire.silenced":{"animation_length":0.4167,"blend_weight":"q.is_in_ui ? 0 : 1","bones":{"waist":{"rotation":{"0.0":["(q.is_sneaking)?math.random(-0.1,0.1):math.random(-1,1)","math.random(-0.05,0.05)","math.random(-0.05,0.05)"],"0.0833":[0,0,0]},"position":{"0.0":[0,0,"v.is_first_person?((q.is_sneaking)?1:math.random(2,4)):math.random(0.2,0.4)"],"0.1667":[0,0,0]}},"sight":{"rotation":{"0.0":["-0.5","math.random(-0.05,0.05)","math.random(-0.05,0.05)"],"0.125":[0,0,0]},"position":{"0.0":[0,0,-1],"0.2083":[0,0,0]}},"trigger":{"position":{"0.0":[0,0,1],"0.1667":[0,0,0]}},"body":{"rotation":{"0.0":[0,0,0],"0.1667":[0,"(q.is_sneaking)?0.5:2",0],"0.2917":[0,"(q.is_sneaking)?-0.5:-2",0],"0.375":[0,0,0]}},"pullBack":{"position":{"0.0":[0,0,3.5],"0.125":[0,0,0]}},"sideHandle":{"rotation":{"0.0":[0,0,"math.random(20,60)"],"0.125":[0,0,0],"0.2083":[0,0,"-math.random(2,6)"],"0.2917":[0,0,0]}}},"sound_effects":{"0.0417":{"effect":"bullet_eject_762mm"},"0.3333":{"effect":"bullet_bounce_556mm"}},"particle_effects":{"0.0":[{"effect":"muzzle_smoke_0","locator":"silencer_muzzle"},{"effect":"casing_medium","locator":"fnfal_case"}],"0.375":{"effect":"muzzle_hot","locator":"silencer_muzzle"}}}}}