{"format_version":"1.20.80","animations":{"animation.glock17.fire":{"animation_length":0.4167,"blend_weight":"q.is_in_ui ? 0 : 1","bones":{"waist":{"rotation":{"0.0":[-2,"math.random(-0.05,0.05)","math.random(-0.05,0.05)"],"0.0833":[2,0,0],"0.2083":[0,0,0]},"position":{"0.0":[0,0,"v.is_first_person?math.random(1,2):math.random(0.1,0.2)"],"0.0833":[0,-0.25,-0.35],"0.3333":[0,0,0]}},"trigger":{"position":{"0.0":[0,0,1],"0.1667":[0,0,0]}},"body":{"rotation":{"0.0":[0,0,0],"0.1667":[0,0,-1],"0.2917":[0,0.05,1],"0.375":[0,0,0]}},"slide":{"position":{"0.0":[0,0,2],"0.125":[0,0,0]}},"gun":{"rotation":{"0.0":[-4,"math.random(-0.25,0.25)","math.random(-0.25,0.25)"],"0.1667":[0,0,0]}}},"sound_effects":{"0.0417":{"effect":"bullet_eject_9mm"},"0.3333":{"effect":"bullet_bounce_9mm"}},"particle_effects":{"0.0":[{"effect":"muzzle_flash","locator":"glock17_muzzle","pre_effect_script":"v.size = 0.2; v.amount = 6; v.acceleration = 4;"},{"effect":"muzzle_lensflare","locator":"glock17_muzzle","pre_effect_script":"v.size = 5;"},{"effect":"muzzle_smoke_1","locator":"glock17_muzzle"},{"effect":"casing_short","locator":"glock17_case"}],"0.2917":{"effect":"muzzle_hot","locator":"glock17_muzzle"}}},"animation.glock17.fire.silenced":{"animation_length":0.4167,"blend_weight":"q.is_in_ui ? 0 : 1","bones":{"waist":{"rotation":{"0.0":[-2,"math.random(-0.05,0.05)","math.random(-0.05,0.05)"],"0.0833":[2,0,0],"0.2083":[0,0,0]},"position":{"0.0":[0,0,"v.is_first_person?math.random(1,2):math.random(0.1,0.2)"],"0.0833":[0,-0.25,-0.35],"0.3333":[0,0,0]}},"trigger":{"position":{"0.0":[0,0,1],"0.1667":[0,0,0]}},"body":{"rotation":{"0.0":[0,0,0],"0.1667":[0,0,-1],"0.2917":[0,0.05,1],"0.375":[0,0,0]}},"slide":{"position":{"0.0":[0,0,2],"0.125":[0,0,0]}},"gun":{"rotation":{"0.0":[-4,"math.random(-0.25,0.25)","math.random(-0.25,0.25)"],"0.1667":[0,0,0]}}},"sound_effects":{"0.0417":{"effect":"bullet_eject_9mm"},"0.3333":{"effect":"bullet_bounce_9mm"}},"particle_effects":{"0.0":[{"effect":"muzzle_smoke_1","locator":"silencer_muzzle"},{"effect":"casing_short","locator":"glock17_case"}],"0.2917":{"effect":"muzzle_hot","locator":"silencer_muzzle"}}}}}