{"format_version":"1.8.0","animations":{"animation.m249.item":{"loop":true,"bones":{"gun":{"rotation":[90,0,0],"position":[-5.5,13.8,-1.4],"scale":0.6},"bullet__0":{"scale":"v.is_reloading ? 1 : (q.property('gun:ammo') >= 7)"},"bullet__1":{"scale":"v.is_reloading ? 1 : (q.property('gun:ammo') >= 6)"},"bullet__2":{"scale":"v.is_reloading ? 1 : (q.property('gun:ammo') >= 5)"},"bullet__3":{"scale":"v.is_reloading ? 1 : (q.property('gun:ammo') >= 4)"},"bullet__4":{"scale":"v.is_reloading ? 1 : (q.property('gun:ammo') >= 3)"},"bullet__5":{"scale":"v.is_reloading ? 1 : (q.property('gun:ammo') >= 2)"},"bullet__6":{"scale":"v.is_reloading ? 1 : (q.property('gun:ammo') >= 1)"},"acog":{"position":[0,5.1,-3]},"eotech":{"position":[0,5,-4]},"scope":{"position":[0,5,-4]},"laser":{"position":[2,2.4,-26],"scale":1.035},"handler":{"rotation":["math.clamp(-q.target_x_rotation,-30,30)",0,0]}}},"animation.m249.fpp_ads":{"loop":true,"bones":{"waist":{"rotation":[-0.2,0,0],"position":[3.8,"v.sight?0.1:0.8",0]}}},"animation.m249.fpp_hold":{"loop":"hold_on_last_frame","animation_length":2,"anim_time_update":"q.anim_time+q.delta_time*0.1","bones":{"root":{"rotation":[0,180,0]},"leftArm":{"rotation":[-84,60,48],"position":[-2.3,-4.2,-11]},"rightArm":{"rotation":[-90,0,0],"position":[1.5,-1,2]},"body":{"rotation":["q.is_sneaking?0:math.sin(q.anim_time-q.life_time*100)*0.2","q.is_sneaking?0:math.cos(q.anim_time-q.life_time*200)*0.4","q.is_sneaking?0:math.cos(q.anim_time-q.life_time*80)*0.4"]}}},"animation.m249.fpp_draw":{"loop":"hold_on_last_frame","animation_length":2,"bones":{"root":{"rotation":[0,180,0]},"leftArm":{"rotation":[-84,60,48],"position":[-2.3,-4.2,-11]},"rightArm":{"rotation":[-90,0,0],"position":[1.5,-1,2]},"body":{"rotation":{"0.7083":[0,0,0],"0.7917":[-2,0,0],"0.9167":[0,0,0]},"position":{"0.7083":[0,0,0],"0.7917":[0,-0.25,1],"0.9167":[0,0,0],"1.2083":[0,0,0],"1.2917":[0,-0.25,-0.25],"1.4167":[0,0,0]}},"waist":{"rotation":{"0.0":{"post":[25,0,10],"lerp_mode":"catmullrom"},"0.1667":{"post":[-4,-4,5],"lerp_mode":"catmullrom"},"0.2917":{"post":[-4,-4,5],"lerp_mode":"catmullrom"},"0.4167":{"post":[2,-2,4],"lerp_mode":"catmullrom"},"0.5417":{"post":[1,-2,4],"lerp_mode":"catmullrom"},"0.7083":{"post":[2,-2,4],"lerp_mode":"catmullrom"},"0.7917":{"post":[1,-3,4],"lerp_mode":"catmullrom"},"1.0":{"post":[2,-2,4],"lerp_mode":"catmullrom"}},"position":{"0.0":{"post":[0,-1,0],"lerp_mode":"catmullrom"},"0.1667":{"post":[0,-2,0],"lerp_mode":"catmullrom"},"0.2917":{"post":[0,-1,2],"lerp_mode":"catmullrom"},"0.4167":{"post":[0,-1,1],"lerp_mode":"catmullrom"},"0.5417":{"post":[0,-1.5,1],"lerp_mode":"catmullrom"},"0.7083":{"post":[0,-1,1],"lerp_mode":"catmullrom"},"0.7917":{"post":[0,-2,1],"lerp_mode":"catmullrom"},"1.0":{"post":[0,-1,1],"lerp_mode":"catmullrom"}}},"rightArmExtra":{"rotation":{"0.4167":{"pre":[0,0,0],"post":[0,0,0],"lerp_mode":"catmullrom"},"0.625":{"post":[-10,0,-5],"lerp_mode":"catmullrom"},"0.7083":{"post":[-10,0,-5],"lerp_mode":"catmullrom"},"0.9167":{"post":[-10,0,-5],"lerp_mode":"catmullrom"},"1.0":{"post":[-10,0,-5],"lerp_mode":"catmullrom"},"1.25":{"post":[-10,0,-5],"lerp_mode":"catmullrom"},"1.3333":{"post":[-10,0,-5],"lerp_mode":"catmullrom"}},"position":{"0.4167":{"pre":[0,0,0],"post":[0,0,0],"lerp_mode":"catmullrom"},"0.625":{"post":[-3,-4,-1],"lerp_mode":"catmullrom"},"0.7083":{"post":[-3,-4,-1],"lerp_mode":"catmullrom"},"0.9167":{"post":[-3,-2.25,-1],"lerp_mode":"catmullrom"},"1.0":{"post":[-3,-2.25,-1],"lerp_mode":"catmullrom"},"1.25":{"post":[-3,-4,-1],"lerp_mode":"catmullrom"},"1.3333":{"post":[-3,-4,-1],"lerp_mode":"catmullrom"}}},"pullBack":{"position":{"0.7083":[0,0,0],"0.9167":[0,0,3],"1.0":[0,0,3],"1.25":[0,0,0],"1.3333":[0,0,0]}}}},"animation.m249.fpp_reload":{"loop":"hold_on_last_frame","animation_length":5.2917,"bones":{"root":{"rotation":[0,180,0]},"leftArm":{"rotation":{"0.0":[-84,60,48],"0.2083":[-190,6,-47],"0.25":[-190,6,-47],"0.5":[-150,6,-44],"1.375":[-150,11,-40],"1.75":[-150,11,-40],"1.9167":[-130,46,-40],"3.125":[-130,46,-40],"3.2917":[-150,11,-52.5],"3.4167":[-150,11,-52.5],"3.5833":[-150,11,-100],"3.625":[-150,11,-100],"3.7083":[-150,11,-102.5],"3.7917":[-150,11,-100],"3.9167":[-150,6,-44],"4.125":[-190,6,-47],"4.1667":[-190,6,-47],"4.375":[-84,60,48]},"position":{"0.0":[-2.3,-4.2,-11],"0.125":[-2.3,-4.7,-11],"0.25":[-2.3,-1.2,-11],"0.5":[-2.3,2.8,-11],"1.5833":[-2.3,2.8,-11],"1.875":[1.7,-2.2,-6],"1.9583":[1.7,-2.2,-6],"2.0833":[2.7,-2.2,-6],"2.375":[6.99164,-11.42528,-6.68987],"2.6667":[6.99,-11.43,-6.69],"2.9167":[2.93706,-3.16814,-6.08062],"3.0417":[1.7,-2.2,-6],"3.1667":[1.7,-2.2,-6],"3.2917":[1.73795,-2.11099,-6.99531],"3.4167":[1.0135,0.79173,-6.77166],"3.5833":[-0.45295,6.59159,-6.32134],"3.625":[-0.45,6.59,-6.32],"3.7083":[-0.45,6.59,-6.32],"3.9167":[-2.3,2.8,-11],"4.125":[-2.3,-1.2,-11],"4.25":[-2.3,-4.7,-11],"4.375":[-2.3,-4.2,-11]}},"rightArm":{"rotation":[-90,0,0],"position":[1.5,-1,2]},"body":{"rotation":{"0.0":["math.sin(q.anim_time-q.life_time*100)*0.2","math.cos(q.anim_time-q.life_time*200)*0.4","math.cos(q.anim_time-q.life_time*260)*10"],"2.2083":["math.sin(q.anim_time-q.life_time*100)*0.4","math.cos(q.anim_time-q.life_time*200)*0.8","math.cos(q.anim_time-q.life_time*80)*0.8"],"3.5417":["math.sin(q.anim_time-q.life_time*100)*0.4","math.cos(q.anim_time-q.life_time*200)*0.8","math.cos(q.anim_time-q.life_time*80)*0.8"],"3.625":[0,0,-8],"3.75":["math.sin(q.anim_time-q.life_time*100)*0.4","math.cos(q.anim_time-q.life_time*200)*0.8","math.cos(q.anim_time-q.life_time*80)*0.8"],"4.0833":["math.sin(q.anim_time-q.life_time*100)*0.4","math.cos(q.anim_time-q.life_time*200)*0.8","math.cos(q.anim_time-q.life_time*80)*0.8"],"4.1667":[0,0,-8],"4.2917":["math.sin(q.anim_time-q.life_time*100)*0.4","math.cos(q.anim_time-q.life_time*200)*0.8","math.cos(q.anim_time-q.life_time*80)*0.8"],"4.625":["math.sin(q.anim_time-q.life_time*100)*0.4","math.cos(q.anim_time-q.life_time*200)*0.8","math.cos(q.anim_time-q.life_time*80)*0.8"],"4.7917":[-5,0,0],"4.9167":[-2.66,-0.08,4],"5.0417":["math.sin(q.anim_time-q.life_time*100)*0.4","math.cos(q.anim_time-q.life_time*200)*0.8","math.cos(q.anim_time-q.life_time*80)*0.8"]}},"waist":{"rotation":{"0.0":[0,0,0],"0.1667":[0,0,2],"0.25":[0,0,2],"0.5":[0,-2,2],"0.625":[2,0,5],"0.7083":[3,0,7],"0.875":[4,0,10],"0.9583":[5,0,13],"1.1667":[5,0,18],"1.2917":[5,2,19],"1.4167":[5,0,18],"1.5417":[5,2,19],"1.6667":[2,2,14],"1.7917":[-1,2,14],"1.9583":[2,2,14],"2.0417":[2,2,10],"2.0833":[2,2,10],"2.2083":[2,2,14],"2.75":[2,2,14],"2.9167":[2,2,10],"2.9583":[2,2,10],"3.0833":[2,2,6],"3.2083":[2,2,10],"4.75":[2,2,10],"4.9167":[0,0,0]},"position":{"0.0":[0,0,0],"0.125":[0,0,1],"0.5":[0.5,0,1],"0.625":[0.5,0.25,1],"0.7083":[0.5,0.75,1],"0.875":[0.5,0.2,1],"0.9583":[0.5,0.5,1],"1.1667":[0.5,1,1],"1.25":[0.5,0,1],"1.4167":[0.5,1,1],"1.5":[0.5,0,1],"1.6667":[0,-0.25,1.25],"1.7917":[0,-1,1.25],"1.9167":[0,0,1.25],"2.0833":[0,0,1.25],"2.1667":[0,-1,1.25],"2.375":[0,0,1.25],"2.75":[0,0,1.25],"2.9167":[0,0.25,1.25],"2.9583":[0,0.25,1.25],"3.0":[-0.15,0.25,1.25],"3.125":[0,0.25,1.25],"3.5417":[0,0.25,1.25],"3.625":[0,-0.25,1.25],"3.7917":[0,0.25,1.25],"4.0833":[0,0.25,1.25],"4.1667":[0,-0.25,1.25],"4.3333":[0,0.25,1.25],"4.625":[0,0.25,1.25],"4.7917":[0,-2,1.25],"5.0417":[0,0.25,1.25],"5.2917":[0,0,0]}},"rightArmExtra":{"rotation":{"4.4167":[0,0,0],"4.625":[-24,-16,6],"4.75":[-24,-6,6],"4.9583":[-24,-6,6],"5.0833":[-24,-16,6],"5.2917":[0,0,0]},"position":{"4.4167":[0,0,0],"4.625":[-2,-6,1],"4.75":[-2,-4,1],"4.9583":[-2,-4,1],"5.1667":[-2,-6,1],"5.2917":[0,0,0]}},"mag":{"position":{"1.9583":[0,0,0],"2.0833":[1,0,0],"2.375":[7.43746,-13.83793,-1.03481],"2.6667":[7.44,-13.84,-1.03],"2.9583":[1,0,0],"3.0417":[0,0,0]}},"ammo":{"rotation":{"1.5":[0,0,0],"1.6667":[0,0,28],"1.7917":[0,0,40],"2.5":[0,0,0]},"position":{"1.5":[0,0,0],"1.6667":[1,0,0],"2.0":[18,-40,0],"2.5":[0.43806,-6.04346,-0.53351],"3.2917":[0.44,-6.04,-0.53],"3.4167":[0,0,0]},"scale":{"1.9583":[1,1,1],"2.0":[0,0,0],"2.4583":[0,0,0],"2.5":[1,1,1]}},"bullet_0":{"rotation":{"1.125":[0,0,0],"1.25":[0,0,20],"1.4583":[0,0,65],"2.5":[0,0,0]}},"bullet_1":{"rotation":{"1.1667":[0,0,0],"1.2917":[0,0,45],"1.5":[0,0,72.5],"2.5":[0,0,32.5],"3.4167":[0,0,32.5],"3.5833":[0,0,0]}},"bullet_2":{"rotation":{"1.25":[0,0,0],"1.375":[0,0,60],"1.4583":[0,0,57.5],"2.5":[0,0,25],"3.4167":[0,0,25],"3.5833":[0,0,0]}},"bullet_3":{"rotation":{"1.2083":[0,0,0],"1.3333":[0,0,65],"1.5417":[0,0,72.5],"1.8333":[0,0,22.5],"2.5":[0,0,17.5],"3.4167":[0,0,17.5],"3.5833":[0,0,0]}},"bullet_4":{"rotation":{"1.2917":[0,0,0],"1.4167":[0,0,75],"1.5833":[0,0,10],"2.5":[0,0,20],"3.4167":[0,0,20],"3.5833":[0,0,0]}},"bullet_5":{"rotation":{"1.375":[0,0,0],"1.5417":[0,0,50],"1.7083":[0,0,30],"1.8333":[0,0,70],"2.5":[0,0,15],"3.4167":[0,0,15],"3.5833":[0,0,0]}},"bullet_6":{"rotation":{"0.0":[0,0,0],"2.5":[0,0,52.5],"3.4167":[0,0,52.5],"3.5833":[0,0,0]}},"bodyCover":{"rotation":{"0.25":[0,0,0],"0.5":[100,0,0],"3.9167":[100,0,0],"4.125":[0,0,0]}},"pullBack":{"position":{"4.625":[0,0,0],"4.75":[0,0,3],"4.9583":[0,0,3],"5.1667":[0,0,0]}},"bullet__0":{"scale":{"0.0":["q.property('gun:ammo')>=7","q.property('gun:ammo')>=7","q.property('gun:ammo')>=7"],"2.5":["q.property('gun:ammo')>=7","q.property('gun:ammo')>=7","q.property('gun:ammo')>=7"],"2.5417":[1,1,1]}},"bullet__1":{"scale":{"0.0":["q.property('gun:ammo')>=6","q.property('gun:ammo')>=6","q.property('gun:ammo')>=6"],"2.5":["q.property('gun:ammo')>=6","q.property('gun:ammo')>=6","q.property('gun:ammo')>=6"],"2.5417":[1,1,1]}},"bullet__2":{"scale":{"0.0":["q.property('gun:ammo')>=5","q.property('gun:ammo')>=5","q.property('gun:ammo')>=5"],"2.5":["q.property('gun:ammo')>=5","q.property('gun:ammo')>=5","q.property('gun:ammo')>=5"],"2.5417":[1,1,1]}},"bullet__3":{"scale":{"0.0":["q.property('gun:ammo')>=4","q.property('gun:ammo')>=4","q.property('gun:ammo')>=4"],"2.5":["q.property('gun:ammo')>=4","q.property('gun:ammo')>=4","q.property('gun:ammo')>=4"],"2.5417":[1,1,1]}},"bullet__4":{"scale":{"0.0":["q.property('gun:ammo')>=3","q.property('gun:ammo')>=3","q.property('gun:ammo')>=3"],"2.5":["q.property('gun:ammo')>=3","q.property('gun:ammo')>=3","q.property('gun:ammo')>=3"],"2.5417":[1,1,1]}},"bullet__5":{"scale":{"0.0":["q.property('gun:ammo')>=2","q.property('gun:ammo')>=2","q.property('gun:ammo')>=2"],"2.5":["q.property('gun:ammo')>=2","q.property('gun:ammo')>=2","q.property('gun:ammo')>=2"],"2.5417":[1,1,1]}},"bullet__6":{"scale":{"0.0":["q.property('gun:ammo')>=1","q.property('gun:ammo')>=1","q.property('gun:ammo')>=1"],"2.5":["q.property('gun:ammo')>=1","q.property('gun:ammo')>=1","q.property('gun:ammo')>=1"],"2.5417":[1,1,1]}},"sideHandle":{"rotation":{"4.6667":[0,0,0],"4.7917":[-2.5,0,0],"4.875":[0,0,0],"4.9583":[-7.5,0,0],"5.0417":[-7.5,0,0],"5.125":[2.5,0,0],"5.2083":[0,0,0]}},"handler_0":{"rotation":{"0.0":[0,0,0],"0.2083":[-5,5,0],"0.4583":[0,0,0],"0.5417":[-7.5,4.5,-2],"0.6667":[-15,17,-4],"0.7917":[0,0,0],"1.1667":[0,0,0],"1.2917":[0,-10,0],"1.4167":[0,0,0],"1.5417":[0,-22.5,0],"1.6667":[0,0,0],"1.7917":[4.8713,-17.47227,-0.65748],"3.5417":[4.8713,-17.47227,-0.65748],"3.6667":[0,-10,0],"3.7917":[0,0,0],"4.0":[0,0,0],"4.6667":[0,0,0],"4.7917":[-0.76389,-2.37842,1.46804],"4.9167":[4.26016,-7.37799,1.53789],"5.0833":[0,0,0]}},"handler_1":{"rotation":{"0.2083":[-5,10,0],"0.4583":[0,0,0],"0.5417":[-2.5,19.5,-2],"0.6667":[-15,17,-4],"0.7917":[0,0,0],"1.1667":[0,0,0],"1.2917":[-12.5,0,0],"1.4167":[0,0,0],"1.5417":[10,0,0],"1.6667":[0,0,0],"1.7917":[7.6626,-2.47816,-0.3677],"3.5417":[7.6626,-2.47816,-0.3677],"3.6667":[-12.5,0,0],"3.7917":[0,0,0],"4.0":[0,0,0],"4.6667":[0,0,0],"4.7917":[-10.73984,-7.37799,1.53789],"4.9167":[4.26016,-7.37799,1.53789],"5.0833":[0,0,0]}}}},"animation.m249.fpp_inspect":{"animation_length":1.25,"anim_time_update":"q.anim_time+q.delta_time*0.4","bones":{"body":{"rotation":{"0.0":[0,0,0],"0.125":[-17.5,-18.2,-35.8],"0.1875":[-17.5,-18.2,-38.2],"0.25":[-17.5,-18.2,-32.7],"0.3125":[-17.5,-18.2,-38.2],"0.5":[-17.5,-18.2,-38.2],"0.6875":[-26,-3,40.5],"0.75":[-26,-3,38],"0.8125":[-23.5,-3,45.5],"0.875":[-26,-3,38],"1.125":[-26,-3,38],"1.1875":[0,0,-2.5],"1.25":[0,0,0]},"position":{"0.0":[0,0,0],"0.125":[0,1,0],"0.1875":[0,0,0],"0.5":[0,0,0],"0.6875":[0,-3,0],"0.75":[0,-4,0],"1.125":[0,-4,0],"1.1875":[0,-1,2],"1.25":[0,0,0]}},"leftArm":{"rotation":{"0.0":[0,0,0],"0.1875":[40,10,50],"0.5":[40,10,50],"0.6875":[0,0,0],"1.125":[0,0,0],"1.25":[0,0,0]},"position":{"0.0":[0,0,0],"0.1875":[0,-19,0],"0.5":[0,-19,0],"0.6875":[0,0,0]}}},"sound_effects":{"0.0":{"effect":"gun_inspect_0"},"0.125":{"effect":"gun_inspect_1"},"0.6875":{"effect":"gun_inspect_2"},"1.125":{"effect":"gun_inspect_3"}}},"animation.m249.fpp_run":{"loop":true,"bones":{"waist":{"rotation":["-33+math.sin(q.anim_time*500)*6.25",-46,30],"position":["-8+math.sin(q.anim_time*500)","-3+math.sin(q.anim_time*1000)",-4]}}},"animation.m249.fire":{"animation_length":0.5,"blend_weight":"q.is_in_ui ? 0 : 1","bones":{"waist":{"rotation":{"0.0":[0,0,0],"0.0833":["v.is_first_person?(q.is_sneaking?-0.6:-1.6):-0.16",0,0],"0.2083":[0,0,0]},"position":{"0.0":[0,0,"v.is_first_person?(q.is_sneaking?1:2):0.2"],"0.125":[0,"v.is_first_person&&!q.is_sneaking?-1:0",0],"0.2917":[0,0,0]}},"trigger":{"position":{"0.0":[0,0,1],"0.1667":[0,0,0]}},"pullBack":{"position":{"0.0":[0,0,3.5],"0.125":[0,0,0]}},"sideHandleBase":{"rotation":{"0.0":[0,0,4],"0.125":[0,0,0],"0.25":[0,0,4],"0.375":[0,0,0]}},"ammo":{"position":{"0.0":[0,0,0],"0.0833":[-0.5,0,0],"0.2083":[0,0,0]}},"bullet_0":{"position":{"0.0":[0,-0.25,0],"0.0833":[0,0,0]}},"bullet_1":{"position":{"0.0":[0,-0.25,0],"0.0833":[0,0,0]}},"bullet_2":{"position":{"0.0":[0,-0.25,0],"0.0833":[0,0,0]}},"bullet_3":{"position":{"0.0":[0,-0.25,0],"0.0833":[0,0,0]}},"bullet_4":{"position":{"0.0":[0,-0.25,0],"0.0833":[0,0,0]}},"bullet_5":{"position":{"0.0":[0,-0.25,0],"0.0833":[0,0,0]}},"bullet_6":{"position":{"0.0":[0,-0.25,0],"0.0833":[0,0,0]}},"handler_0":{"rotation":{"0.0":[0,0,0],"0.125":[-20,12,-2],"0.25":[-15,17,-4],"0.375":[0,0,0]}},"handler_1":{"rotation":{"0.0":[0,0,0],"0.125":[-10,12,-2],"0.25":[-15,17,-4],"0.375":[0,0,0]}},"sideHandle":{"rotation":{"0.0":[0,0,0],"0.125":[-4,0,0],"0.25":[2,0,0],"0.375":[-6,0,0]}}},"sound_effects":{"0.0417":{"effect":"bullet_eject_556mm"},"0.375":{"effect":"bullet_bounce_556mm"}},"particle_effects":{"0.0":[{"effect":"muzzle_flash","locator":"m249_muzzle","pre_effect_script":"v.size = math.random(0.2, 0.8);v.amount = 14;v.air_drag = 1;"},{"effect":"muzzle_lensflare","locator":"m249_muzzle","pre_effect_script":"v.size = 15;"},{"effect":"muzzle_smoke_0","locator":"m249_muzzle"},{"effect":"casing_medium","locator":"m249_case"}],"0.375":{"effect":"muzzle_hot","locator":"m249_muzzle"}}},"animation.m249.walk":{"loop":true,"anim_time_update":"q.modified_distance_moved","bones":{"ammo":{"rotation":["math.cos(q.anim_time*100)*0.1","math.sin(q.anim_time*100)*0.15",0]},"bullet_0":{"position":[0,"math.cos(q.anim_time*100)*0.06",0]},"bullet_1":{"position":[0,"math.cos(q.anim_time*100)*0.06",0]},"bullet_2":{"position":[0,"math.cos(q.anim_time*100)*0.06",0]},"bullet_3":{"position":[0,"math.cos(q.anim_time*100)*0.06",0]},"bullet_4":{"position":[0,"math.cos(q.anim_time*100)*0.06",0]},"bullet_5":{"position":[0,"math.cos(q.anim_time*100)*0.06",0]},"bullet_6":{"position":[0,"math.cos(q.anim_time*100)*0.06",0]},"sideHandleBase":{"rotation":["math.cos(q.anim_time*100)*1.2","math.cos(q.anim_time*100)*0.5",0]}}}}}