{"format_version":"1.18.20","animations":{"animation.m4a1.item":{"loop":true,"bones":{"gun":{"rotation":[90,0,0],"position":[-5,13.8,-1.5],"scale":0.6},"acog":{"position":[0,5.1,-2]},"eotech":{"position":[0,5,-4]},"scope":{"position":[0,5,-4]},"grip":{"position":[0,-7,-14]},"laser":{"rotation":[-0.5,2,0],"position":[2,2.5,-17.5]},"silencer":{"position":[0,3.3,-33.9]}}},"animation.m4a1.fpp_ads":{"loop":true,"bones":{"waist":{"rotation":[-0.2,0,0],"position":[2.535,"v.sight?0.08:0.18",0]}}},"animation.m4a1.fpp_hold":{"loop":"hold_on_last_frame","animation_length":2,"anim_time_update":"q.anim_time+q.delta_time*0.1","bones":{"root":{"rotation":[0,180,0]},"leftArm":{"rotation":[-120,22,-22],"position":[-3.4,"v.grip?-4:-3",-7]},"rightArm":{"rotation":[-90,0,0],"position":[2.5,-1,3]},"body":{"rotation":["q.is_sneaking?0:math.sin(q.anim_time-q.life_time*100)*0.2","q.is_sneaking?0:math.cos(q.anim_time-q.life_time*200)*0.4","q.is_sneaking?0:math.cos(q.anim_time-q.life_time*80)*0.4"]}}},"animation.m4a1.fpp_inspect":{"animation_length":1.25,"anim_time_update":"q.anim_time+q.delta_time*0.4","bones":{"body":{"rotation":{"0.0":[0,0,0],"0.125":[-17.5,-18.2,-35.8],"0.1875":[-17.5,-18.2,-38.2],"0.25":[-17.5,-18.2,-32.7],"0.3125":[-17.5,-18.2,-38.2],"0.5":[-17.5,-18.2,-38.2],"0.6875":[-26,-3,40.5],"0.75":[-26,-3,38],"0.8125":[-23.5,-3,45.5],"0.875":[-26,-3,38],"1.125":[-26,-3,38],"1.1875":[0,0,-2.5],"1.25":[0,0,0]},"position":{"0.0":[0,0,0],"0.125":[0,1,0],"0.1875":[0,0,0],"0.5":[0,0,0],"0.6875":[0,-3,0],"0.75":[0,-4,0],"1.125":[0,-4,0],"1.1875":[0,-1,2],"1.25":[0,0,0]}},"leftArm":{"rotation":{"0.0":[0,0,0],"0.1875":[40,10,50],"0.5":[40,10,50],"0.6875":[0,0,0],"1.125":[0,0,0],"1.25":[0,0,0]},"position":{"0.0":[0,0,0],"0.1875":[0,-19,0],"0.5":[0,-19,0],"0.6875":[0,0,0]}}},"sound_effects":{"0.0":{"effect":"gun_inspect_0"},"0.125":{"effect":"gun_inspect_1"},"0.6875":{"effect":"gun_inspect_2"},"1.125":{"effect":"gun_inspect_3"}}},"animation.m4a1.fpp_reload":{"loop":"hold_on_last_frame","animation_length":2.4167,"bones":{"root":{"rotation":[0,180,0]},"waist":{"rotation":{"1.4167":[0,0,0],"1.4583":[0,0.25,0],"1.5417":[0,0,0]},"position":{"0.2083":[0,0,0],"0.25":[0,-0.25,0],"0.375":[0,0,0],"1.4167":[0,0,0],"1.4583":[0,0.25,0],"1.5417":[0,0,0],"1.7917":[0,0,0],"1.875":[0,0,2],"2.0417":[0,0,0]}},"leftArm":{"rotation":{"0.0":[-120,22,-22],"0.1667":[-100,30,0],"1.625":[-100,30,29.31],"1.7917":[-120,30,10],"2.0417":[-120,30,10],"2.2917":[-139,16,-8],"2.4167":[-120,22,-22]},"position":{"0.0":[-3.4,"v.grip?-4:-3",-7],"0.5417":[-5,-16.8,-1],"1.2083":[-5,-16.8,-1],"1.4167":[-5,-6.8,-1],"1.5":[-5,-6.4,-1],"1.625":[-5,-6.8,-1],"1.7917":[-4.5,-2,4],"1.875":[-4.5,-2,6],"2.0417":[-1.5,-4,5],"2.4167":[-3.4,"v.grip?-4:-3",-7]}},"rightArm":{"rotation":[-90,0,0],"position":[2.5,-1,3]},"mag":{"rotation":{"0.25":[0,0,0],"0.375":[0,0,-100],"1.2083":[0,0,0]},"position":{"0.25":[0,0,0],"0.375":[5,-7.5,0],"0.6667":[0,-17,0],"1.2083":[0,-18.72,0],"1.4167":[0,0,0]}},"pullBack":{"position":{"1.7917":[0,0,0],"1.875":[0,0,3],"2.0417":[0,0,0]}},"body":{"rotation":{"0.0":[0,0,0.01],"0.0833":[0,0,"math.cos(q.anim_time*300)*10-12"],"0.375":[0,0,-40],"0.5833":[-15,0,"math.cos(q.anim_time*400)*4"],"1.1667":[5,0,5],"1.375":[5,0,"math.cos(q.anim_time*300)*10+5"],"1.7083":[5,0,5],"1.8333":[5,0,5]},"position":{"0.375":[0,0,0],"0.4583":[0,1,0],"0.5417":[0,0,0]}},"bullet_0":{"scale":{"0.0":[0,0,0],"1.1667":[0,0,0],"1.2083":[1,1,1]}}},"sound_effects":{"0.25":{"effect":"m4a1_magout"},"0.5833":{"effect":"gun_draw"},"1.4167":{"effect":"m4a1_magin"},"1.7917":{"effect":"m4a1_pullback"},"1.9583":{"effect":"m4a1_pullforward"}}},"animation.m4a1.fpp_run":{"loop":true,"bones":{"waist":{"rotation":["-33+math.sin(q.anim_time*500)*6.25",-46,30],"position":["-8+math.sin(q.anim_time*500)","-3+math.sin(q.anim_time*1000)",-4]}}},"animation.m4a1.fire":{"animation_length":0.4167,"blend_weight":"q.is_in_ui ? 0 : 1","bones":{"waist":{"rotation":{"0.0":["(q.is_sneaking||v.grip)?0.5:-1","math.random(-0.05,0.05)","math.random(-0.05,0.05)"],"0.0833":[0,0,0]},"position":{"0.0":[0,0,"v.is_first_person?((q.is_sneaking||v.grip)?1:math.random(1,2)):math.random(0.1,0.2)"],"0.1667":[0,0,0]}},"sight":{"rotation":{"0.0":["-0.5","math.random(-0.05,0.05)","math.random(-0.05,0.05)"],"0.125":[0,0,0]},"position":{"0.0":[0,0,-1],"0.2083":[0,0,0]}},"trigger":{"position":{"0.0":[0,0,1],"0.1667":[0,0,0]}},"body":{"rotation":{"0.0":[0,0,0],"0.1667":[0,-0.1,1],"0.2917":[0,0.1,-1],"0.375":[0,0,0]}},"bulletCase":{"position":{"0.0":[0,0,3.5],"0.125":[0,0,0]}}},"sound_effects":{"0.0417":{"effect":"bullet_eject_556mm"},"0.375":{"effect":"bullet_bounce_556mm"}},"particle_effects":{"0.0":[{"effect":"muzzle_flash","locator":"m4a1_muzzle"},{"effect":"muzzle_lensflare","locator":"m4a1_muzzle"},{"effect":"muzzle_smoke_0","locator":"m4a1_muzzle"},{"effect":"casing_medium","locator":"m4a1_case"}],"0.375":{"effect":"muzzle_hot","locator":"m4a1_muzzle"}}},"animation.m4a1.fire.silenced":{"animation_length":0.4167,"blend_weight":"q.is_in_ui ? 0 : 1","bones":{"waist":{"rotation":{"0.0":["(q.is_sneaking||v.grip)?0.5:-1","math.random(-0.05,0.05)","math.random(-0.05,0.05)"],"0.0833":[0,0,0]},"position":{"0.0":[0,0,"v.is_first_person?((q.is_sneaking||v.grip)?1:math.random(1,2)):math.random(0.1,0.2)"],"0.1667":[0,0,0]}},"sight":{"rotation":{"0.0":["-0.5","math.random(-0.05,0.05)","math.random(-0.05,0.05)"],"0.125":[0,0,0]},"position":{"0.0":[0,0,-1],"0.2083":[0,0,0]}},"trigger":{"position":{"0.0":[0,0,1],"0.1667":[0,0,0]}},"body":{"rotation":{"0.0":[0,0,0],"0.1667":[0,-0.1,1],"0.2917":[0,0.1,-1],"0.375":[0,0,0]}},"bulletCase":{"position":{"0.0":[0,0,3.5],"0.125":[0,0,0]}}},"sound_effects":{"0.0417":{"effect":"bullet_eject_556mm"},"0.375":{"effect":"bullet_bounce_556mm"}},"particle_effects":{"0.0":[{"effect":"muzzle_smoke_0","locator":"silencer_muzzle"},{"effect":"casing_medium","locator":"m4a1_case"}],"0.375":{"effect":"muzzle_hot","locator":"silencer_muzzle"}}}}}