{"format_version":"1.18.20","animations":{"animation.mossberg.item":{"loop":true,"bones":{"gun":{"rotation":[90,0,0],"position":[-5,14,-2],"scale":0.6}}},"animation.mossberg.fpp_ads":{"loop":true,"bones":{"waist":{"rotation":[-0.5,0,0],"position":[2.535,"v.is_reloading?0.08:1",0]}}},"animation.mossberg.fpp_draw":{"loop":"hold_on_last_frame","animation_length":0.33333,"bones":{"root":{"rotation":[0,180,0]},"leftArm":{"rotation":{"0.0":[-100,30,0],"0.25":[-100,30,34]},"position":{"0.0":[3,-6,6],"0.2917":[-5,-3,-8]}},"rightArm":{"rotation":[-90,0,0],"position":[1.5,-1,2]},"body":{"rotation":{"0.0":[-25,0,15],"0.1667":[-5,0,10],"0.25":[0.25,0,0],"0.2917":[2.5,0,0],"0.3333":[0,0,0]},"position":{"0.0":[0,-15,3],"0.1667":[0,0,3],"0.25":[0,0,2],"0.3333":[0,0,0]}}}},"animation.mossberg.fpp_hold":{"loop":"hold_on_last_frame","animation_length":2,"anim_time_update":"q.anim_time+q.delta_time*0.1","bones":{"root":{"rotation":[0,180,0]},"leftArm":{"rotation":[-114,20,-21],"position":[-4.25,-3.25,-7]},"rightArm":{"rotation":[-90,0,0],"position":[2.5,-1,3]},"body":{"rotation":["q.is_sneaking?0:math.sin(q.anim_time-q.life_time*100)*0.2","q.is_sneaking?0:math.cos(q.anim_time-q.life_time*200)*0.4","q.is_sneaking?0:math.cos(q.anim_time-q.life_time*80)*0.4"]}}},"animation.mossberg.fpp_inspect":{"animation_length":1.25,"anim_time_update":"q.anim_time+q.delta_time*0.4","bones":{"body":{"rotation":{"0.0":[0,0,0],"0.125":[-17.5,-18.2,-35.8],"0.1875":[-17.5,-18.2,-38.2],"0.25":[-17.5,-18.2,-32.7],"0.3125":[-17.5,-18.2,-38.2],"0.5":[-17.5,-18.2,-38.2],"0.6875":[-26,-3,40.5],"0.75":[-26,-3,38],"0.8125":[-23.5,-3,45.5],"0.875":[-26,-3,38],"1.125":[-26,-3,38],"1.1875":[0,0,-2.5],"1.25":[0,0,0]},"position":{"0.0":[0,0,0],"0.125":[0,1,0],"0.1875":[0,0,0],"0.5":[0,0,0],"0.6875":[0,-3,0],"0.75":[0,-4,0],"1.125":[0,-4,0],"1.1875":[0,-1,2],"1.25":[0,0,0]}},"leftArm":{"rotation":{"0.0":[0,0,0],"0.1875":[40,10,50],"0.5":[40,10,50],"0.6875":[0,0,0],"1.125":[0,0,0],"1.25":[0,0,0]},"position":{"0.0":[0,0,0],"0.1875":[0,-19,0],"0.5":[0,-19,0],"0.6875":[0,0,0]}}},"sound_effects":{"0.0":{"effect":"gun_inspect_0"},"0.125":{"effect":"gun_inspect_1"},"0.6875":{"effect":"gun_inspect_2"},"1.125":{"effect":"gun_inspect_3"}}},"animation.mossberg.fpp_reload":{"loop":"hold_on_last_frame","animation_length":2.7083,"bones":{"root":{"rotation":[0,180,0]},"waist":{"rotation":{"0.0":[0,0,0],"0.125":[-4,4,-6],"2.5":[-4,4,-6],"2.6667":[0,0,0]},"position":{"0.0":[0,0,0],"0.125":[0,0,-1],"0.1667":[0,0,0],"0.2083":[0,0,-1],"2.5":[0,0,-1],"2.5833":[0.25,-0.35,1],"2.6667":[0,0,0]}},"leftArm":{"rotation":{"0.0":[-114,20,-21],"0.2083":[-120,48,32],"0.3333":[-120,48,32],"0.4583":[-120,48,32],"0.5":[-120,32,32],"0.5417":[-120,32,34],"0.75":[-120,48,32],"0.875":[-120,48,32],"0.9167":[-120,32,32],"0.9583":[-120,32,34],"1.1667":[-120,48,32],"1.2917":[-120,48,32],"1.3333":[-120,32,32],"1.375":[-120,32,34],"1.5833":[-120,48,32],"1.7083":[-120,48,32],"1.75":[-120,32,32],"1.7917":[-120,32,34],"2.0":[-120,48,32],"2.125":[-120,48,32],"2.1667":[-120,32,32],"2.2083":[-120,32,34],"2.3333":[-86,30,60],"2.5417":[-86,30,60],"2.7083":[-114,20,-21]},"position":{"0.0":[-4.25,-3.25,-7],"0.2083":[-6,-12,-8],"0.3333":[-6,-12,-8],"0.4583":[-8,-7,-5],"0.75":[-6,-12,-8],"0.875":[-8,-7,-5],"1.1667":[-6,-12,-8],"1.2917":[-8,-7,-5],"1.5833":[-6,-12,-8],"1.7083":[-8,-7,-5],"2.0":[-6,-12,-8],"2.125":[-8,-7,-5],"2.3333":[-5,-4,-8],"2.375":[-5,-4,-6],"2.5":[-5,-4,-6],"2.5417":[-5,-4,-8],"2.7083":[-4.25,-3.25,-7]}},"rightArm":{"rotation":[-90,0,0],"position":[2.5,-1,3]},"shell":{"position":{"0.2083":[2,-9,-4],"0.3333":[2,-9,-4],"0.4583":[0,-1,0],"0.75":[2,-9,-4],"0.875":[0,-1,0],"1.1667":[2,-9,-4],"1.2917":[0,-1,0],"1.5833":[2,-9,-4],"1.7083":[0,-1,0],"2.0":[2,-9,-4],"2.125":[0,-1,0],"2.1667":[0,0,0]},"scale":{"0.1667":[0,0,0],"0.2083":[1,1,1],"2.125":[1,1,1],"2.1667":[0,0,0]}},"pump":{"position":{"2.3333":[0,0,0],"2.375":[0,0,2],"2.5":[0,0,2],"2.5417":[0,0,0]}},"body":{"rotation":{"0.375":[0,0,0],"0.4583":[0,0,-6],"0.5417":[0,0,6],"0.625":[0,0,0],"0.8333":[0,0,0],"0.9167":[0,0,-6],"1.0":[0,0,6],"1.0833":[0,0,0],"1.1667":[0,0,0],"1.25":[0,0,-6],"1.3333":[0,0,6],"1.4167":[0,0,0],"1.625":[0,0,0],"1.7083":[0,0,-6],"1.7917":[0,0,6],"1.875":[0,0,0],"2.0417":[0,0,0],"2.125":[0,0,-6],"2.2083":[0,0,6],"2.2917":[0,0,0],"2.3333":[0,0,0],"2.4167":[0.5,-0.5,0],"2.5417":[0.5,-0.5,0],"2.625":[0,0,0]},"position":{"0.375":[0,0,0],"0.5":[0,0.5,0],"0.5833":[0,0,0],"0.8333":[0,0,0],"0.9583":[0,0.5,0],"1.0417":[0,0,0],"1.1667":[0,0,0],"1.2917":[0,0.5,0],"1.375":[0,0,0],"1.625":[0,0,0],"1.75":[0,0.5,0],"1.8333":[0,0,0],"2.0417":[0,0,0],"2.1667":[0,0.5,0],"2.25":[0,0,0],"2.3333":[0,0,0],"2.4167":[0,-0.5,0.5],"2.5417":[0,-0.5,0.5],"2.625":[0,0,0]}}},"sound_effects":{"0.4167":{"effect":"mossberg_shellin"},"0.875":{"effect":"mossberg_shellin"},"1.25":{"effect":"mossberg_shellin"},"1.6667":{"effect":"mossberg_shellin"},"2.0833":{"effect":"mossberg_shellin"},"2.3333":{"effect":"mossberg_pumpback"},"2.5":{"effect":"mossberg_pumpforward"}}},"animation.mossberg.fpp_run":{"loop":true,"bones":{"waist":{"rotation":["-33+math.sin(q.anim_time*500)*6.25",-46,30],"position":["-8+math.sin(q.anim_time*500)","-3+math.sin(q.anim_time*1000)",-4]}}},"animation.mossberg.fire":{"animation_length":0.5,"blend_weight":"q.is_in_ui ? 0 : 1","bones":{"waist":{"rotation":{"0.0":[4,"math.random(-0.08,0.08)",0.6],"0.0833":[-8,0,0],"0.3333":[0,0,0]},"position":{"0.0":[0,0,"v.is_first_person?(math.random(4,6)/(q.is_sneaking?4:0)):math.random(0.4,0.6)"],"0.25":[0,-0.25,-0.35],"0.3333":[0,0,0]}},"trigger":{"position":{"0.0":[0,0,1],"0.1667":[0,0,0]}},"body":{"rotation":{"0.0":[0,0,0],"0.1667":[0,0,-2],"0.2917":[0,0.06,2],"0.375":[0,0,0]}}},"particle_effects":{"0.0":[{"effect":"muzzle_flash","locator":"mossberg_muzzle"},{"effect":"muzzle_lensflare","locator":"mossberg_muzzle"},{"effect":"muzzle_smoke_2","locator":"mossberg_muzzle"}],"0.25":{"effect":"muzzle_hot","locator":"mossberg_muzzle"}}},"animation.mossberg.cycle":{"animation_length":0.5,"blend_weight":"q.is_in_ui ? 0 : 1","bones":{"waist":{"rotation":{"0.0417":[0,0,0],"0.0833":[-0.5,0,0],"0.125":[0,0,0],"0.2083":[0,0,0],"0.25":[0.5,0,0],"0.2917":[0,0,0]},"position":{"0.0417":[0,0,0],"0.0833":[0,-0.5,0],"0.125":[0,0,0],"0.2083":[0,0,0],"0.25":[0,0.5,0],"0.2917":[0,0,0]}},"body":{"rotation":{"0.0833":[-8,0,0],"0.2917":[-8,0,0],"0.4583":[0,0,0]},"position":{"0.0417":[0,-2,0],"0.25":[0,-2,0],"0.5":[0,0,0]}},"leftArm":{"rotation":{"0.0":[0,0,0],"0.0833":[0,1,2],"0.1667":[0,1,2],"0.25":[0,0,0]},"position":{"0.0":[0,0,0],"0.0833":[0,0,3],"0.1667":[0,0,3],"0.25":[0,0,0]}},"rightArmExtra":{"rotation":{"0.0":[0,0,0],"0.0833":[0,10,0],"0.25":[0,0,0]}},"pump":{"position":{"0.0":[0,0,0],"0.0833":[0,0,3],"0.1667":[0,0,3],"0.25":[0,0,0]}}},"sound_effects":{"0.0":{"effect":"mossberg_pumpback"},"0.2083":{"effect":"mossberg_pumpforward"},"0.3333":{"effect":"bullet_bounce_shotgun"}},"particle_effects":{"0.0833":{"effect":"casing_shotgun","locator":"mossberg_case"}}}}}