{"format_version":"1.21.0","animation_controllers":{"controller.animation.player.ak12":{"initial_state":"inactive","states":{"inactive":{"transitions":[{"draw":"v.ak12"}]},"draw":{"animations":["guns_fpp_draw","ak12_item","ak12_fpp_hold"],"transitions":[{"inactive":"!v.ak12"},{"hold":"q.all_animations_finished"},{"reload":"v.is_reloading"}],"blend_transition":0.2,"blend_via_shortest_path":true},"hold":{"animations":["ak12_item","ak12_fpp_hold"],"transitions":[{"inactive":"!v.ak12"},{"inspect":"q.all_animations_finished&&v.inspection"},{"reload":"v.is_reloading"}],"blend_transition":0.2,"blend_via_shortest_path":true},"inspect":{"on_entry":["v.is_inspecting=1;"],"on_exit":["v.is_inspecting=0;"],"animations":["ak12_item","ak12_fpp_hold","ak12_fpp_inspect"],"transitions":[{"inactive":"!v.ak12"},{"hold":"q.all_animations_finished||!v.inspection"}],"blend_transition":0.2,"blend_via_shortest_path":true},"reload":{"animations":["ak12_item","ak12_fpp_reload"],"transitions":[{"inactive":"!v.ak12"},{"hold":"!v.is_reloading"}],"blend_transition":0.2,"blend_via_shortest_path":true}}}}}