{"format_version":"1.21.0","animation_controllers":{"controller.animation.player.ak47":{"initial_state":"inactive","states":{"inactive":{"transitions":[{"draw":"v.ak47"}]},"draw":{"animations":["guns_fpp_draw","ak47_item","ak47_fpp_hold"],"transitions":[{"inactive":"!v.ak47"},{"hold":"q.all_animations_finished"},{"reload":"v.is_reloading"}],"blend_transition":0.2,"blend_via_shortest_path":true},"hold":{"animations":["ak47_item","ak47_fpp_hold"],"transitions":[{"inactive":"!v.ak47"},{"inspect":"q.all_animations_finished&&v.inspection"},{"reload":"v.is_reloading"}],"blend_transition":0.2,"blend_via_shortest_path":true},"inspect":{"on_entry":["v.is_inspecting=1;"],"on_exit":["v.is_inspecting=0;"],"animations":["ak47_item","ak47_fpp_hold","ak47_fpp_inspect"],"transitions":[{"inactive":"!v.ak47"},{"hold":"q.all_animations_finished||!v.inspection"}],"blend_transition":0.2,"blend_via_shortest_path":true},"reload":{"animations":["ak47_item","ak47_fpp_reload"],"transitions":[{"inactive":"!v.ak47"},{"hold":"!v.is_reloading"}],"blend_transition":0.2,"blend_via_shortest_path":true}}}}}