{"format_version":"1.21.0","animation_controllers":{"controller.animation.player.deagle":{"initial_state":"inactive","states":{"inactive":{"transitions":[{"draw":"v.deagle"}]},"draw":{"animations":["guns_fpp_draw","deagle_item","deagle_fpp_hold"],"transitions":[{"inactive":"!v.deagle"},{"hold":"q.all_animations_finished"},{"reload":"v.is_reloading"}],"blend_transition":0.2,"blend_via_shortest_path":true},"hold":{"animations":["deagle_item","deagle_fpp_hold"],"transitions":[{"inactive":"!v.deagle"},{"inspect":"q.all_animations_finished&&v.inspection"},{"reload":"v.is_reloading"}],"blend_transition":0.2,"blend_via_shortest_path":true},"inspect":{"on_entry":["v.is_inspecting=1;"],"on_exit":["v.is_inspecting=0;"],"animations":["deagle_item","deagle_fpp_hold","deagle_fpp_inspect"],"transitions":[{"inactive":"!v.deagle"},{"hold":"q.all_animations_finished||!v.inspection"}],"blend_transition":0.2,"blend_via_shortest_path":true},"reload":{"animations":["deagle_item","deagle_fpp_reload"],"transitions":[{"inactive":"!v.deagle"},{"hold":"!v.is_reloading"}],"blend_transition":0.2,"blend_via_shortest_path":true}}}}}