{"format_version":"1.21.0","animation_controllers":{"controller.animation.player.fnfal":{"initial_state":"inactive","states":{"inactive":{"transitions":[{"draw":"v.fnfal"}]},"draw":{"animations":["guns_fpp_draw","fnfal_item","fnfal_fpp_hold"],"transitions":[{"inactive":"!v.fnfal"},{"hold":"q.all_animations_finished"},{"reload":"v.is_reloading"}],"blend_transition":0.2,"blend_via_shortest_path":true},"hold":{"animations":["fnfal_item","fnfal_fpp_hold"],"transitions":[{"inactive":"!v.fnfal"},{"inspect":"q.all_animations_finished&&v.inspection"},{"reload":"v.is_reloading"}],"blend_transition":0.2,"blend_via_shortest_path":true},"inspect":{"on_entry":["v.is_inspecting=1;"],"on_exit":["v.is_inspecting=0;"],"animations":["fnfal_item","fnfal_fpp_hold","fnfal_fpp_inspect"],"transitions":[{"inactive":"!v.fnfal"},{"hold":"q.all_animations_finished||!v.inspection"}],"blend_transition":0.2,"blend_via_shortest_path":true},"reload":{"animations":["fnfal_item","fnfal_fpp_reload"],"transitions":[{"inactive":"!v.fnfal"},{"hold":"!v.is_reloading"}],"blend_transition":0.2,"blend_via_shortest_path":true}}}}}