{"format_version":"1.21.0","animation_controllers":{"controller.animation.player.glock17":{"initial_state":"inactive","states":{"inactive":{"transitions":[{"draw":"v.glock17"}]},"draw":{"animations":["guns_fpp_draw","glock18_item","glock18_fpp_hold"],"transitions":[{"inactive":"!v.glock17"},{"hold":"q.all_animations_finished"},{"reload":"v.is_reloading"}],"blend_transition":0.2,"blend_via_shortest_path":true},"hold":{"animations":["glock18_item","glock18_fpp_hold"],"transitions":[{"inactive":"!v.glock17"},{"inspect":"q.all_animations_finished&&v.inspection"},{"reload":"v.is_reloading"}],"blend_transition":0.2,"blend_via_shortest_path":true},"inspect":{"on_entry":["v.is_inspecting=1;"],"on_exit":["v.is_inspecting=0;"],"animations":["glock18_item","glock18_fpp_hold","glock18_fpp_inspect"],"transitions":[{"inactive":"!v.glock17"},{"hold":"q.all_animations_finished||!v.inspection"}],"blend_transition":0.2,"blend_via_shortest_path":true},"reload":{"animations":["glock18_item","glock18_fpp_reload"],"transitions":[{"inactive":"!v.glock17"},{"hold":"!v.is_reloading"}],"blend_transition":0.2,"blend_via_shortest_path":true}}}}}