{"format_version":"1.21.0","animation_controllers":{"controller.animation.player.m249":{"initial_state":"inactive","states":{"inactive":{"transitions":[{"draw":"v.m249"}]},"draw":{"animations":["guns_fpp_draw","m249_item","m249_fpp_hold"],"transitions":[{"inactive":"!v.m249"},{"hold":"q.all_animations_finished"},{"reload":"v.is_reloading"}],"blend_transition":0.2,"blend_via_shortest_path":true},"hold":{"animations":["m249_item","m249_fpp_hold"],"transitions":[{"inactive":"!v.m249"},{"inspect":"q.all_animations_finished&&v.inspection"},{"reload":"v.is_reloading"}],"blend_transition":0.2,"blend_via_shortest_path":true},"inspect":{"on_entry":["v.is_inspecting=1;"],"on_exit":["v.is_inspecting=0;"],"animations":["m249_item","m249_fpp_hold","m249_fpp_inspect"],"transitions":[{"inactive":"!v.m249"},{"hold":"q.all_animations_finished||!v.inspection"}],"blend_transition":0.2,"blend_via_shortest_path":true},"reload":{"animations":["m249_item","m249_fpp_reload"],"transitions":[{"inactive":"!v.m249"},{"hold":"!v.is_reloading"}],"blend_transition":0.2,"blend_via_shortest_path":true}}}}}