{"format_version":"1.21.0","animation_controllers":{"controller.animation.player.m4a1":{"initial_state":"inactive","states":{"inactive":{"transitions":[{"draw":"v.m4a1"}]},"draw":{"animations":["guns_fpp_draw","m4a1_item","m4a1_fpp_hold"],"transitions":[{"inactive":"!v.m4a1"},{"hold":"q.all_animations_finished"},{"reload":"v.is_reloading"}],"blend_transition":0.2,"blend_via_shortest_path":true},"hold":{"animations":["m4a1_item","m4a1_fpp_hold"],"transitions":[{"inactive":"!v.m4a1"},{"inspect":"q.all_animations_finished&&v.inspection"},{"reload":"v.is_reloading"}],"blend_transition":0.2,"blend_via_shortest_path":true},"inspect":{"on_entry":["v.is_inspecting=1;"],"on_exit":["v.is_inspecting=0;"],"animations":["m4a1_item","m4a1_fpp_hold","m4a1_fpp_inspect"],"transitions":[{"inactive":"!v.m4a1"},{"hold":"q.all_animations_finished||!v.inspection"}],"blend_transition":0.2,"blend_via_shortest_path":true},"reload":{"animations":["m4a1_item","m4a1_fpp_reload"],"transitions":[{"inactive":"!v.m4a1"},{"hold":"!v.is_reloading"}],"blend_transition":0.2,"blend_via_shortest_path":true}}}}}