{"format_version":"1.21.0","animation_controllers":{"controller.animation.player.mossberg":{"initial_state":"inactive","states":{"inactive":{"transitions":[{"draw":"v.mossberg"}]},"draw":{"animations":["guns_fpp_draw","mossberg_item","mossberg_fpp_hold"],"transitions":[{"inactive":"!v.mossberg"},{"hold":"q.all_animations_finished"},{"reload":"v.is_reloading"}],"blend_transition":0.2,"blend_via_shortest_path":true},"hold":{"animations":["mossberg_item","mossberg_fpp_hold"],"transitions":[{"inactive":"!v.mossberg"},{"inspect":"q.all_animations_finished&&v.inspection"},{"reload":"v.is_reloading"}],"blend_transition":0.2,"blend_via_shortest_path":true},"inspect":{"on_entry":["v.is_inspecting=1;"],"on_exit":["v.is_inspecting=0;"],"animations":["mossberg_item","mossberg_fpp_hold","mossberg_fpp_inspect"],"transitions":[{"inactive":"!v.mossberg"},{"hold":"q.all_animations_finished||!v.inspection"}],"blend_transition":0.2,"blend_via_shortest_path":true},"reload":{"animations":["mossberg_item","mossberg_fpp_reload"],"transitions":[{"inactive":"!v.mossberg"},{"hold":"!v.is_reloading"}],"blend_transition":0.2,"blend_via_shortest_path":true}}}}}