{"format_version":"1.21.0","animation_controllers":{"controller.animation.player.rpg7":{"initial_state":"inactive","states":{"inactive":{"transitions":[{"draw":"v.rpg7"}]},"draw":{"animations":["guns_fpp_draw","rpg7_item","rpg7_fpp_hold"],"transitions":[{"inactive":"!v.rpg7"},{"hold":"q.all_animations_finished"},{"reload":"v.is_reloading"}],"blend_transition":0.2,"blend_via_shortest_path":true},"hold":{"animations":["rpg7_item","rpg7_fpp_hold"],"transitions":[{"inactive":"!v.rpg7"},{"inspect":"q.all_animations_finished&&v.inspection"},{"reload":"v.is_reloading"}],"blend_transition":0.2,"blend_via_shortest_path":true},"inspect":{"on_entry":["v.is_inspecting=1;"],"on_exit":["v.is_inspecting=0;"],"animations":["rpg7_item","rpg7_fpp_hold","rpg7_fpp_inspect"],"transitions":[{"inactive":"!v.rpg7"},{"hold":"q.all_animations_finished||!v.inspection"}],"blend_transition":0.2,"blend_via_shortest_path":true},"reload":{"animations":["rpg7_item","rpg7_fpp_reload"],"transitions":[{"inactive":"!v.rpg7"},{"hold":"!v.is_reloading"}],"blend_transition":0.2,"blend_via_shortest_path":true}}}}}