{"content":[{"path":"pack_icon.png"},{"path":"contents.json"},{"path":"- LICENSE.txt"},{"path":"texts/languages.json"},{"path":"texts/pt_BR.lang"},{"path":"texts/en_US.lang"},{"path":"scripts/util.js"},{"path":"recipes/items/guns/mp5a5.json"},{"path":"scripts/guns/bullet.js"},{"path":"recipes/items/wearable/nv_goggles.json"},{"path":"recipes/items/wearable/juggernaut_leggings.json"},{"path":"recipes/items/wearable/juggernaut_chestplate.json"},{"path":"recipes/items/part/stock_polymer.json"},{"path":"functions/player/setup.mcfunction"},{"path":"animation_controllers/guns/ak12.json"},{"path":"recipes/items/part/grip_pistol.json"},{"path":"recipes/items/part/barrel_short.json"},{"path":"recipes/items/part/barrel_long.json"},{"path":"recipes/items/material/sulfur_powder_to_gunpowder.json"},{"path":"animations/guns/mossberg.json"},{"path":"recipes/items/material/sulfur_powder.json"},{"path":"recipes/items/material/gunmetal_scrap.json"},{"path":"recipes/items/material/plastic_mass.json"},{"path":"recipes/items/material/gunmetal_ingot_from_nuggets.json"},{"path":"recipes/items/material/copper_nugget.json"},{"path":"recipes/items/guns/m4a1.json"},{"path":"items/guns/glock18.json"},{"path":"recipes/items/guns/glock18.json"},{"path":"recipes/items/wearable/juggernaut_boots.json"},{"path":"recipes/items/guns/deagle.json"},{"path":"recipes/items/guns/awp.json"},{"path":"recipes/items/guns/ak12.json"},{"path":"items/bullet/bullet_545x39.json"},{"path":"recipes/blocks/props/sandbag.json"},{"path":"recipes/items/material/bucket_petroleum.json"},{"path":"recipes/blocks/props/landmine.json"},{"path":"functions/guns/reload/glock18.mcfunction"},{"path":"items/material/plastic_mass.json"},{"path":"recipes/blocks/props/attachment_workbench.json"},{"path":"recipes/blocks/props/ammo_workbench.json"},{"path":"blocks/props/hedgehog.json"},{"path":"loot_tables/blocks/props/sandbag.json"},{"path":"functions/guns/bullet_counter/glock18.mcfunction"},{"path":"recipes/items/wearable/juggernaut_helmet.json"},{"path":"entities/projectile/bullet.json"},{"path":"loot_tables/blocks/props/landmine.json"},{"path":"items/wearable/vest_6b3.json"},{"path":"recipes/blocks/props/gun_workbench.json"},{"path":"items/wearable/nv_goggles.json"},{"path":"recipes/items/blueprint/blueprint_attachments.json"},{"path":"items/wearable/juggernaut_leggings.json"},{"path":"items/wearable/juggernaut_boots.json"},{"path":"items/mag/ak12_mag.json"},{"path":"recipes/items/material/gunmetal_nugget.json"},{"path":"items/wearable/helmet_6b47.json"},{"path":"items/part/barrel_medium.json"},{"path":"recipes/items/guns/ak47.json"},{"path":"items/mag/deagle_mag.json"},{"path":"items/part/stock_wood.json"},{"path":"items/part/stock_sniper_polymer.json"},{"path":"items/part/stock_polymer.json"},{"path":"items/part/grip_pistol.json"},{"path":"functions/guns/fire/fnfal.mcfunction"},{"path":"items/material/copper_nugget.json"},{"path":"items/part/grip.json"},{"path":"items/wearable/juggernaut_chestplate.json"},{"path":"items/part/barrel_short.json"},{"path":"items/part/barrel_long.json"},{"path":"items/material/sulfur_powder.json"},{"path":"items/material/plastic_plate.json"},{"path":"items/blueprint/blueprint_attachments.json"},{"path":"items/material/gunmetal_scrap.json"},{"path":"items/mag/m249_mag.json"},{"path":"items/mag/glock17_mag.json"},{"path":"items/mag/awp_mag.json"},{"path":"recipes/items/guns/glock17.json"},{"path":"items/guns/m249.json"},{"path":"items/guns/glock17.json"},{"path":"items/guns/fnfal.json"},{"path":"items/bullet/bullet_12gauge.json"},{"path":"recipes/items/guns/m249.json"},{"path":"items/guns/awp.json"},{"path":"items/guns/ak47.json"},{"path":"functions/guns/fire/glock18.mcfunction"},{"path":"functions/guns/fire/m4a1.mcfunction"},{"path":"items/guns/ak12.json"},{"path":"recipes/items/part/barrel_medium.json"},{"path":"items/bullet/bullet_9x19pr.json"},{"path":"functions/guns/bullet_counter/mp5a5.mcfunction"},{"path":"recipes/blocks/props/hedgehog.json"},{"path":"items/bullet/bullet_762x51.json"},{"path":"functions/dev/cam_off.mcfunction"},{"path":"items/guns/deagle.json"},{"path":"items/bullet/bullet_762x39.json"},{"path":"items/bullet/bullet_50ae.json"},{"path":"functions/effect/gun_dryfire.mcfunction"},{"path":"items/blueprint/blueprint_guns.json"},{"path":"animations/guns/fnfal.json"},{"path":"items/blueprint/blueprint_ammo.json"},{"path":"scripts/components/props.js"},{"path":"functions/player/score.mcfunction"},{"path":"scripts/components/lights.js"},{"path":"functions/player/join.mcfunction"},{"path":"functions/guns/reload/mossberg.mcfunction"},{"path":"items/material/gunmetal_ingot.json"},{"path":"functions/guns/bullet_counter/awp.mcfunction"},{"path":"functions/guns/bullet_counter/display.mcfunction"},{"path":"functions/guns/reload/awp.mcfunction"},{"path":"items/throwable/m67_grenade.json"},{"path":"functions/guns/reload/m249.mcfunction"},{"path":"items/material/bucket_petroleum.json"},{"path":"recipes/items/material/plastic_plate.json"},{"path":"functions/guns/reload/m4a1.mcfunction"},{"path":"items/props/landmine.json"},{"path":"items/mag/fnfal_mag.json"},{"path":"functions/guns/bullet_counter/deagle.mcfunction"},{"path":"functions/guns/reload/ak47.mcfunction"},{"path":"recipes/blocks/props/hazard_block.json"},{"path":"items/guns/m4a1.json"},{"path":"items/blueprint/blueprint_vehicle.json"},{"path":"recipes/items/throwable/m67_grenade.json"},{"path":"recipes/items/blueprint/blueprint_guns.json"},{"path":"animation_controllers/guns/mossberg.json"},{"path":"functions/guns/bullet_counter/m249.mcfunction"},{"path":"functions/guns/reload/ak12.mcfunction"},{"path":"functions/guns/fire/mp5a5.mcfunction"},{"path":"functions/guns/fire/mossberg.mcfunction"},{"path":"functions/guns/fire/deagle.mcfunction"},{"path":"scripts/vector.js"},{"path":"recipes/items/material/gunmetal_ingot.json"},{"path":"recipes/items/material/copper_ingot_from_nuggets.json"},{"path":"functions/guns/fire/ak12.mcfunction"},{"path":"items/mag/ak47_mag.json"},{"path":"items/guns/mossberg.json"},{"path":"- NOTICE.txt"},{"path":"functions/guns/bullet_counter/mossberg.mcfunction"},{"path":"animations/guns/awp.json"},{"path":"recipes/items/wearable/vest_6b3.json"},{"path":"items/food/cooked_flesh.json"},{"path":"functions/guns/reload/mp5a5.mcfunction"},{"path":"animation_controllers/guns/deagle.json"},{"path":"functions/guns/bullet_counter/m4a1.mcfunction"},{"path":"functions/guns/bullet_counter/glock17.mcfunction"},{"path":"functions/player/recline.mcfunction"},{"path":"functions/guns/reload/deagle.mcfunction"},{"path":"recipes/items/food/furnace_flesh.json"},{"path":"functions/effect/gun_dist.mcfunction"},{"path":"functions/tick.json"},{"path":"recipes/items/wearable/helmet_6b47.json"},{"path":"functions/guns/bullet_counter/ak12.mcfunction"},{"path":"recipes/items/guns/mossberg.json"},{"path":"functions/effect/muzzle_flash.mcfunction"},{"path":"functions/guns/fire/m249.mcfunction"},{"path":"functions/guns/fire/ak47.mcfunction"},{"path":"items/mag/mp5a5_mag.json"},{"path":"blocks/lights/muzzle_light.json"},{"path":"animation_controllers/guns/ak47.json"},{"path":"scripts/guns/main.js"},{"path":"functions/dev/cam_on.mcfunction"},{"path":"blocks/props/hazard_block.json"},{"path":"recipes/items/guns/fnfal.json"},{"path":"entities/throwable/m67_grenade.json"},{"path":"functions/guns/reload/glock17.mcfunction"},{"path":"functions/player/tick.mcfunction"},{"path":"animations/guns/ak47.json"},{"path":"entities/player/player.json"},{"path":"items/material/gunmetal_nugget.json"},{"path":"functions/guns/fire/awp.mcfunction"},{"path":"blocks/props/landmine.json"},{"path":"animations/guns/action.json"},{"path":"scripts/guns/ammo.js"},{"path":"items/mag/glock18_mag.json"},{"path":"functions/guns/bullet_counter/fnfal.mcfunction"},{"path":"items/guns/mp5a5.json"},{"path":"blocks/props/attachment_workbench.json"},{"path":"blocks/props/ammo_workbench.json"},{"path":"blocks/props/gun_workbench.json"},{"path":"scripts/main.js"},{"path":"animation_controllers/guns/m4a1.json"},{"path":"functions/guns/fire/glock17.mcfunction"},{"path":"animation_controllers/projectile/bullet.json"},{"path":"animation_controllers/wearable/nv_goggles.json"},{"path":"animations/guns/m249.json"},{"path":"animation_controllers/player/guns.json"},{"path":"recipes/items/part/stock_wood.json"},{"path":"recipes/items/part/stock_sniper_polymer.json"},{"path":"animations/guns/ak12.json"},{"path":"loot_tables/blocks/props/sandbag_double.json"},{"path":"blocks/props/sandbag.json"},{"path":"animations/guns/glock18.json"},{"path":"items/bullet/bullet_556x45.json"},{"path":"animation_controllers/guns/m249.json"},{"path":"animation_controllers/guns/awp.json"},{"path":"functions/effect/explosion.mcfunction"},{"path":"items/wearable/juggernaut_helmet.json"},{"path":"scripts/guns/attachments.js"},{"path":"animations/guns/m4a1.json"},{"path":"animation_controllers/guns/mp5a5.json"},{"path":"functions/guns/reload/fnfal.mcfunction"},{"path":"animations/guns/deagle.json"},{"path":"items/mag/m4a1_mag.json"},{"path":"animation_controllers/guns/fnfal.json"},{"path":"animation_controllers/guns/glock18.json"},{"path":"manifest.json"},{"path":"animations/guns/mp5a5.json"},{"path":"animation_controllers/guns/glock17.json"},{"path":"animations/guns/glock17.json"},{"path":"recipes/items/part/grip.json"},{"path":"functions/guns/bullet_counter/ak47.mcfunction"}],"version":1}