{"format_version":"1.20.80","minecraft:item":{"description":{"identifier":"gabrielaplok:awp","menu_category":{"category":"equipment","group":"itemGroup.name.guns"}},"components":{"minecraft:cooldown":{"category":"awp","duration":0.375},"minecraft:display_name":{"value":"item.awp.name"},"minecraft:food":{"can_always_eat":true},"minecraft:tags":{"tags":["is_gun","is_awp","is_sniper","is_pullback","is_heavy","allow_attachment"]},"minecraft:use_modifiers":{"use_duration":3600},"minecraft:icon":"awp","minecraft:max_stack_size":1,"minecraft:can_destroy_in_creative":false,"minecraft:hand_equipped":true,"minecraft:should_despawn":false,"minecraft:stacked_by_data":true}}}