{"format_version":"1.20.80","minecraft:item":{"description":{"identifier":"gabrielaplok:fnfal","menu_category":{"category":"equipment","group":"itemGroup.name.guns"}},"components":{"minecraft:display_name":{"value":"item.fnfal.name"},"minecraft:food":{"can_always_eat":true},"minecraft:tags":{"tags":["is_gun","is_fnfal","is_ar","is_heavy","allow_attachment"]},"minecraft:use_modifiers":{"use_duration":3600},"minecraft:icon":"fnfal","minecraft:max_stack_size":1,"minecraft:can_destroy_in_creative":false,"minecraft:hand_equipped":true,"minecraft:should_despawn":false,"minecraft:stacked_by_data":true}}}