{"format_version":"1.20.80","minecraft:item":{"description":{"identifier":"gabrielaplok:glock18","menu_category":{"category":"equipment","group":"itemGroup.name.guns"}},"components":{"minecraft:display_name":{"value":"item.glock18.name"},"minecraft:food":{"can_always_eat":true},"minecraft:tags":{"tags":["is_gun","is_glock18","is_pistol","is_light","allow_attachment","set_laser_1"]},"minecraft:use_modifiers":{"use_duration":3600},"minecraft:icon":"glock18","minecraft:max_stack_size":1,"minecraft:can_destroy_in_creative":false,"minecraft:hand_equipped":true,"minecraft:should_despawn":false,"minecraft:stacked_by_data":true}}}