{"format_version":"1.20.80","minecraft:item":{"description":{"identifier":"gabrielaplok:m249","menu_category":{"category":"equipment","group":"itemGroup.name.guns"}},"components":{"minecraft:display_name":{"value":"M249"},"minecraft:food":{"can_always_eat":true},"minecraft:tags":{"tags":["is_gun","is_m249","is_lmg","is_heavy","allow_attachment","set_laser_2"]},"minecraft:use_modifiers":{"use_duration":3600},"minecraft:icon":"m249","minecraft:max_stack_size":1,"minecraft:can_destroy_in_creative":false,"minecraft:hand_equipped":true,"minecraft:should_despawn":false,"minecraft:stacked_by_data":true}}}