{"format_version":"1.20.80","minecraft:item":{"description":{"identifier":"gabrielaplok:mossberg","menu_category":{"category":"equipment","group":"itemGroup.name.guns"}},"components":{"minecraft:cooldown":{"category":"mossberg","duration":0.75},"minecraft:display_name":{"value":"item.mossberg.name"},"minecraft:food":{"can_always_eat":true},"minecraft:tags":{"tags":["is_gun","is_mossberg","is_shotgun","is_pullback","is_heavy"]},"minecraft:use_modifiers":{"use_duration":3600},"minecraft:icon":"mossberg","minecraft:max_stack_size":1,"minecraft:can_destroy_in_creative":false,"minecraft:hand_equipped":true,"minecraft:should_despawn":false,"minecraft:stacked_by_data":true}}}