{"format_version":"1.20.80","minecraft:item":{"description":{"identifier":"gabrielaplok:mp5a5","menu_category":{"category":"equipment","group":"itemGroup.name.guns"}},"components":{"minecraft:display_name":{"value":"item.mp5a5.name"},"minecraft:food":{"can_always_eat":true},"minecraft:tags":{"tags":["is_gun","is_mp5a5","is_smg","is_heavy","allow_attachment","set_laser_0"]},"minecraft:use_modifiers":{"use_duration":3600},"minecraft:icon":"mp5a5","minecraft:max_stack_size":1,"minecraft:can_destroy_in_creative":false,"minecraft:hand_equipped":true,"minecraft:should_despawn":false,"minecraft:stacked_by_data":true}}}