{"format_version":"1.10.0","render_controllers":{"controller.render.grip":{"arrays":{"geometries":{"Array.geo":["Geometry.foregrip"]},"textures":{"Array.skins":["Texture.foregrip"]}},"geometry":"array.geo[0]","materials":[{"*":"material.gun"}],"textures":["array.skins[0]"],"is_hurt_color":{},"on_fire_color":{}},"controller.render.laser":{"arrays":{"geometries":{"Array.geo":["Geometry.laser"]},"textures":{"Array.skins":["Texture.laser_green","Texture.laser_red"]}},"geometry":"array.geo[0]","materials":[{"*":"material.gun"},{"laserLine":"material.laser"}],"textures":["array.skins[v.laser-1]"],"part_visibility":[{"laser_0":"q.equipped_item_all_tags('slot.weapon.mainhand', 'set_laser_0')"},{"laser_1":"q.equipped_item_all_tags('slot.weapon.mainhand', 'set_laser_1')"},{"laser_2":"q.equipped_item_all_tags('slot.weapon.mainhand', 'set_laser_2')"}],"is_hurt_color":{},"on_fire_color":{}},"controller.render.sight":{"arrays":{"geometries":{"Array.geo":["Geometry.acog_sight","Geometry.eotech_sight","Geometry.scope_hp","Geometry.scope_lp","Geometry.predator_v4"]},"textures":{"Array.skins":["Texture.acog_sight","Texture.eotech_sight","Texture.scope_hp","Texture.scope_lp","Texture.predator_v4"]}},"geometry":"array.geo[v.sight-1]","materials":[{"*":"material.gun"},{"glass":"material.glass"},{"reddot":"material.laser"}],"textures":["array.skins[v.sight-1]"],"part_visibility":[{"cross":"q.is_sneaking"},{"reddot":"q.is_sneaking"}],"is_hurt_color":{},"on_fire_color":{}},"controller.render.silencer":{"arrays":{"geometries":{"Array.geo":["Geometry.silencer"]},"textures":{"Array.skins":["Texture.silencer"]}},"geometry":"array.geo[0]","materials":[{"*":"material.gun"}],"textures":["array.skins[0]"],"is_hurt_color":{},"on_fire_color":{}}}}