{"format_version":"1.10.0","render_controllers":{"controller.render.ak12":{"geometry":"geometry.ak12","materials":[{"*":"material.gun"}],"textures":["texture.ak12"],"part_visibility":[{"backSight":"!v.sight"},{"head":false},{"body":false},{"leftArm":false},{"rightArmExtra":false},{"leftLeg":false},{"rightLeg":false}],"is_hurt_color":{},"on_fire_color":{}},"controller.render.ak47":{"geometry":"geometry.ak47","materials":[{"*":"material.gun"}],"textures":["texture.ak47"],"part_visibility":[{"backSight":"!v.sight"},{"head":false},{"body":false},{"leftArm":false},{"rightArmExtra":false},{"leftLeg":false},{"rightLeg":false}],"is_hurt_color":{},"on_fire_color":{}},"controller.render.awp":{"geometry":"geometry.awp","materials":[{"*":"material.gun"}],"textures":["texture.awp"],"part_visibility":[{"head":false},{"body":false},{"leftArm":false},{"rightArmExtra":false},{"leftLeg":false},{"rightLeg":false}],"is_hurt_color":{},"on_fire_color":{}},"controller.render.deagle":{"geometry":"geometry.deagle","materials":[{"*":"material.gun"}],"textures":["texture.deagle"],"part_visibility":[{"head":false},{"body":false},{"leftArm":false},{"rightArmExtra":false},{"leftLeg":false},{"rightLeg":false}],"is_hurt_color":{},"on_fire_color":{}},"controller.render.fnfal":{"geometry":"geometry.fnfal","materials":[{"*":"material.gun"}],"textures":["texture.fnfal"],"part_visibility":[{"backSight":"!v.sight"},{"head":false},{"body":false},{"leftArm":false},{"rightArmExtra":false},{"leftLeg":false},{"rightLeg":false}],"is_hurt_color":{},"on_fire_color":{}},"controller.render.glock17":{"geometry":"geometry.glock17","materials":[{"*":"material.gun"},{"sightPoint":"material.light"}],"textures":["texture.glock17"],"part_visibility":[{"sightPoint":false},{"head":false},{"body":false},{"leftArm":false},{"rightArmExtra":false},{"leftLeg":false},{"rightLeg":false}],"is_hurt_color":{},"on_fire_color":{}},"controller.render.glock18":{"geometry":"geometry.glock18","materials":[{"*":"material.gun"},{"sightPoint":"material.light"}],"textures":["texture.glock18"],"part_visibility":[{"sightPoint":false},{"head":false},{"body":false},{"leftArm":false},{"rightArmExtra":false},{"leftLeg":false},{"rightLeg":false}],"is_hurt_color":{},"on_fire_color":{}},"controller.render.m4a1":{"geometry":"geometry.m4a1","materials":[{"*":"material.gun"}],"textures":["texture.m4a1"],"part_visibility":[{"ironSight":"!v.sight"},{"head":false},{"body":false},{"leftArm":false},{"rightArmExtra":false},{"leftLeg":false},{"rightLeg":false}],"is_hurt_color":{},"on_fire_color":{}},"controller.render.m249":{"geometry":"geometry.m249","materials":[{"*":"material.gun"}],"textures":["texture.m249"],"part_visibility":[{"ironSight":"!v.sight"},{"head":false},{"body":false},{"leftArm":false},{"rightArmExtra":false},{"leftLeg":false},{"rightLeg":false}],"is_hurt_color":{},"on_fire_color":{}},"controller.render.mossberg":{"geometry":"geometry.mossberg","materials":[{"*":"material.gun"}],"textures":["texture.mossberg"],"part_visibility":[{"head":false},{"body":false},{"leftArm":false},{"rightArmExtra":false},{"leftLeg":false},{"rightLeg":false}],"is_hurt_color":{},"on_fire_color":{}},"controller.render.mp5a5":{"geometry":"geometry.mp5a5","materials":[{"*":"material.gun"}],"textures":["texture.mp5a5"],"part_visibility":[{"iron":"!v.sight"},{"head":false},{"body":false},{"leftArm":false},{"rightArmExtra":false},{"leftLeg":false},{"rightLeg":false}],"is_hurt_color":{},"on_fire_color":{}},"controller.render.rpg7":{"geometry":"geometry.rpg7","materials":[{"*":"material.gun"}],"textures":["texture.rpg7"],"part_visibility":[{"head":false},{"body":false},{"leftArm":false},{"rightArmExtra":false},{"leftLeg":false},{"rightLeg":false}],"is_hurt_color":{},"on_fire_color":{}}}}