{"format_version":"1.16.0","minecraft:geometry":[{"description":{"identifier":"geometry.ak12","texture_width":64,"texture_height":64,"visible_bounds_width":6,"visible_bounds_height":5,"visible_bounds_offset":[0,1.5,0]},"bones":[{"name":"root","pivot":[0,0,0]},{"name":"waist","parent":"root","pivot":[0,12,0]},{"name":"body","parent":"waist","pivot":[0,24,0],"cubes":[{"origin":[-4,12,-2],"size":[8,12,4],"uv":[0,48]}]},{"name":"head","parent":"body","pivot":[0,24,0],"cubes":[{"origin":[-4,24,-4],"size":[8,8,8],"uv":[0,48]}]},{"name":"leftArm","parent":"body","pivot":[5,22,0],"cubes":[{"origin":[4,12,-2],"size":[4,12,4],"uv":{"north":{"uv":[4,52],"uv_size":[4,12]},"east":{"uv":[0,52],"uv_size":[4,12]},"south":{"uv":[12,52],"uv_size":[4,12]},"west":{"uv":[8,52],"uv_size":[4,12]},"up":{"uv":[4,48],"uv_size":[4,4]},"down":{"uv":[8,52],"uv_size":[4,-4]}}}]},{"name":"rightArm","parent":"body","pivot":[-5,22,0]},{"name":"rightArmExtra","parent":"rightArm","pivot":[-5,22,0],"cubes":[{"origin":[-8,12,-2],"size":[4,12,4],"uv":[0,48]}]},{"name":"gun","parent":"rightArm","pivot":[0,0,0]},{"name":"gunBody","parent":"gun","pivot":[0,0,0],"binding":"q.item_slot_to_bone_name((c.is_first_person || c.item_slot == 'off_hand') ? 'body' : 'main_hand')","cubes":[{"origin":[-0.5,1.825,-30.35],"size":[1,1,10],"inflate":0.1,"pivot":[0,2.325,-25.35],"rotation":[0,0,45],"uv":[40,17]},{"origin":[-0.5,1.825,-30.35],"size":[1,1,3],"inflate":0.2,"pivot":[0,2.325,-25.35],"rotation":[0,0,45],"uv":[36,17]},{"origin":[-0.5,1.825,-26.35],"size":[1,1,3],"inflate":0.2,"pivot":[0,2.325,-25.35],"rotation":[0,0,45],"uv":[22,29]},{"origin":[-0.5,1.925,-24.25],"size":[1,3,1],"inflate":0.1,"pivot":[0,3.925,-23.75],"rotation":[-57.05902,-28.53623,36.40051],"uv":[45,17]},{"origin":[-1,0.875,2.75],"size":[2,3,6],"uv":[0,10]},{"origin":[-0.5,2.725,-29.55],"size":[1,3.3,1],"inflate":0.11,"uv":[17,16]},{"origin":[-0.5,2.225,-29.65],"size":[1,3.8,1.1],"inflate":0.1,"pivot":[0,6.125,-28.45],"rotation":[22.5,0,0],"uv":[0,10]},{"origin":[-1,-2.125,-5.25],"size":[2,1,0],"uv":[0,20]},{"origin":[-1,-1.125,-5.25],"size":[2,2,1],"uv":[44,37]},{"origin":[-1.5,-1.125,-1.75],"size":[3,2,3],"inflate":0.001,"uv":[40,29]},{"origin":[-1.5,0.875,-12.25],"size":[3,2,15],"uv":[0,24]},{"origin":[-1.5,3.875,-12.25],"size":[3,1,15],"uv":[27,0]},{"origin":[-1.5,2.875,-8.25],"size":[3,1,11],"uv":[22,24]},{"origin":[-1.7,1.875,-20.25],"size":[3.4,3,8],"uv":[29,37]},{"origin":[-1.5,-7.49866,0.64069],"size":[3,4.5,3],"pivot":[-0.16061,-8.07124,-5.26442],"rotation":[22.5,0,0],"uv":[13,42]},{"origin":[-1,-2.125,8.75],"size":[2,6,4],"uv":[27,0]},{"origin":[-1,-1.125,-4.25],"size":[2,1,2.5],"uv":[0,35]},{"origin":[-1,4.875,-20.25],"size":[2,1,22],"uv":[0,0]},{"origin":[-1,0.875,-20.25],"size":[2,1,8],"uv":[0,0]},{"origin":[-0.5,4.025,-23.35],"size":[1,1,3],"inflate":0.1,"pivot":[0,4.525,-21.85],"rotation":[0,0,45],"uv":[27,17]}],"locators":{"ak12_case":[-1.5,3.5,-9],"ak12_muzzle":[0,2.25,-30.5]}},{"name":"lock","parent":"gunBody","pivot":[-1.5,3,-1],"rotation":[17.5,0,0],"cubes":[{"origin":[-1.55,2,-2],"size":[0,1,2],"uv":[9,24]}]},{"name":"trigger","parent":"gunBody","pivot":[0,0.625,-2],"cubes":[{"origin":[-0.5,0.125,-3.25],"size":[1,1,2.5],"uv":[0,4]}]},{"name":"pullBack","parent":"gunBody","pivot":[0,0,-2],"cubes":[{"origin":[-2,2.875,-12.25],"size":[4,1,1],"uv":[27,11]},{"origin":[-1.4,2.875,-11.25],"size":[2.8,1,3],"uv":[22,24]}]},{"name":"mag","parent":"gunBody","pivot":[0,0.4047,-6.81912],"rotation":[-5,0,0],"cubes":[{"origin":[-1,-2.59216,-10.32122],"size":[2,4,4],"uv":[0,42]},{"origin":[-1,-7.2544,-9.98225],"size":[2,6,4],"inflate":0.001,"pivot":[-0.16061,-1.07124,-9.51442],"rotation":[-22.5,0,0],"uv":[0,24]}]},{"name":"bullet_0","parent":"mag","pivot":[-4,-7,-0.7],"cubes":[{"origin":[-0.9,1.18793,-9.29544],"size":[1,1,3],"inflate":-0.1,"uv":[13,0]},{"origin":[-0.9,1.18793,-10.29544],"size":[1,1,2],"inflate":-0.2,"uv":[0,0]}]},{"name":"bullet_1","parent":"bullet_0","pivot":[0.8,0.78793,-7.94544],"cubes":[{"origin":[-0.1,0.78793,-9.29544],"size":[1,1,3],"inflate":-0.1,"uv":[13,0]},{"origin":[-0.1,0.78793,-10.29544],"size":[1,1,2],"inflate":-0.2,"uv":[0,0]}]},{"name":"leftLeg","parent":"root","pivot":[1.9,12,0],"cubes":[{"origin":[-0.1,0,-2],"size":[4,12,4],"uv":{"north":{"uv":[4,52],"uv_size":[4,12]},"east":{"uv":[0,52],"uv_size":[4,12]},"south":{"uv":[12,52],"uv_size":[4,12]},"west":{"uv":[8,52],"uv_size":[4,12]},"up":{"uv":[4,48],"uv_size":[4,4]},"down":{"uv":[8,52],"uv_size":[4,-4]}}}]},{"name":"rightLeg","parent":"root","pivot":[-1.9,12,0],"cubes":[{"origin":[-3.9,0,-2],"size":[4,12,4],"uv":[0,48]}]}]}]}