{"format_version":"1.12.0","minecraft:geometry":[{"description":{"identifier":"geometry.ak47","texture_width":64,"texture_height":64,"visible_bounds_width":5,"visible_bounds_height":3.5,"visible_bounds_offset":[0,1.25,0]},"bones":[{"name":"root","pivot":[0,0,0]},{"name":"waist","parent":"root","pivot":[0,12,0]},{"name":"body","parent":"waist","pivot":[0,24,0],"cubes":[{"origin":[-4,12,-2],"size":[8,12,4],"uv":[0,48]}]},{"name":"head","parent":"body","pivot":[0,24,0],"cubes":[{"origin":[-4,24,-4],"size":[8,8,8],"uv":[0,48]}]},{"name":"leftArm","parent":"body","pivot":[5,22,0],"cubes":[{"origin":[4,12,-2],"size":[4,12,4],"uv":{"north":{"uv":[4,52],"uv_size":[4,12]},"east":{"uv":[0,52],"uv_size":[4,12]},"south":{"uv":[12,52],"uv_size":[4,12]},"west":{"uv":[8,52],"uv_size":[4,12]},"up":{"uv":[4,48],"uv_size":[4,4]},"down":{"uv":[8,52],"uv_size":[4,-4]}}}]},{"name":"rightArm","parent":"body","pivot":[-5,22,0]},{"name":"rightArmExtra","parent":"rightArm","pivot":[-5,22,0],"cubes":[{"origin":[-8,12,-2],"size":[4,12,4],"uv":[0,48]}]},{"name":"gun","parent":"rightArm","pivot":[0,0,0]},{"name":"gunBody","parent":"gun","pivot":[0,0,0],"cubes":[{"origin":[-1,-1.125,-5.25],"size":[2,2,1],"uv":[38,35]},{"origin":[-1,-2.125,-5.25],"size":[2,1,0],"uv":[9,19]},{"origin":[-1,3.575,-14.25],"size":[2,1.75,3],"uv":[25,44]},{"origin":[-1.5,-1.125,-1.75],"size":[3,2,3],"uv":[19,25]},{"origin":[-1.5,0.875,-11.25],"size":[3,2,14],"uv":[0,0]},{"origin":[-0.5,2.875,-11.25],"size":[2,1,14],"uv":[0,17]},{"origin":[-1.5,2.875,-5.25],"size":[1,1,8],"uv":[34,0]},{"origin":[-1.5,2.875,-11.25],"size":[1,1,2],"uv":[22,35]},{"origin":[-1.5,0.375,-14.25],"size":[3,4,3],"uv":[38,19]},{"origin":[-1.5,0.075,-14.25],"size":[3,1,3],"inflate":-0.001,"pivot":[0,0.575,-11.75],"rotation":[-5,0,0],"uv":[0,26]},{"origin":[-1.5,-9.68815,0.17683],"size":[3,4.5,3],"inflate":0.001,"pivot":[0,-8,-11],"rotation":[22.5,0,0],"uv":[19,17]},{"origin":[-1,0.79654,2.10801],"size":[2,3,2],"pivot":[0,1.1758,2.34409],"rotation":[-9.5,0,0],"uv":[21,0]},{"origin":[-1,0.79654,4.10801],"size":[2,4,10],"pivot":[0,1.1758,2.34409],"rotation":[-9.5,0,0],"uv":[0,33]},{"origin":[-1,-1.125,-4.25],"size":[2,1,2.5],"uv":[35,12]},{"origin":[-1,3.875,-11.25],"size":[2,1,13],"uv":[20,20]},{"origin":[-1.5,2.875,-20.25],"size":[3,2,6],"uv":[38,10]},{"origin":[-1.75,0.625,-20.25],"size":[3.5,2.25,6],"uv":[25,35]},{"origin":[-0.5,1.325,-30.35],"size":[1,1,10],"inflate":0.1,"pivot":[0,1.825,-25.35],"rotation":[0,0,45],"uv":[21,0]},{"origin":[-0.5,1.325,-26.35],"size":[1,1,3],"inflate":0.2,"pivot":[0,1.825,-25.35],"rotation":[0,0,45],"uv":[45,0]},{"origin":[-0.5,1.425,-24.25],"size":[1,3,1],"inflate":0.1,"pivot":[0,3.425,-23.75],"rotation":[-57.05902,-28.53623,36.40051],"uv":[41,47]},{"origin":[-0.5,3.525,-23.35],"size":[1,1,3],"inflate":0.1,"pivot":[0,4.025,-21.85],"rotation":[0,0,45],"uv":[0,38]},{"origin":[-0.5,1.325,-31.35],"size":[1,1,4],"inflate":0.2,"pivot":[0,1.825,-25.35],"rotation":[0,0,45],"uv":[38,27]},{"origin":[-0.5,1.725,-29.65],"size":[1,3.8,1.1],"inflate":0.1,"pivot":[0,5.625,-28.45],"rotation":[22.5,0,0],"uv":[36,47]},{"origin":[-0.5,2.225,-29.55],"size":[1,3.3,1],"inflate":0.11,"uv":[45,35]},{"origin":[-0.6,5.625,-29.65],"size":[0,1,1.2],"pivot":[-0.6,6.125,-29.05],"rotation":[0,-3,0],"uv":[0,0]},{"origin":[0.6,5.625,-29.65],"size":[0,1,1.2],"pivot":[0.6,6.125,-29.05],"rotation":[0,3,0],"uv":[0,0]}],"locators":{"ak47_case":[-1.5,3.5,-8],"ak47_muzzle":[0,1.8,-31.5]}},{"name":"ironSight","parent":"gunBody","pivot":[0,-0.1,-1],"cubes":[{"origin":[-0.75,5.275,-14.25],"size":[1.5,0,3],"pivot":[0,5.275,-14.25],"rotation":[4,0,0],"uv":[21,6]},{"origin":[0.5,4.975,-12.25],"size":[1,1,1],"inflate":-0.2,"uv":[0,11]},{"origin":[0.05,4.975,-11.95],"size":[1,1,1],"inflate":-0.3,"pivot":[0,5.275,-14.25],"rotation":[4,0,0],"uv":[5,11]},{"origin":[0,4.975,-12.25],"size":[1,1,1],"inflate":-0.3,"uv":[0,11]},{"origin":[-1.05,4.975,-11.95],"size":[1,1,1],"inflate":-0.3,"pivot":[0,5.275,-14.25],"rotation":[4,0,0],"uv":[5,11]},{"origin":[-1.5,4.975,-12.25],"size":[1,1,1],"inflate":-0.2,"uv":[0,11]},{"origin":[-1,4.975,-12.25],"size":[1,1,1],"inflate":-0.3,"uv":[9,0]}]},{"name":"trigger","parent":"gunBody","pivot":[0,0.625,-2],"cubes":[{"origin":[-0.5,0.125,-3.25],"size":[1,1,2.5],"uv":[34,4]}]},{"name":"pullBack","parent":"gunBody","pivot":[-1.5,3.375,-8.235],"cubes":[{"origin":[-3,2.875,-9.22],"size":[2,1,0],"inflate":-0.001,"uv":[9,17]},{"origin":[-1.5,2.875,-9.25],"size":[1,1,4],"inflate":-0.001,"uv":[15,35]}]},{"name":"mag","parent":"gunBody","pivot":[0,0.875,-6.25],"rotation":[-22.5,0,0],"cubes":[{"origin":[-1,-2.74232,-9.32612],"size":[2,4,4],"inflate":0.001,"uv":[0,17]},{"origin":[-1,-6.97124,-11.77004],"size":[2,6,4],"pivot":[0,-8,-11],"rotation":[-22.5,0,0],"uv":[0,0]}]},{"name":"bullet_0","parent":"mag","pivot":[-4,-7.2,0.2],"cubes":[{"origin":[-0.9,0.98793,-8.39544],"size":[1,1,3],"inflate":-0.1,"uv":[0,33]},{"origin":[-0.9,0.98793,-9.39544],"size":[1,1,2],"inflate":-0.2,"uv":[34,0]}]},{"name":"bullet_1","parent":"bullet_0","pivot":[0.8,0.58793,-7.04544],"cubes":[{"origin":[-0.1,0.58793,-8.39544],"size":[1,1,3],"inflate":-0.1,"uv":[0,33]},{"origin":[-0.1,0.58793,-9.39544],"size":[1,1,2],"inflate":-0.2,"uv":[34,0]}]},{"name":"lock","parent":"gunBody","pivot":[-1.5,3,-1],"rotation":[17.5,0,0],"cubes":[{"origin":[-1.55,2,-5],"size":[0,2,5],"uv":[39,39]}]},{"name":"leftLeg","parent":"root","pivot":[1.9,12,0],"cubes":[{"origin":[-0.1,0,-2],"size":[4,12,4],"uv":{"north":{"uv":[4,52],"uv_size":[4,12]},"east":{"uv":[0,52],"uv_size":[4,12]},"south":{"uv":[12,52],"uv_size":[4,12]},"west":{"uv":[8,52],"uv_size":[4,12]},"up":{"uv":[4,48],"uv_size":[4,4]},"down":{"uv":[8,52],"uv_size":[4,-4]}}}]},{"name":"rightLeg","parent":"root","pivot":[-1.9,12,0],"cubes":[{"origin":[-3.9,0,-2],"size":[4,12,4],"uv":[0,48]}]}]}]}