{"format_version":"1.12.0","minecraft:geometry":[{"description":{"identifier":"geometry.awp","texture_width":64,"texture_height":64,"visible_bounds_width":9,"visible_bounds_height":3.5,"visible_bounds_offset":[0,1.25,0]},"bones":[{"name":"root","pivot":[0,0,0]},{"name":"waist","parent":"root","pivot":[0,12,0]},{"name":"body","parent":"waist","pivot":[0,24,0],"cubes":[{"origin":[-4,12,-2],"size":[8,12,4],"uv":{"north":{"uv":[4,52],"uv_size":[8,12]},"east":{"uv":[0,52],"uv_size":[4,12]},"south":{"uv":[16,52],"uv_size":[8,12]},"west":{"uv":[12,52],"uv_size":[4,12]},"up":{"uv":[4,48],"uv_size":[8,4]},"down":{"uv":[12,52],"uv_size":[8,-4]}}}]},{"name":"head","parent":"body","pivot":[0,24,0],"cubes":[{"origin":[-4,24,-4],"size":[8,8,8],"uv":{"north":{"uv":[8,56],"uv_size":[8,8]},"east":{"uv":[0,56],"uv_size":[8,8]},"south":{"uv":[24,56],"uv_size":[8,8]},"west":{"uv":[16,56],"uv_size":[8,8]},"up":{"uv":[8,48],"uv_size":[8,8]},"down":{"uv":[16,56],"uv_size":[8,-8]}}}]},{"name":"leftArm","parent":"body","pivot":[5,22,0],"cubes":[{"origin":[4,12,-2],"size":[4,12,4],"uv":{"north":{"uv":[4,52],"uv_size":[4,12]},"east":{"uv":[0,52],"uv_size":[4,12]},"south":{"uv":[12,52],"uv_size":[4,12]},"west":{"uv":[8,52],"uv_size":[4,12]},"up":{"uv":[4,48],"uv_size":[4,4]},"down":{"uv":[8,52],"uv_size":[4,-4]}}}]},{"name":"rightArm","parent":"body","pivot":[-5,22,0]},{"name":"rightArmExtra","parent":"rightArm","pivot":[-5,22,0],"cubes":[{"origin":[-8,12,-2],"size":[4,12,4],"uv":{"north":{"uv":[44,20],"uv_size":[4,12]},"east":{"uv":[40,20],"uv_size":[4,12]},"south":{"uv":[52,20],"uv_size":[4,12]},"west":{"uv":[48,20],"uv_size":[4,12]},"up":{"uv":[44,16],"uv_size":[4,4]},"down":{"uv":[48,20],"uv_size":[4,-4]}}}]},{"name":"gun","parent":"rightArm","pivot":[0,0,0]},{"name":"gunBody","parent":"gun","pivot":[0,0,0],"cubes":[{"origin":[-0.5,3.275,-34.55],"size":[1,1,20],"inflate":0.3,"pivot":[0,3.8,-31.9],"rotation":[0,0,45],"uv":[0,0]},{"origin":[-0.5,1.5,-22.55],"size":[1,1,1.3],"uv":[0,15]},{"origin":[-1.5,0.875,-4.25],"size":[3,3,4],"uv":[0,46]},{"origin":[-0.5,-0.125,-12.25],"size":[2,4,8],"uv":[23,0]},{"origin":[-1.5,-0.125,-12.25],"size":[1,3,8],"uv":[0,0]},{"origin":[-1.5,2.875,-12.25],"size":[1,1,2],"uv":[43,24]},{"origin":[-1.5,2.875,-6.25],"size":[1,1,2],"uv":[34,37]},{"origin":[-1.5,-8.75045,-10.57367],"size":[3,1,2],"inflate":-0.001,"pivot":[0,0,0],"rotation":[-45,0,0],"uv":[9,12]},{"origin":[-1,-2.125,-1.25],"size":[2,5,3],"inflate":-0.001,"pivot":[0,0.875,0.75],"rotation":[15,0,0],"uv":[46,8]},{"origin":[-1,-2.125,4.75],"size":[2,6,2],"uv":[27,44]},{"origin":[-1,-1.125,6.75],"size":[2,5,5],"uv":[36,39]},{"origin":[-1,-2.125,11.75],"size":[2,6,2],"uv":[18,22]},{"origin":[-0.8,3.875,4.75],"size":[1.6,1,8],"uv":[35,14]},{"origin":[-1,1.875,-0.25],"size":[2,2,5],"uv":[36,0]},{"origin":[-1,-2.125,0.75],"size":[2,2,4],"uv":[23,13]},{"origin":[-1,-1.125,-4.25],"size":[2,1,2.5],"uv":[32,13]},{"origin":[-1,-1.125,-5.75],"size":[2,1,1.5],"uv":[36,17]},{"origin":[-1,-1.125,-1.75],"size":[2,2,1.5],"uv":[18,37]},{"origin":[-1.5,0.875,-21.25],"size":[3,3,9],"uv":[18,22]},{"origin":[-1,3.875,-14.25],"size":[2,1,13],"inflate":0.05,"uv":[0,22]},{"origin":[-1,2.825,-40.75],"size":[2,2,6],"inflate":0.1,"pivot":[0,3.8,-31.9],"rotation":[0,0,45],"uv":[0,37]}],"locators":{"awp_case":[-1.5,3.4,-8.25],"awp_muzzle":[0,4.25,-41]}},{"name":"bullet_2","parent":"gunBody","pivot":[-0.45,2.63793,-7.74544],"cubes":[{"origin":[-1.35,2.63793,-9.59544],"size":[1,1,3.5],"inflate":-0.1,"uv":[34,24]}]},{"name":"bullet_2_lead","parent":"bullet_2","pivot":[-0.45,2.63793,-7.74544],"cubes":[{"origin":[-1.35,2.63793,-10.59544],"size":[1,1,2.5],"inflate":-0.2,"uv":[11,37]}]},{"name":"trigger","parent":"gunBody","pivot":[0,0,0],"cubes":[{"origin":[-0.5,0.125,-3.25],"size":[1,1,2.5],"uv":[23,4]}]},{"name":"handler","parent":"gunBody","pivot":[0,2,-22.4],"rotation":[75,0,0],"cubes":[{"origin":[-0.5,1.5,-23.95],"size":[1,1,2],"uv":[23,0]}]},{"name":"handler_0","parent":"handler","pivot":[-0.5,2,-23.95],"rotation":[0,20,0],"cubes":[{"origin":[-1.5,1.5,-30.95],"size":[1,1,7],"uv":[36,28]},{"origin":[-2.5,1.5,-30.95],"size":[1,1,0],"uv":[5,4]}]},{"name":"handler_1","parent":"handler","pivot":[0.5,2,-23.95],"rotation":[0,-20,0],"cubes":[{"origin":[0.5,1.5,-30.95],"size":[1,1,7],"uv":[24,35]},{"origin":[1.5,1.5,-30.95],"size":[1,1,0],"uv":[5,0]}]},{"name":"mag","parent":"gunBody","pivot":[0,1,-9],"cubes":[{"origin":[-1,-2.09216,-11.74622],"size":[2,3,5],"inflate":0.001,"uv":[12,41]}]},{"name":"bullet_0","parent":"mag","pivot":[-4,-7.65,-1.5],"cubes":[{"origin":[-0.9,0.53793,-10.59544],"size":[1,1,3.5],"inflate":-0.1,"uv":[0,29]},{"origin":[-0.9,0.53793,-11.59544],"size":[1,1,2.5],"inflate":-0.2,"uv":[0,4]}]},{"name":"bullet_1","parent":"bullet_0","pivot":[0.8,0.13793,-8.74544],"cubes":[{"origin":[-0.1,0.13793,-10.59544],"size":[1,1,3.5],"inflate":-0.1,"uv":[11,0]},{"origin":[-0.1,0.13793,-11.59544],"size":[1,1,2.5],"inflate":-0.2,"uv":[0,0]}]},{"name":"pullBack","parent":"gunBody","pivot":[0,4.375,-1.25],"cubes":[{"origin":[-1,3.875,-1.25],"size":[2,1,1],"uv":[6,29]},{"origin":[-0.8,3.875,-6.25],"size":[1.6,1,6],"inflate":-0.1,"uv":[0,12]},{"origin":[-1.5,2.875,-10.45],"size":[1,1,5],"inflate":-0.05,"uv":[0,22]}]},{"name":"bolt","parent":"pullBack","pivot":[0.23518,4.22561,-1.75],"cubes":[{"origin":[-2.46482,3.72561,-2.25],"size":[3,1,1],"inflate":-0.25,"uv":[11,5]},{"origin":[-3.06482,3.72561,-2.25],"size":[1,1,1],"inflate":-0.1,"uv":[0,12]}]},{"name":"leftLeg","parent":"root","pivot":[1.9,12,0],"cubes":[{"origin":[-0.1,0,-2],"size":[4,12,4],"uv":{"north":{"uv":[4,52],"uv_size":[4,12]},"east":{"uv":[0,52],"uv_size":[4,12]},"south":{"uv":[12,52],"uv_size":[4,12]},"west":{"uv":[8,52],"uv_size":[4,12]},"up":{"uv":[4,48],"uv_size":[4,4]},"down":{"uv":[8,52],"uv_size":[4,-4]}}}]},{"name":"rightLeg","parent":"root","pivot":[-1.9,12,0],"cubes":[{"origin":[-3.9,0,-2],"size":[4,12,4],"uv":{"north":{"uv":[4,52],"uv_size":[4,12]},"east":{"uv":[0,52],"uv_size":[4,12]},"south":{"uv":[12,52],"uv_size":[4,12]},"west":{"uv":[8,52],"uv_size":[4,12]},"up":{"uv":[4,48],"uv_size":[4,4]},"down":{"uv":[8,52],"uv_size":[4,-4]}}}]}]}]}