{"format_version":"1.12.0","minecraft:geometry":[{"description":{"identifier":"geometry.deagle","texture_width":64,"texture_height":64,"visible_bounds_width":4,"visible_bounds_height":3.5,"visible_bounds_offset":[0,1.25,0]},"bones":[{"name":"root","pivot":[0,0,0]},{"name":"waist","parent":"root","pivot":[0,12,0]},{"name":"body","parent":"waist","pivot":[0,24,0],"cubes":[{"origin":[-4,12,-2],"size":[8,12,4],"uv":[0,48]}]},{"name":"head","parent":"body","pivot":[0,24,0],"cubes":[{"origin":[-4,24,-4],"size":[8,8,8],"uv":[0,48]}]},{"name":"leftArm","parent":"body","pivot":[5,22,0],"cubes":[{"origin":[4,12,-2],"size":[4,12,4],"uv":[0,48]}]},{"name":"rightArm","parent":"body","pivot":[-5,22,0]},{"name":"rightArmExtra","parent":"rightArm","pivot":[-5,22,0],"cubes":[{"origin":[-8,12,-2],"size":[4,12,4],"uv":[0,48]}]},{"name":"gun","parent":"rightArm","pivot":[0,0,0]},{"name":"gunBody","parent":"gun","pivot":[0,0,0],"cubes":[{"origin":[-1,-4,0],"size":[2,6,3],"pivot":[0,-1.25,1.75],"rotation":[22.5,0,0],"uv":[0,0]},{"origin":[-1,1,-8.5],"size":[2,1,1],"uv":[29,31]},{"origin":[-1,1,-9.91],"size":[2,1,1.41],"inflate":-0.001,"pivot":[0,1,-8.5],"rotation":[-45,0,0],"uv":[28,8]},{"origin":[-0.75,0.75,-7.75],"size":[1.5,1,3],"uv":[16,6]},{"origin":[-0.5,-1,-4],"size":[1,1,4],"uv":[18,27]},{"origin":[-0.5,0,-4],"size":[1,1,1],"uv":[0,33]},{"origin":[-0.5,0.25,-2.5],"size":[1,1,2],"uv":[28,4]},{"origin":[-1,2,-10],"size":[2,2,7],"uv":[24,15]},{"origin":[-0.75,3.25,-9.75],"size":[1.5,1,4],"uv":[16,0]},{"origin":[-1.25,-3.5,0.5],"size":[2.5,5,2],"pivot":[0,-1.25,1.75],"rotation":[22.5,0,0],"uv":[0,13]},{"origin":[-1.25,-3.5,2.5],"size":[2.5,3,1],"pivot":[0,-1.25,1.75],"rotation":[22.5,0,0],"uv":[24,15]},{"origin":[-0.9,1,-8],"size":[1.8,1,10],"uv":[0,13]},{"origin":[0.99,2,-8],"size":[0,1,10],"uv":[17,3]},{"origin":[-0.99,2,-8],"size":[0,1,10],"uv":[13,15]},{"origin":[-0.5,2.5,-10.2],"size":[1,1,6],"pivot":[0,3,-7.2],"rotation":[0,0,45],"uv":[9,27]},{"origin":[-0.5,2.6,2.5],"size":[1,1,1],"pivot":[0,3.1,3],"rotation":[-45,0,0],"uv":[32,27]}],"locators":{"deagle_muzzle":[0,3,-11],"deagle_case":[0,3.5,-2]}},{"name":"slide","parent":"gunBody","pivot":[0,0,0],"cubes":[{"origin":[-1.2,2,-3],"size":[2.4,2,5],"inflate":0.001,"uv":[0,25]},{"origin":[-1.2,1,-8],"size":[2.4,1,11],"inflate":0.001,"uv":[0,0]},{"origin":[-1.2,2,2],"size":[2.4,2,1],"inflate":0.001,"uv":[28,0]},{"origin":[-1.2,1,3],"size":[2.4,1,1],"uv":[25,27]}]},{"name":"backSight","parent":"slide","pivot":[0,2,-1],"cubes":[{"origin":[0.19,3.5,1],"size":[1,1,1],"inflate":-0.002,"pivot":[0,4,1.5],"rotation":[-45,0,0],"uv":[10,10]},{"origin":[-0.19,3.5,1],"size":[-1,1,1],"inflate":-0.002,"pivot":[0,4,1.5],"rotation":[-45,0,0],"uv":[12,10]}]},{"name":"ironSight","parent":"gunBody","pivot":[8,-6,-10],"cubes":[{"origin":[-0.5,3.75,-9.45],"size":[1,1,1],"pivot":[0,4.25,-8.95],"rotation":[-45,0,0],"uv":[0,25]}]},{"name":"mag","parent":"gunBody","pivot":[0,2,-1],"cubes":[{"origin":[-0.5,-4.5,0.5],"size":[1,5,2],"pivot":[0,-1.25,1.75],"rotation":[22.5,0,0],"uv":[13,15]}]},{"name":"bullet_0","parent":"mag","pivot":[0,3,-1],"cubes":[{"origin":[-0.5,0,0.6],"size":[1,1,1.5],"inflate":-0.1,"pivot":[0,-0.25,1.75],"rotation":[22.5,0,0],"uv":[23,0]},{"origin":[-0.5,0,0.1],"size":[1,1,1],"inflate":-0.2,"pivot":[0,-0.25,1.75],"rotation":[22.5,0,0],"uv":[22,6]}]},{"name":"leftLeg","parent":"root","pivot":[1.9,12,0],"cubes":[{"origin":[-0.1,0,-2],"size":[4,12,4],"uv":[0,48]}]},{"name":"rightLeg","parent":"root","pivot":[-1.9,12,0],"cubes":[{"origin":[-3.9,0,-2],"size":[4,12,4],"uv":[0,48]}]}]}]}