{"format_version":"1.12.0","minecraft:geometry":[{"description":{"identifier":"geometry.fnfal","texture_width":64,"texture_height":64,"visible_bounds_width":7,"visible_bounds_height":4,"visible_bounds_offset":[0,1,0]},"bones":[{"name":"root","pivot":[0,0,0]},{"name":"waist","parent":"root","pivot":[0,12,0]},{"name":"body","parent":"waist","pivot":[0,24,0],"cubes":[{"origin":[-4,12,-2],"size":[8,12,4],"uv":{"north":{"uv":[4,52],"uv_size":[8,12]},"east":{"uv":[0,52],"uv_size":[4,12]},"south":{"uv":[16,52],"uv_size":[8,12]},"west":{"uv":[12,52],"uv_size":[4,12]},"up":{"uv":[4,48],"uv_size":[8,4]},"down":{"uv":[12,52],"uv_size":[8,-4]}}}]},{"name":"head","parent":"body","pivot":[0,24,0],"cubes":[{"origin":[-4,24,-4],"size":[8,8,8],"uv":{"north":{"uv":[8,56],"uv_size":[8,8]},"east":{"uv":[0,56],"uv_size":[8,8]},"south":{"uv":[24,56],"uv_size":[8,8]},"west":{"uv":[16,56],"uv_size":[8,8]},"up":{"uv":[8,48],"uv_size":[8,8]},"down":{"uv":[16,56],"uv_size":[8,-8]}}}]},{"name":"leftArm","parent":"body","pivot":[5,22,0],"cubes":[{"origin":[4,12,-2],"size":[4,12,4],"uv":{"north":{"uv":[4,52],"uv_size":[4,12]},"east":{"uv":[0,52],"uv_size":[4,12]},"south":{"uv":[12,52],"uv_size":[4,12]},"west":{"uv":[8,52],"uv_size":[4,12]},"up":{"uv":[4,48],"uv_size":[4,4]},"down":{"uv":[8,52],"uv_size":[4,-4]}}}]},{"name":"rightArm","parent":"body","pivot":[-5,22,0]},{"name":"rightArmExtra","parent":"rightArm","pivot":[-5,22,0],"cubes":[{"origin":[-8,12,-2],"size":[4,12,4],"uv":{"north":{"uv":[4,52],"uv_size":[4,12]},"east":{"uv":[0,52],"uv_size":[4,12]},"south":{"uv":[12,52],"uv_size":[4,12]},"west":{"uv":[8,52],"uv_size":[4,12]},"up":{"uv":[4,48],"uv_size":[4,4]},"down":{"uv":[8,52],"uv_size":[4,-4]}}}]},{"name":"gun","parent":"rightArmExtra","pivot":[0,0,0]},{"name":"gunBody","parent":"gun","pivot":[0,0,-0.25],"cubes":[{"origin":[-0.5,2.325,-35.35],"size":[1,1,15],"inflate":0.1,"pivot":[0,2.825,-27.85],"rotation":[0,0,45],"uv":[0,18]},{"origin":[-1,0.075,0.75],"size":[2,3,5],"pivot":[0,1.375,3.75],"rotation":[-15,0,0],"uv":[0,18]},{"origin":[-1.5,-1.125,-5.25],"size":[3,2,1],"uv":[36,14]},{"origin":[-1.5,-0.125,-11.25],"size":[3,1,6],"uv":[16,37]},{"origin":[-1.5,-1.125,-1.75],"size":[3,2,3],"inflate":0.001,"uv":[19,8]},{"origin":[-0.5,0.875,-11.25],"size":[2,3,14],"uv":[0,0]},{"origin":[0.9,1.875,-11.25],"size":[1,1,8],"inflate":-0.2,"uv":[42,37]},{"origin":[-1.5,0.875,-11.25],"size":[1,2,14],"uv":[19,4]},{"origin":[-1.5,2.875,-11.25],"size":[1,1,2],"uv":[38,21]},{"origin":[-1.5,2.875,-6.25],"size":[1,1,9],"uv":[38,21]},{"origin":[-0.5,4.875,0.75],"size":[1,1,1],"uv":[10,18]},{"origin":[-0.5,3.875,-26.25],"size":[1,1,2],"pivot":[0,4.375,-25.25],"rotation":[0,0,45],"uv":[29,37]},{"origin":[-0.5,4.375,-25.25],"size":[1,1.5,1],"uv":[0,18]},{"origin":[-1.5,-9.99471,-0.28197],"size":[3,4.5,3],"pivot":[0,-7,-12],"rotation":[22.5,0,0],"uv":[19,0]},{"origin":[-1,-1.125,4.75],"size":[2,4,10],"inflate":0.001,"uv":[27,37]},{"origin":[-1,-1.125,-4.25],"size":[2,1,2.5],"uv":[36,5]},{"origin":[-1,3.875,-11.25],"size":[2,1,13],"uv":[20,22]},{"origin":[-1,2.875,-22.25],"size":[2,2,11],"uv":[36,0]},{"origin":[-1,0.875,-24.25],"size":[2,4,2],"uv":[0,35]},{"origin":[-1.2,0.875,-22.25],"size":[2.4,2,11],"uv":[0,35]}],"locators":{"fnfal_case":[-1.5,3.4,-7.5],"fnfal_muzzle":[0,2.8,-35.5]}},{"name":"trigger","parent":"gunBody","pivot":[0,0,-1],"cubes":[{"origin":[-0.5,0.125,-3.25],"size":[1,1,2.5],"uv":[7,27]}]},{"name":"mag","parent":"gunBody","pivot":[0,1,-8],"cubes":[{"origin":[-1,-6.59216,-10.57122],"size":[2,8,4],"inflate":0.001,"uv":[0,0]}]},{"name":"bullet_0","parent":"mag","pivot":[-4,-7.1,-1],"cubes":[{"origin":[-0.9,1.08793,-9.59544],"size":[1,1,3],"inflate":-0.1,"uv":[36,0]},{"origin":[-0.9,1.08793,-10.59544],"size":[1,1,2],"inflate":-0.2,"uv":[25,21]}]},{"name":"bullet_1","parent":"bullet_0","pivot":[0.8,0.68793,-8.24544],"cubes":[{"origin":[-0.1,0.68793,-9.59544],"size":[1,1,3],"inflate":-0.1,"uv":[36,0]},{"origin":[-0.1,0.68793,-10.59544],"size":[1,1,2],"inflate":-0.2,"uv":[25,21]}]},{"name":"pullBack","parent":"gunBody","pivot":[0,0,-2],"cubes":[{"origin":[1.5,1.875,-11.25],"size":[1,1,1],"uv":[9,0]},{"origin":[-1.4,2.775,-9.75],"size":[1,1,4],"uv":[0,27]}]},{"name":"sideHandle","parent":"gunBody","pivot":[-1,4.2,-10.75],"cubes":[{"origin":[3.68979,1.104,-11.25],"size":[4,1,1],"pivot":[0,-7,-12],"rotation":[0,0,-45],"uv":[18,27]},{"origin":[-3.62132,1.54658,-10.05],"size":[1,1,4],"inflate":0.2,"pivot":[-3.12132,2.04658,-8.05],"rotation":[0,0,-85],"uv":[18,21]}]},{"name":"leftLeg","parent":"root","pivot":[1.9,12,0],"cubes":[{"origin":[-0.1,0,-2],"size":[4,12,4],"uv":{"north":{"uv":[4,52],"uv_size":[4,12]},"east":{"uv":[0,52],"uv_size":[4,12]},"south":{"uv":[12,52],"uv_size":[4,12]},"west":{"uv":[8,52],"uv_size":[4,12]},"up":{"uv":[4,48],"uv_size":[4,4]},"down":{"uv":[8,52],"uv_size":[4,-4]}}}]},{"name":"rightLeg","parent":"root","pivot":[-1.9,12,0],"cubes":[{"origin":[-3.9,0,-2],"size":[4,12,4],"uv":{"north":{"uv":[4,52],"uv_size":[4,12]},"east":{"uv":[0,52],"uv_size":[4,12]},"south":{"uv":[12,52],"uv_size":[4,12]},"west":{"uv":[8,52],"uv_size":[4,12]},"up":{"uv":[4,48],"uv_size":[4,4]},"down":{"uv":[8,52],"uv_size":[4,-4]}}}]}]}]}