{"format_version":"1.12.0","minecraft:geometry":[{"description":{"identifier":"geometry.glock18","texture_width":64,"texture_height":64,"visible_bounds_width":2,"visible_bounds_height":3.5,"visible_bounds_offset":[0,1.25,0]},"bones":[{"name":"root","pivot":[0,0,0]},{"name":"waist","parent":"root","pivot":[0,12,0]},{"name":"body","parent":"waist","pivot":[0,24,0],"cubes":[{"origin":[-4,12,-2],"size":[8,12,4],"uv":[0,48]}]},{"name":"head","parent":"body","pivot":[0,24,0],"cubes":[{"origin":[-4,24,-4],"size":[8,8,8],"uv":[0,48]}]},{"name":"leftArm","parent":"body","pivot":[5,22,0],"cubes":[{"origin":[4,12,-2],"size":[4,12,4],"uv":[0,48]}]},{"name":"rightArm","parent":"body","pivot":[-5,22,0]},{"name":"rightArmExtra","parent":"rightArm","pivot":[-5,22,0],"cubes":[{"origin":[-8,12,-2],"size":[4,12,4],"uv":[40,16]}]},{"name":"gun","parent":"rightArm","pivot":[0,0,0]},{"name":"gunBody","parent":"gun","pivot":[0,0,0],"cubes":[{"origin":[-1,0,-9],"size":[2,1,12],"inflate":0.02,"uv":[0,0]},{"origin":[-0.9,1.9,-4],"size":[1,1,2],"inflate":0.02,"uv":[0,20]},{"origin":[-0.5,-2,-4],"size":[1,1,4],"uv":[0,14]},{"origin":[-0.5,-1,-4],"size":[1,1,1],"uv":[6,23]},{"origin":[-1,-6.28939,-1.56066],"size":[2,6,3],"pivot":[-0.11111,1.01463,-2.26459],"rotation":[22.5,0,0],"uv":[0,0]},{"origin":[-0.5,1.9,-9.1],"size":[1,1,5],"inflate":0.02,"uv":[22,25]}],"locators":{"glock18_muzzle":[0,2.5,-9.5],"glock18_case":[-1,2.5,-3]}},{"name":"mag","parent":"gunBody","pivot":[0,-5,2],"cubes":[{"origin":[-0.5,-5.54224,0.80133],"size":[1,5,2],"pivot":[0,-3.04224,1.80133],"rotation":[22.5,0,0],"uv":[17,0]}]},{"name":"slide","parent":"gunBody","pivot":[0,1,0],"cubes":[{"origin":[0,1,-9],"size":[1,2,12],"inflate":0.02,"uv":[0,14]},{"origin":[-1,1,-9],"size":[1,1,12],"inflate":0.02,"uv":[17,2]},{"origin":[-1,2,-9],"size":[1,1,5],"inflate":0.02,"uv":[23,18]},{"origin":[-1,2,-2],"size":[1,1,5],"inflate":0.02,"uv":[15,16]}]},{"name":"ironSight","parent":"slide","pivot":[0,3,2],"cubes":[{"origin":[-0.5,2.55,-8.7],"size":[1,1,1],"inflate":0.1,"pivot":[0,3.05,-8.125],"rotation":[45,0,0],"uv":[7,20]},{"origin":[-1.1,2.5,1.8],"size":[1,1,1],"inflate":-0.1,"pivot":[-0.6,3,2.3],"rotation":[-45,0,0],"uv":[7,14]},{"origin":[0.1,2.5,1.8],"size":[1,1,1],"inflate":-0.1,"pivot":[0.6,3,2.3],"rotation":[-45,0,0],"uv":[7,14]}]},{"name":"sightPoint","parent":"ironSight","pivot":[0,3,-7],"cubes":[{"origin":[-0.5,2.55,-8.55],"size":[1,1,1],"pivot":[0,3.05,-8.125],"rotation":[45,0,0],"uv":[15,16]}]},{"name":"trigger","parent":"gunBody","pivot":[-0.11111,0.01463,-1.26459],"cubes":[{"origin":[-0.5,-0.75,-2.5],"size":[1,1,2],"uv":[17,8]}]},{"name":"leftLeg","parent":"root","pivot":[1.9,12,0],"cubes":[{"origin":[-0.1,0,-2],"size":[4,12,4],"uv":[0,48]}]},{"name":"rightLeg","parent":"root","pivot":[-1.9,12,0],"cubes":[{"origin":[-3.9,0,-2],"size":[4,12,4],"uv":[0,48]}]}]}]}