{"format_version":"1.12.0","minecraft:geometry":[{"description":{"identifier":"geometry.m249","texture_width":128,"texture_height":128,"visible_bounds_width":9,"visible_bounds_height":6,"visible_bounds_offset":[0,2,0]},"bones":[{"name":"root","pivot":[0,0,0]},{"name":"waist","parent":"root","pivot":[0,12,0]},{"name":"body","parent":"waist","pivot":[0,24,0],"cubes":[{"origin":[-4,12,-2],"size":[8,12,4],"uv":[104,112]}]},{"name":"head","parent":"body","pivot":[0,24,0],"cubes":[{"origin":[-4,24,-4],"size":[8,8,8],"uv":[96,112]}]},{"name":"leftArm","parent":"body","pivot":[5,22,0],"cubes":[{"origin":[4,12,-2],"size":[4,12,4],"uv":[112,112]}]},{"name":"rightArm","parent":"body","pivot":[-5,22,0]},{"name":"rightArmExtra","parent":"rightArm","pivot":[-5,22,0],"cubes":[{"origin":[-8,12,-2],"size":[4,12,4],"uv":[112,112]}]},{"name":"gun","parent":"rightArm","pivot":[0.5,0,0]},{"name":"gunBody","parent":"gun","pivot":[0,0,0],"cubes":[{"origin":[-1.4,-6.12683,-0.60207],"size":[2.8,7,3],"pivot":[0,-7,-6],"rotation":[12.5,0,0],"uv":[19,25]},{"origin":[-1,-6.12683,-1.60207],"size":[2,1,1],"pivot":[0.4,-7,-6],"rotation":[12.5,0,0],"uv":[19,36]},{"origin":[-0.5,4.1,-33.5],"size":[1,1,23],"uv":[0,0]},{"origin":[-0.5,1.85,-27.5],"size":[1,1,6],"inflate":0.001,"uv":[55,56]},{"origin":[0,2.85,-26.5],"size":[0,4,1],"uv":[20,3]},{"origin":[-0.5,6.85,-26.5],"size":[1,0,1],"uv":[18,16]},{"origin":[-0.5,6.85,-26.5],"size":[0,1,1],"uv":[0,25]},{"origin":[0.5,6.85,-26.5],"size":[0,1,1],"uv":[6,0]},{"origin":[-0.5,7.85,-26.5],"size":[1,0,1],"uv":[18,12]},{"origin":[-2,1,-10.5],"size":[4,3,11],"uv":[22,31]},{"origin":[-2,4,-6.5],"size":[1,1,7],"uv":[17,55]},{"origin":[-2,4,-10.5],"size":[1,1,2],"uv":[13,16]},{"origin":[-1,4,-0.5],"size":[2,1,1],"uv":[27,25]},{"origin":[1,4,-5.5],"size":[1,1,6],"uv":[40,56]},{"origin":[1,4,-10.5],"size":[1,1,1],"uv":[26,36]},{"origin":[0,3.35,-9.5],"size":[1,1,4],"uv":[30,25]},{"origin":[2,3,-10.5],"size":[1,1,5],"uv":[58,19]},{"origin":[3,3,-5.5],"size":[0,1,1],"pivot":[3,3.5,-5.5],"rotation":[0,-30,0],"uv":[0,0]},{"origin":[3,2,-10.5],"size":[0,1,5],"pivot":[3,3,-8],"rotation":[0,0,-20],"uv":[29,59]},{"origin":[-2,1.5,-11.5],"size":[4,3.5,1],"uv":[53,41]},{"origin":[-1,3.6,-24.5],"size":[2,2,14],"uv":[0,25]},{"origin":[-1.5,0,-21.5],"size":[3,2,10],"uv":[0,42]},{"origin":[-1.5,2,-24.5],"size":[3,2,13],"uv":[26,0]},{"origin":[-1,-1.025,-5.25],"size":[2,2,1],"uv":[0,16]},{"origin":[-1,-1.025,-4.25],"size":[2,1,2.5],"uv":[0,5]}],"locators":{"m249_muzzle":[0,4.5,-33.6],"m249_case":[-2,4.5,-7.5]}},{"name":"mag","parent":"gunBody","pivot":[5.24101,1.75138,-8.5],"cubes":[{"origin":[-1.25,-5.95,-10.25],"size":[6,7,4.5],"inflate":0.001,"uv":[46,0]},{"origin":[-4.25,-5.95,-10.25],"size":[3,5,4.5],"inflate":0.001,"uv":[55,29]},{"origin":[-4.25,-2.95,-10.25],"size":[3.6,2,4.5],"pivot":[-4.25,-0.95,-8],"rotation":[0,0,-33.7],"uv":[26,16]},{"origin":[1.75,1.05,-10.25],"size":[3,1,4.5],"uv":[17,46]},{"origin":[4.75,-5.95,-10.25],"size":[1,8,4.5],"inflate":0.2,"uv":[0,25]}]},{"name":"ammo","parent":"mag","pivot":[4.25,2.55,-8]},{"name":"bullet_0","parent":"ammo","pivot":[4.10339,2.42292,-8],"rotation":[0,0,-20]},{"name":"bullet__0","parent":"bullet_0","pivot":[3.5,4.9,-8],"cubes":[{"origin":[5.5,3.9,-9.75],"size":[1,1,3.5],"pivot":[3.5,4.9,-8],"rotation":[0,0,65],"uv":[0,0]}]},{"name":"bullet_1","parent":"bullet_0","pivot":[4.30339,3.62292,-8],"rotation":[0,0,-7.5]},{"name":"bullet__1","parent":"bullet_1","pivot":[3.7,6.1,-8],"cubes":[{"origin":[5.7,5.1,-9.85],"size":[1,1,3.5],"pivot":[3.7,6.1,-8],"rotation":[0,0,65],"uv":[0,43]}]},{"name":"bullet_2","parent":"bullet_1","pivot":[4.30339,4.62292,-8],"rotation":[0,0,-54.5]},{"name":"bullet__2","parent":"bullet_2","pivot":[3.7,7.1,-8],"cubes":[{"origin":[5.7,6.1,-9.75],"size":[1,1,3.5],"pivot":[3.7,7.1,-8],"rotation":[0,0,65],"uv":[0,0]}]},{"name":"bullet_3","parent":"bullet_2","pivot":[4.50339,5.62292,-8],"rotation":[0,0,-147.5]},{"name":"bullet__3","parent":"bullet_3","pivot":[3.9,8.1,-8],"cubes":[{"origin":[5.9,7.1,-9.85],"size":[1,1,3.5],"pivot":[3.9,8.1,-8],"rotation":[0,0,65],"uv":[0,43]}]},{"name":"bullet_4","parent":"bullet_3","pivot":[5.00339,4.72292,-8],"rotation":[0,0,151.5]},{"name":"bullet__4","parent":"bullet_4","pivot":[4.4,7.2,-8],"cubes":[{"origin":[6.4,6.2,-9.75],"size":[1,1,3.5],"pivot":[4.4,7.2,-8],"rotation":[0,0,65],"uv":[0,0]}]},{"name":"bullet_5","parent":"bullet_4","pivot":[4.60339,5.42292,-8],"rotation":[0,0,49]},{"name":"bullet__5","parent":"bullet_5","pivot":[4.60339,5.42292,-8],"cubes":[{"origin":[6,6.9,-9.85],"size":[1,1,3.5],"pivot":[4,7.9,-8],"rotation":[0,0,65],"uv":[0,43]}]},{"name":"bullet_6","parent":"bullet_5","pivot":[3.70339,5.12292,-8],"rotation":[0,0,54]},{"name":"bullet__6","parent":"bullet_6","pivot":[3.1,7.6,-8],"cubes":[{"origin":[5.1,6.6,-9.75],"size":[1,1,3.5],"pivot":[3.1,7.6,-8],"rotation":[0,0,65],"uv":[0,0]}]},{"name":"sideHandleBase","parent":"gunBody","pivot":[-2.09046,4.98069,-12.71199],"rotation":[0,0,-32.5],"cubes":[{"origin":[-2.5,4.5,-16.5],"size":[1,1,5],"uv":[58,12]}]},{"name":"sideHandle","parent":"sideHandleBase","pivot":[-2.13569,5.47104,-16.06798],"cubes":[{"origin":[-3,6.75,-16.5],"size":[2,2,6],"pivot":[0,7,-15.5],"rotation":[15,-10,0],"uv":[0,55]},{"origin":[-2.5,5.5,-16.5],"size":[1,2,1],"uv":[26,0]}]},{"name":"bodyCover","parent":"gunBody","pivot":[0,5.17019,-10.1376],"cubes":[{"origin":[-2,5,-10.5],"size":[4,1,11],"uv":[38,16]},{"origin":[-1,5.3,-10],"size":[2,1,8],"uv":[0,12]},{"origin":[-1.5,5.3,-1.5],"size":[1,1,2],"pivot":[0,5,-2.5],"rotation":[15,0,0],"uv":[13,12]},{"origin":[0.5,5.3,-1.5],"size":[1,1,2],"pivot":[0,5,-2.5],"rotation":[15,0,0],"uv":[13,3]}]},{"name":"trigger","parent":"gunBody","pivot":[0,-30.9,-3],"cubes":[{"origin":[-0.5,0.225,-3.25],"size":[1,1,2.5],"uv":[0,12]}]},{"name":"stock","parent":"gunBody","pivot":[0,31,0],"cubes":[{"origin":[-1.5,0.75736,6],"size":[3,4,6],"inflate":0.001,"uv":[27,46]},{"origin":[-1.5,4.75736,10],"size":[3,1,2],"inflate":0.001,"uv":[37,16]},{"origin":[-1.5,-1.48589,6.48742],"size":[3,1,3],"pivot":[0.0404,3.9242,-5.94977],"rotation":[22.5,0,0],"uv":[26,7]},{"origin":[-1.5,1.75736,0],"size":[3,3,6],"inflate":0.001,"uv":[46,46]},{"origin":[-1.5,1.48614,-0.02396],"size":[3,3,2.4],"pivot":[0.0404,4.48989,2.51541],"rotation":[-37,0,0],"uv":[40,46]},{"origin":[-1.5,1.6875,0.27423],"size":[3,1,1.8],"pivot":[0.0404,1.69125,1.9136],"rotation":[24.5,0,0],"uv":[13,0]}]},{"name":"pullBack","parent":"gunBody","pivot":[0,5.1,-5],"cubes":[{"origin":[-2.1,4.1,-6],"size":[2.1,1,1],"uv":[7,25]},{"origin":[-4.2,3.1,-9],"size":[2.1,1,1],"uv":[13,7]},{"origin":[-2.1,3.1,-10],"size":[1.1,1,5],"uv":[26,0]}]},{"name":"handler","parent":"gunBody","pivot":[0,2.5,-24.9],"rotation":[75,0,0],"cubes":[{"origin":[-0.5,2,-26.45],"size":[1,1,1.3],"uv":[34,0]}]},{"name":"handler_0","parent":"handler","pivot":[-0.5,2.5,-26.45],"rotation":[0,25,0],"cubes":[{"origin":[-1.5,2,-36.45],"size":[1,1,10],"uv":[42,29]},{"origin":[-2.5,2,-36.45],"size":[1,1,0],"uv":[5,12]}]},{"name":"handler_1","parent":"handler","pivot":[0.5,2.5,-26.45],"rotation":[0,-25,0],"cubes":[{"origin":[0.5,2,-36.45],"size":[1,1,10],"uv":[0,0]},{"origin":[1.5,2,-36.45],"size":[1,1,0],"uv":[7,5]}]},{"name":"leftLeg","parent":"root","pivot":[1.9,12,0],"cubes":[{"origin":[-0.1,0,-2],"size":[4,12,4],"uv":[112,112]}]},{"name":"rightLeg","parent":"root","pivot":[-1.9,12,0],"cubes":[{"origin":[-3.9,0,-2],"size":[4,12,4],"uv":[112,112]}]}]}]}