{"format_version":"1.16.0","minecraft:geometry":[{"description":{"identifier":"geometry.m4a1","texture_width":64,"texture_height":64,"visible_bounds_width":6,"visible_bounds_height":5,"visible_bounds_offset":[0,1.5,0]},"bones":[{"name":"root","pivot":[0,0,0]},{"name":"waist","parent":"root","pivot":[0,12,0]},{"name":"body","parent":"waist","pivot":[0,24,0],"cubes":[{"origin":[-4,12,-2],"size":[8,12,4],"uv":[40,48]}]},{"name":"head","parent":"body","pivot":[0,24,0],"cubes":[{"origin":[-4,24,-4],"size":[8,8,8],"uv":[32,48]}]},{"name":"leftArm","parent":"body","pivot":[5,22,0],"cubes":[{"origin":[4,12,-2],"size":[4,12,4],"uv":[48,48]}]},{"name":"rightArm","parent":"body","pivot":[-5,22,0]},{"name":"rightArmExtra","parent":"rightArm","pivot":[-5,22,0],"cubes":[{"origin":[-8,12,-2],"size":[4,12,4],"uv":[48,48]}]},{"name":"gun","parent":"rightArm","pivot":[0,0,0]},{"name":"gunBody","parent":"gun","pivot":[0,0,0],"binding":"q.item_slot_to_bone_name((c.is_first_person || c.item_slot == 'off_hand') ? 'body' : 'main_hand')","cubes":[{"origin":[-0.5,2.875,-28.8],"size":[1,1,9],"inflate":0.15,"pivot":[0,3.375,-24.3],"rotation":[0,0,45],"uv":[28,0]},{"origin":[-0.5,4.075,-23.45],"size":[1,4,1],"inflate":0.1,"uv":[0,30]},{"origin":[-0.5,2.075,-23.45],"size":[1,1,1],"inflate":0.1,"uv":[26,44]},{"origin":[-0.5,2.075,-20.45],"size":[1,1,1],"inflate":0.1,"uv":[12,43]},{"origin":[-0.5,3.48921,-21.86421],"size":[1,4,1],"inflate":0.09,"pivot":[0,5.48921,-21.36421],"rotation":[54.73561,-30,-35.26439],"uv":[28,20]},{"origin":[-1.8,-1.125,-8.95],"size":[3.6,2,5],"uv":[34,30]},{"origin":[-0.5,0.875,-8.95],"size":[2.3,4,5],"uv":[19,32]},{"origin":[-1.5,-1.125,-1.45],"size":[3,2,3],"inflate":0.001,"uv":[41,20]},{"origin":[-1.5,0.875,-3.95],"size":[3,4,6.75],"uv":[0,30]},{"origin":[-1.8,0.875,-8.95],"size":[1.3,2,5.05],"uv":[0,41]},{"origin":[-1.8,3.875,-8.95],"size":[1.3,1,5.05],"uv":[26,44]},{"origin":[-1.8,2.875,-8.95],"size":[1.3,1,1.75],"uv":[34,32]},{"origin":[-1.5,2.375,-2.2],"size":[1,1,4],"pivot":[-1.5,2,-2.2],"rotation":[0,-22.5,0],"uv":[48,9]},{"origin":[-1.9,1.975,1.8],"size":[1.8,1.8,1],"pivot":[-1.5,2,-2.2],"rotation":[0,-22.5,0],"uv":[22,42]},{"origin":[-1.5,-7.49866,0.94069],"size":[3,4.5,3],"pivot":[-0.16061,-8.07124,-4.96442],"rotation":[22.5,0,0],"uv":[46,27]},{"origin":[-1,-1.125,-3.95],"size":[2,1,2.5],"uv":[15,6]},{"origin":[-1,0.875,-19.95],"size":[2,5,10],"uv":[0,0]},{"origin":[-1,1.875,-9.95],"size":[2,3,1],"uv":[13,20]},{"origin":[-1,4.875,-8.55],"size":[2,1,10.6],"uv":[13,20]},{"origin":[1,1.875,-19.95],"size":[1,3,10],"uv":[0,16]},{"origin":[-2,1.875,-19.95],"size":[1,3,10],"uv":[15,6]},{"origin":[-1.5,1.5,3.3],"size":[3,3,6],"uv":[28,20]},{"origin":[-1.5,-2.5,9.3],"size":[3,7,3],"uv":[34,38]},{"origin":[-1,-1.5,7.3],"size":[2,3,3],"uv":[44,46]},{"origin":[-1,5.81452,-6.07002],"size":[2,3,5],"inflate":0.001,"pivot":[-0.16061,-7.94624,-5.71442],"rotation":[-45,0,0],"uv":[38,11]},{"origin":[-1,2,0.3],"size":[2,2,3],"uv":[47,38]}],"locators":{"m4a1_case":[-2,3.5,-5.7],"m4a1_muzzle":[0,3.4,-29.2]}},{"name":"trigger","parent":"gunBody","pivot":[0,0.625,-1.7],"cubes":[{"origin":[-0.5,0.125,-2.95],"size":[1,1,2.5],"uv":[13,32]}]},{"name":"ironSight","parent":"gunBody","pivot":[0,5.5,-0.7],"cubes":[{"origin":[-1.25,5.2,-1.7],"size":[2.5,1.3,3],"uv":[0,49]},{"origin":[-1,6.5,-1.7],"size":[2,1,3],"uv":[28,11]},{"origin":[1,7.5,-0.7],"size":[0,1,2],"uv":[0,41]},{"origin":[-1,7.5,-0.7],"size":[0,1,2],"uv":[29,32]},{"origin":[0.75,5.5,-1.2],"size":[1,1,1],"uv":[8,41]},{"origin":[-1.75,6.5,-0.2],"size":[1,1,1],"inflate":-0.01,"uv":[36,11]}]},{"name":"mag","parent":"gunBody","pivot":[0,-0.125,-6.125],"cubes":[{"origin":[-1,-3.59216,-8.44622],"size":[2,3,4],"inflate":0.001,"uv":[13,42]},{"origin":[-1,-7.60078,-8.47596],"size":[2,4,4],"pivot":[-0.16061,-3.67124,-4.43942],"rotation":[-20,0,0],"uv":[40,0]}]},{"name":"bullet_0","parent":"mag","pivot":[-4,-9.1,1.1],"cubes":[{"origin":[-0.9,-0.91207,-7.49544],"size":[1,1,3],"inflate":-0.1,"uv":[0,5]},{"origin":[-0.9,-0.91207,-8.49544],"size":[1,1,2],"inflate":-0.2,"uv":[28,3]}]},{"name":"bullet_1","parent":"bullet_0","pivot":[0.8,-1.31207,-6.14544],"cubes":[{"origin":[-0.1,-1.31207,-7.49544],"size":[1,1,3],"inflate":-0.1,"uv":[0,0]},{"origin":[-0.1,-1.31207,-8.49544],"size":[1,1,2],"inflate":-0.2,"uv":[0,21]}]},{"name":"pullBack","parent":"gunBody","pivot":[0,0,-0.7],"cubes":[{"origin":[-2,4.875,2.05],"size":[4,1,1],"uv":[24,0]},{"origin":[-1,4.875,-1.65],"size":[2,1,4],"inflate":-0.25,"uv":[15,0]}]},{"name":"bulletCase","parent":"pullBack","pivot":[0,-5,-1.7],"cubes":[{"origin":[-1.4,2.875,-7.35],"size":[1,1,3.75],"uv":[0,16]}]},{"name":"leftLeg","parent":"root","pivot":[1.9,12,0],"cubes":[{"origin":[-0.1,0,-2],"size":[4,12,4],"uv":[48,48]}]},{"name":"rightLeg","parent":"root","pivot":[-1.9,12,0],"cubes":[{"origin":[-3.9,0,-2],"size":[4,12,4],"uv":[48,48]}]}]}]}