{"format_version":"1.16.0","minecraft:geometry":[{"description":{"identifier":"geometry.mossberg","texture_width":64,"texture_height":64,"visible_bounds_width":5,"visible_bounds_height":4.5,"visible_bounds_offset":[0,1.75,0]},"bones":[{"name":"root","pivot":[0,0,0]},{"name":"waist","parent":"root","pivot":[0,12,0]},{"name":"body","parent":"waist","pivot":[0,24,0],"cubes":[{"origin":[-4,12,-2],"size":[8,12,4],"uv":[0,48]}]},{"name":"head","parent":"body","pivot":[0,24,0],"cubes":[{"origin":[-4,24,-4],"size":[8,8,8],"uv":[0,48]}]},{"name":"leftArm","parent":"body","pivot":[5,22,0],"cubes":[{"origin":[4,12,-2],"size":[4,12,4],"uv":[0,48]}]},{"name":"rightArm","parent":"body","pivot":[-5,22,0]},{"name":"rightArmExtra","parent":"rightArm","pivot":[-5,22,0],"cubes":[{"origin":[-8,12,-2],"size":[4,12,4],"uv":[40,16]}]},{"name":"gun","parent":"rightArm","pivot":[0,0,0]},{"name":"gunBody","parent":"gun","pivot":[0,-1,0],"cubes":[{"origin":[-0.5,2.775,-31.85],"size":[1,1,21],"inflate":0.2,"pivot":[0,3.275,-20.85],"rotation":[0,0,45],"uv":[0,0]},{"origin":[-0.5,1.125,-25.85],"size":[1,2,2],"uv":[0,0]},{"origin":[-0.5,0.575,-25.85],"size":[1,1,15],"inflate":0.2,"pivot":[0,1.075,-20.85],"rotation":[0,0,45],"uv":[0,23]},{"origin":[-1,-2.125,-4.25],"size":[2,2,1],"uv":[0,31]},{"origin":[-1,-2.125,-0.25],"size":[2,2,1],"uv":[14,0]},{"origin":[-1.5,-0.125,-4.75],"size":[3,3.5,7],"uv":[0,0]},{"origin":[-0.5,-0.125,-10.75],"size":[2,3.5,6],"uv":[40,40]},{"origin":[-1.5,-0.125,-10.75],"size":[1,1,6],"uv":[35,27]},{"origin":[-1.5,0.875,-10.75],"size":[1,1.5,2],"uv":[13,11]},{"origin":[-1.5,2.375,-10.75],"size":[1,1,6],"uv":[0,23]},{"origin":[-1,-2.125,-3.25],"size":[2,1,3],"uv":[18,29]},{"origin":[-1,3.375,-10.75],"size":[2,1,12],"inflate":0.001,"uv":[18,23]}],"locators":{"mossberg_case":[-2,1.6,-6.7],"mossberg_muzzle":[0,3.2,-32.1]}},{"name":"buttstock","parent":"gunBody","pivot":[0,-1,0],"cubes":[{"origin":[-1.5,-0.125,2.25],"size":[3,3,10],"uv":[24,0]},{"origin":[-1.5,-2.625,6.25],"size":[3,2.5,6],"uv":[0,40]},{"origin":[-1.5,-2.625,0.25],"size":[3,2.5,6],"inflate":-0.001,"pivot":[0,-2.575,6.25],"rotation":[-32.5,0,0],"uv":[27,37]},{"origin":[-1.5,0.83459,-1.07658],"size":[3,2.5,6],"inflate":-0.002,"pivot":[0,0.80999,-1.06337],"rotation":[-40,0,0],"uv":[0,11]},{"origin":[-1,3.375,1.25],"size":[2,1,3],"pivot":[0,4.375,1.25],"rotation":[-37.5,0,0],"uv":[24,14]}]},{"name":"trigger","parent":"gunBody","pivot":[0,-0.375,-1],"cubes":[{"origin":[-0.5,-0.875,-2.25],"size":[1,1,2.5],"uv":[24,5]}]},{"name":"pump","parent":"gunBody","pivot":[0,0,-11],"cubes":[{"origin":[-1.5,-0.625,-22.75],"size":[3,3,9],"uv":[36,14]}]},{"name":"bulletCase","parent":"pump","pivot":[0.1,-2,0],"cubes":[{"origin":[-1.4,0.875,-8.75],"size":[1,1.5,4],"uv":[18,23]}]},{"name":"shell","parent":"gunBody","pivot":[-0.5,1.5,-6.75],"cubes":[{"origin":[-0.5,1,-8.25],"size":[1,1,3],"uv":[24,0]}]},{"name":"leftLeg","parent":"root","pivot":[1.9,12,0],"cubes":[{"origin":[-0.1,0,-2],"size":[4,12,4],"uv":[0,48]}]},{"name":"rightLeg","parent":"root","pivot":[-1.9,12,0],"cubes":[{"origin":[-3.9,0,-2],"size":[4,12,4],"uv":[0,48]}]}]}]}