{"format_version":"1.12.0","minecraft:geometry":[{"description":{"identifier":"geometry.mp5a5","texture_width":64,"texture_height":64,"visible_bounds_width":4,"visible_bounds_height":4,"visible_bounds_offset":[0,1,0]},"bones":[{"name":"root","pivot":[0,0,0]},{"name":"waist","parent":"root","pivot":[0,12,0]},{"name":"body","parent":"waist","pivot":[0,24,0],"cubes":[{"origin":[-4,12,-2],"size":[8,12,4],"uv":[0,48]}]},{"name":"head","parent":"body","pivot":[0,24,0],"cubes":[{"origin":[-4,24,-4],"size":[8,8,8],"uv":[0,48]}]},{"name":"leftArm","parent":"body","pivot":[5,22,0],"cubes":[{"origin":[4,12,-2],"size":[4,12,4],"uv":[0,48]}]},{"name":"rightArm","parent":"body","pivot":[-5,22,0]},{"name":"rightArmExtra","parent":"rightArm","pivot":[-5,22,0],"cubes":[{"origin":[-8,12,-2],"size":[4,12,4],"uv":[0,48]}]},{"name":"gun","parent":"rightArm","pivot":[0,0,0]},{"name":"gunBody","parent":"gun","pivot":[0,-1,0],"cubes":[{"origin":[-0.5,2.325,-20.55],"size":[1,1,2.3],"inflate":0.1,"pivot":[0,2.825,-19.55],"rotation":[0,0,45],"uv":[15,35]},{"origin":[-0.5,3.525,-19.55],"size":[1,1,1.3],"inflate":0.1,"pivot":[0,4.025,-19.55],"rotation":[0,0,45],"uv":[6,24]},{"origin":[-1,-2.125,-4.25],"size":[2,2,1],"uv":[34,10]},{"origin":[-1,-2.125,-0.75],"size":[2,2,3],"inflate":0.001,"uv":[32,19]},{"origin":[-1,-0.125,-8.25],"size":[2,2,11],"uv":[18,5]},{"origin":[0,1.875,-8.25],"size":[1.2,2,13],"uv":[0,0]},{"origin":[-1.2,1.875,-8.25],"size":[1.2,1,13],"uv":[0,16]},{"origin":[-1.2,2.875,-8.25],"size":[1.2,1,2],"uv":[34,4]},{"origin":[-1.2,2.875,-3.25],"size":[1.2,1,8],"uv":[34,0]},{"origin":[-1,0.875,2.75],"size":[2,1,2],"uv":[25,0]},{"origin":[-1.35,0.875,-18.25],"size":[2.7,3,10],"pivot":[-0.75,0.75,-8.25],"rotation":[-2.5,0,0],"uv":[0,31]},{"origin":[-1,-8.49866,1.64069],"size":[2,4.5,3],"pivot":[-0.66061,-9.07124,-4.26442],"rotation":[22.5,0,0],"uv":[0,16]},{"origin":[-1,-2.125,-3.25],"size":[2,1,2.5],"uv":[16,9]},{"origin":[-0.7,1.775,-18.35],"size":[1.4,3,11],"inflate":0.1,"uv":[18,20]},{"origin":[-0.7,3.775,-7.15],"size":[1.4,1,11],"inflate":0.1,"uv":[32,24]},{"origin":[-0.5,2.925,-19.35],"size":[1,3,1],"inflate":0.1,"uv":[22,35]},{"origin":[-0.5,4.875,0.65],"size":[1,1.1,1],"pivot":[0,4.825,1.65],"rotation":[30,0,0],"uv":[22,19]},{"origin":[0.6,4.875,0.65],"size":[0,1.1,1],"uv":[0,16]},{"origin":[-0.6,4.875,0.65],"size":[0,1.1,1],"uv":[0,0]}],"locators":{"mp5a5_case":[-1.5,3.3,-4.8],"mp5a5_muzzle":[0.5,2.8,-20.7]}},{"name":"bulletCase","parent":"gunBody","pivot":[-0.9,1.9,2],"cubes":[{"origin":[-1.1,2.775,-6.25],"size":[1.2,1,3],"uv":[0,24]}]},{"name":"pullBack","parent":"bulletCase","pivot":[1,4,-12],"cubes":[{"origin":[0.625,3.65,-13.35],"size":[1.5,1,1.5],"pivot":[0.625,4.15,-12.6],"rotation":[0,0,-22.5],"uv":[8,16]}]},{"name":"buttstock","parent":"gunBody","pivot":[0,0,0],"cubes":[{"origin":[0.7,1.975,4.75],"size":[0,1.8,4],"uv":[32,25]},{"origin":[-0.5,1.975,7.75],"size":[1,1.8,1],"uv":[8,0]},{"origin":[-0.7,1.975,4.75],"size":[0,1.8,4],"uv":[0,31]},{"origin":[-1,-3.125,8.75],"size":[2,8,3],"uv":[0,0]}]},{"name":"mag","parent":"gunBody","pivot":[0,-0.125,-6.25],"rotation":[-10,0,0],"cubes":[{"origin":[-0.5,-3.59216,-7.57122],"size":[1,4,3],"inflate":0.001,"uv":[16,19]},{"origin":[-0.5,-8.59317,-7.56269],"size":[1,5,3],"pivot":[0.33939,-3.57124,-4.56442],"rotation":[-12.5,0,0],"uv":[16,0]}]},{"name":"trigger","parent":"gunBody","pivot":[0,-1,0],"cubes":[{"origin":[-0.5,-0.875,-2.25],"size":[1,1,2.5],"uv":[34,0]}]},{"name":"leftLeg","parent":"root","pivot":[1.9,12,0],"cubes":[{"origin":[-0.1,0,-2],"size":[4,12,4],"uv":[0,48]}]},{"name":"rightLeg","parent":"root","pivot":[-1.9,12,0],"cubes":[{"origin":[-3.9,0,-2],"size":[4,12,4],"uv":[0,48]}]}]}]}