{"format_version":"1.16.0","minecraft:geometry":[{"description":{"identifier":"geometry.rpg7","texture_width":128,"texture_height":128,"visible_bounds_width":8,"visible_bounds_height":4,"visible_bounds_offset":[0,1,0]},"bones":[{"name":"root","pivot":[0,0,0]},{"name":"waist","parent":"root","pivot":[0,12,0]},{"name":"body","parent":"waist","pivot":[0,24,0],"cubes":[{"origin":[-4,12,-2],"size":[8,12,4],"uv":[104,112]}]},{"name":"head","parent":"body","pivot":[0,24,0],"cubes":[{"origin":[-4,24,-4],"size":[8,8,8],"uv":[96,112]}]},{"name":"leftArm","parent":"body","pivot":[5,22,0],"cubes":[{"origin":[4,12,-2],"size":[4,12,4],"uv":[112,112]}]},{"name":"rightArm","parent":"body","pivot":[-5,22,0]},{"name":"rightArmExtra","parent":"rightArm","pivot":[-5,22,0],"cubes":[{"origin":[-8,12,-2],"size":[4,12,4],"uv":[112,112]}]},{"name":"gun","parent":"rightArm","pivot":[0.5,0,0]},{"name":"gunBody","parent":"gun","pivot":[0,-1,0],"binding":"q.item_slot_to_bone_name((c.is_first_person || c.item_slot == 'off_hand') ? 'body' : 'main_hand')","cubes":[{"origin":[-1,-1.125,-12.25],"size":[2,2,1],"uv":[34,40]},{"origin":[-2.5,0.875,-7.25],"size":[5,5,12],"uv":[0,18]},{"origin":[2.5,1.875,-6.25],"size":[1,2,8],"uv":[44,0]},{"origin":[-2.5,0.875,17.75],"size":[5,5,5],"uv":[43,40]},{"origin":[-2,1.375,-19.25],"size":[4,4,12],"uv":[23,6]},{"origin":[-2,0.375,-14.25],"size":[4,1,9],"uv":[16,40]},{"origin":[-2,0.375,-1.25],"size":[4,1,4],"uv":[22,0]},{"origin":[-2,1.375,4.75],"size":[4,4,13],"uv":[0,0]},{"origin":[-3.5,-0.125,22.75],"size":[7,7,3],"uv":[42,23]},{"origin":[-1.5,-4.49866,-0.88431],"size":[3,5.5,3],"uv":[28,51]},{"origin":[-1.5,-5.49866,-8.88431],"size":[3,6.5,3],"uv":[0,0]},{"origin":[-1,-2.125,-11.25],"size":[2,1,2.5],"uv":[35,0]},{"origin":[-0.5,-0.375,-10.25],"size":[1,1,1.5],"uv":[7,10]},{"origin":[-0.5,-2.175,-7.25],"size":[1,3,2.5],"pivot":[0,0.125,-6],"rotation":[15,0,0],"uv":[0,24]}],"locators":{"rpg_front":[0,3.5,-19],"rpg_back":[0,3.5,26]}},{"name":"backSight","parent":"gunBody","pivot":[0,0,1],"cubes":[{"origin":[1.5,5.875,-5.25],"size":[2,1,6],"uv":[11,51]},{"origin":[2,4.875,-5.25],"size":[1,1,5],"uv":[55,0]},{"origin":[1.5,6.875,-0.25],"size":[2,2,1],"uv":[18,39]},{"origin":[3.5,8.875,-0.25],"size":[0,1,1],"uv":[10,0]},{"origin":[1.5,8.875,-0.25],"size":[0,1,1],"uv":[10,0]},{"origin":[1.5,9.875,-0.25],"size":[2,0,1],"uv":[5,24]},{"origin":[1.5,7.875,0.75],"size":[2,1,1],"uv":[0,10]}]},{"name":"ironSight","parent":"gunBody","pivot":[0,0,-12],"cubes":[{"origin":[1.5,5.875,-18.25],"size":[2,1,6],"uv":[0,49]},{"origin":[2,4.875,-18.25],"size":[1,1,5],"uv":[49,53]},{"origin":[1.5,6.875,-18.25],"size":[2,2,1],"uv":[0,36]},{"origin":[3.5,8.875,-17.75],"size":[0,1,1],"uv":[0,0]},{"origin":[1.5,8.875,-17.75],"size":[0,1,1],"uv":[0,0]}]},{"name":"missile","parent":"gunBody","pivot":[0,3.5,-28.07143],"cubes":[{"origin":[-1.5,1.9,-23.3],"size":[3,3,11],"uv":[24,25]},{"origin":[-1.5,1.9,-36.3],"size":[3,3,2],"uv":[0,18]},{"origin":[-1,2.4,-38.3],"size":[2,2,2],"uv":[23,23]},{"origin":[-2.5,0.9,-32.3],"size":[5,5,7],"uv":[0,36]},{"origin":[-2,1.4,-21.3],"size":[4,4,2],"uv":[41,51]},{"origin":[-2,1.4,-25.3],"size":[4,4,2],"uv":[44,11]},{"origin":[-2,1.4,-34.3],"size":[4,4,2],"uv":[22,6]}]},{"name":"leftLeg","parent":"root","pivot":[1.9,12,0],"cubes":[{"origin":[-0.1,0,-2],"size":[4,12,4],"uv":[112,112]}]},{"name":"rightLeg","parent":"root","pivot":[-1.9,12,0],"cubes":[{"origin":[-3.9,0,-2],"size":[4,12,4],"uv":[112,112]}]}]}]}