{"format_version":"1.8.0","animations":{"animation.armor_2":{"loop":true,"bones":{"jacket":{"scale":0}}},"animation.armor":{"loop":true,"bones":{"hat":{"scale":0.9}}},"animation.crawl2":{"loop":true,"animation_length":1.1667,"bones":{"root":{"rotation":[87.5,0,0],"position":[0,17,16]},"waist":{"rotation":{"0.0":{"post":[-10,0,0],"lerp_mode":"catmullrom"},"0.2083":{"post":[-8.78276,11.08194,5.76922],"lerp_mode":"catmullrom"},"0.375":{"post":[-8.78276,11.08194,5.76922],"lerp_mode":"catmullrom"},"0.5833":{"post":[-10,0,0],"lerp_mode":"catmullrom"},"0.7917":{"post":[-8.78276,-11.0819,5.76922],"lerp_mode":"catmullrom"},"0.9583":{"post":[-8.78276,-11.0819,5.76922],"lerp_mode":"catmullrom"},"1.1667":[-10,0,0]},"position":{"0.0":{"post":[0,0,0],"lerp_mode":"catmullrom"},"0.2083":{"post":[0,0,0.625],"lerp_mode":"catmullrom"},"0.375":{"post":[0,0,0.625],"lerp_mode":"catmullrom"},"0.5833":{"post":[0,0,0],"lerp_mode":"catmullrom"},"0.7917":{"post":[0,0,0.625],"lerp_mode":"catmullrom"},"0.9583":{"post":[0,0,0.625],"lerp_mode":"catmullrom"},"1.1667":[0,0,0]}},"head":{"position":[0,0,-2]},"leftArm":{"rotation":{"0.0":{"post":[-114.0902,-77.71578,-120.76909],"lerp_mode":"catmullrom"},"0.5833":{"post":[-114.0902,-77.71578,-120.76909],"lerp_mode":"catmullrom"},"0.7917":{"post":[-79.0902,-77.71578,-120.76909],"lerp_mode":"catmullrom"},"0.9583":{"post":[-114.0902,-77.71578,-120.76909],"lerp_mode":"catmullrom"},"1.1667":[-84.81,-73.03,-127.77]},"position":{"0.0":{"post":[3,2,-4],"lerp_mode":"catmullrom"},"0.5833":{"post":[3,2,-4],"lerp_mode":"catmullrom"},"0.7917":{"post":[2,5,-3],"lerp_mode":"catmullrom"},"0.9583":{"post":[2,7,-6],"lerp_mode":"catmullrom"},"1.1667":[2,0,-3]}},"rightArm":{"rotation":{"0.0":{"post":[-118.67124,80.31531,104.87963],"lerp_mode":"catmullrom"},"0.2083":{"post":[-94.26263,78.06201,110.68633],"lerp_mode":"catmullrom"},"0.375":{"post":[-197.73733,85.13891,25.40868],"lerp_mode":"catmullrom"},"0.5833":[-118.67124,80.31531,104.87963]},"position":{"0.0":{"post":[-2,2,-4],"lerp_mode":"catmullrom"},"0.2083":{"post":[-2,4,-3],"lerp_mode":"catmullrom"},"0.375":{"post":[-2,7,-7],"lerp_mode":"catmullrom"},"0.5833":[-2,2,-4]}},"leftLeg":{"rotation":{"0.0":{"post":[1.96051,-19.66942,-6.21451],"lerp_mode":"catmullrom"},"0.2083":{"post":[1.70062,-0.73806,11.93334],"lerp_mode":"catmullrom"},"0.375":{"post":[1.70062,-0.73806,11.93334],"lerp_mode":"catmullrom"},"0.5833":{"post":[1.96,-19.67,-6.21],"lerp_mode":"catmullrom"},"0.7917":{"post":[1.86017,-7.17689,-5.78251],"lerp_mode":"catmullrom"},"0.9583":{"post":[1.86017,-7.17689,-5.78251],"lerp_mode":"catmullrom"},"1.1667":[1.96,-19.67,-6.21]},"position":{"0.0":{"post":[0,0,0],"lerp_mode":"catmullrom"},"0.2083":{"post":[3,3.04,0],"lerp_mode":"catmullrom"},"0.375":{"post":[3,3.04,0],"lerp_mode":"catmullrom"},"0.5833":{"post":[0,0,0],"lerp_mode":"catmullrom"},"0.7917":{"post":[0,-1,0],"lerp_mode":"catmullrom"},"0.9583":{"post":[0,-1,0],"lerp_mode":"catmullrom"},"1.1667":[0,0,0]}},"rightLeg":{"rotation":{"0.0":{"post":[2.43212,6.84645,15.30375],"lerp_mode":"catmullrom"},"0.2083":{"post":[-2.55089,1.85144,15.5276],"lerp_mode":"catmullrom"},"0.375":{"post":[-2.55089,1.85144,15.5276],"lerp_mode":"catmullrom"},"0.5833":{"post":[2.43212,6.84645,15.30375],"lerp_mode":"catmullrom"},"0.7917":{"post":[-0.86773,7.68808,-12.44763],"lerp_mode":"catmullrom"},"1.0":{"post":[2.43212,6.84645,15.30375],"lerp_mode":"catmullrom"},"1.1667":[2.43212,6.84645,15.30375]},"position":{"0.0":{"post":[0,0,0],"lerp_mode":"catmullrom"},"0.2083":{"post":[0,0,-0.05],"lerp_mode":"catmullrom"},"0.375":{"post":[0,0,-0.05],"lerp_mode":"catmullrom"},"0.5833":{"post":[0,0,0],"lerp_mode":"catmullrom"},"0.7917":{"post":[-4,5,0],"lerp_mode":"catmullrom"},"1.0":{"post":[-4,5,0],"lerp_mode":"catmullrom"},"1.1667":[0,0,0]}},"binocular":{"position":{"0.0":[0,30,-4],"0.1667":[0,33,-4],"0.3333":[2,35,-5],"0.4167":[2.75,34,-5],"0.625":[2.75,30,-5],"1.1667":[0,30,-4]}}}},"animation.crawl1":{"loop":true,"bones":{"root":{"rotation":[87.5,0,0],"position":[0,17,16]},"waist":{"rotation":[-10,0,0]},"cape":{"rotation":[-75,0,0]},"leftArm":{"rotation":[-84.8106,-73.03084,-127.7743],"position":[2,0,-3]},"rightArm":{"rotation":[-91.76263,78.06201,110.68633],"position":[-2,0,-3]},"leftLeg":{"rotation":[1.96051,-19.66942,-6.21451]},"rightLeg":{"rotation":[2.43212,6.84645,15.30375]},"binocular":{"position":[0,30,-4]}}},"animation.b8_use_crawl":{"loop":true,"animation_length":0.25,"bones":{"root":{"rotation":[87.5,0,0],"position":[0,17,16]},"waist":{"rotation":[-10,0,0]},"cape":{"rotation":[-75,0,0]},"leftArm":{"rotation":{"0.0":[-84.8106,-73.03084,-127.7743],"0.25":[85.70619,-69.35132,-298.78592]},"position":[2,0,-3]},"rightArm":{"rotation":{"0.0":[-91.76263,78.06201,110.68633],"0.25":[-269.06966,66.92978,-66.73319]},"position":[-2,0,-3]},"leftLeg":{"rotation":[1.96051,-19.66942,-6.21451]},"rightLeg":{"rotation":[2.43212,6.84645,15.30375]},"binocular":{"rotation":{"0.0":[0,0,0],"0.25":[-77.5,0,0]},"position":{"0.0":[0,30,-4],"0.25":[0,30,2]}},"head":{"rotation":[-77.5,0,0]},"rightSleeve":{"rotation":[0,0,0]}}},"animation.b8_unuse_crawl":{"loop":true,"animation_length":0.25,"bones":{"root":{"rotation":[87.5,0,0],"position":[0,17,16]},"waist":{"rotation":[-10,0,0]},"cape":{"rotation":[-75,0,0]},"leftArm":{"rotation":{"0.0":[85.70619,-69.35132,-298.78592],"0.25":[-84.8106,-73.03084,-127.7743]},"position":[2,0,-3]},"rightArm":{"rotation":{"0.0":[-269.06966,66.92978,-66.73319],"0.25":[-91.76263,78.06201,110.68633]},"position":[-2,0,-3]},"leftLeg":{"rotation":[1.96051,-19.66942,-6.21451]},"rightLeg":{"rotation":[2.43212,6.84645,15.30375]},"binocular":{"rotation":{"0.0":[-77.5,0,0],"0.25":[0,0,0]},"position":{"0.0":[0,30,2],"0.25":[0,30,-4]}},"head":{"rotation":[-77.5,0,0]},"rightSleeve":{"rotation":[0,0,0]}}},"animation.riding_bmp2d_navodchik":{"loop":true,"animation_length":0.125,"bones":{"root":{"position":[0,-10,4],"rotation":[0,"query.head_y_rotation",0],"scale":0.8},"body":{"position":[13,0,0]},"head":{"rotation":[0,"query.head_y_rotation",0]},"leftLeg":{"position":[13,2,0]},"rightLeg":{"position":[13,2,0]}}},"animation.riding_bmp2d":{"loop":true,"animation_length":0.125,"bones":{"root":{"position":[0,2.5,0],"rotation":[0,"query.head_y_rotation",0],"scale":0.8},"body":{},"head":{"rotation":[0,"query.head_y_rotation",0]},"leftLeg":{"scale":0},"rightLeg":{"scale":0}}},"animation.riding_bmp2d_mehvod":{"loop":true,"animation_length":0.125,"bones":{"root":{"position":[0,6,0],"rotation":[0,"query.head_y_rotation",0],"scale":0},"body":{},"head":{"rotation":[0,"query.head_y_rotation",0]},"leftLeg":{"scale":0},"rightLeg":{"scale":0}}},"animation.riding_dshkm":{"loop":true,"bones":{"head":{"position":["v.is_first_person?0:0","v.is_first_person?3:0","v.is_first_person?0:0"]},"gun2":{"position":["v.is_first_person?0:0","v.is_first_person?0:0","v.is_first_person?0:0"],"rotation":[0,"v.is_first_person?180:0",0]},"gun":{"position":["v.is_first_person?0.25:0","v.is_first_person?0:0","v.is_first_person?-10:0"]},"flash":{"position":["v.is_first_person?0:0","v.is_first_person?0:0","v.is_first_person?0:0"]},"waist":{"rotation":["!v.is_first_person?12.5:0",0,0],"position":[0,"!v.is_first_person?2:0","!v.is_first_person?18:0"]},"leftArm":{"rotation":["!v.is_first_person?-57.5:0","!v.is_first_person?45:0",0]},"rightArm":{"rotation":["!v.is_first_person?-57.5:0","!v.is_first_person?-45:0",0]},"leftLeg":{"rotation":["!v.is_first_person?72.5:0","!v.is_first_person?17.5:0",0],"position":["!v.is_first_person?0.15:0","!v.is_first_person?2:0","!v.is_first_person?18:0"]},"rightLeg":{"rotation":["!v.is_first_person?72.5:0","!v.is_first_person?-17.5:0",0],"position":["!v.is_first_person?-0.15:0","!v.is_first_person?2:0","!v.is_first_person?18:0"]}}},"animation.dshkm_fire":{"animation_length":0.33333,"bones":{"waist":{"rotation":{"0.0":[0,0,0],"0.0417":[-2.5,0,0],"0.1667":[0,0,0]}},"dshk":{"rotation":{"0.0":[0,0,0],"0.0417":[-2.5,0,0],"0.1667":[0,0,0]}},"zatvor":{"position":{"0.0":[0,0,0],"0.0417":[0,0,5],"0.0833":[0,0,0]}},"patron":{"rotation":{"0.0":[0,0,0],"0.0417":[0,0,57.5],"0.1667":[0,0,0]},"position":{"0.0":[0,0,0],"0.1667":[0,0,0]}},"patron2":{"rotation":{"0.0":[0,0,0],"0.0417":[0,0,-202.5],"0.1667":[0,0,0]},"position":{"0.0":[0,0,0],"0.1667":[0,0,0]}},"patron3":{"rotation":{"0.0":[0,0,0],"0.0417":[0,0,97.5],"0.1667":[0,0,0]},"position":{"0.0":[0,0,0],"0.0417":[0.175,0.15,0],"0.1667":[0,0,0]}},"patron4":{"rotation":{"0.0":[0,0,0],"0.1667":[0,0,0]},"position":{"0.0":[0,0,0],"0.1667":[0,0,0]}},"flash":{"position":{"0.0":[0,0,0],"0.0417":[0,0,-1.1],"0.0833":[0,0,0]},"scale":{"0.0":[1,1,1],"0.0417":[10,10,10],"0.0833":[1,1,1]}},"gilza":{"rotation":{"0.0":[0,0,0],"0.0833":[30,0,0],"0.2917":[30,0,0],"0.3333":[0,0,0]},"position":{"0.0":[0,0,0],"0.0417":[0,-3,0],"0.125":[0,-6,0],"0.3333":[0,-21,0]}}}},"animation.dshkm_reload":{"animation_length":4,"bones":{"krishka":{"rotation":{"0.0833":[0,0,0],"0.375":[75,0,0],"2.875":[75,0,0],"3.125":[0,0,0]}},"zatvor":{"position":{"3.2083":[0,0,0],"3.3333":[0,0,6],"3.4583":[0,0,0]}},"korob":{"position":{"0.5833":[0,0,0],"0.7083":[4,0,0],"1.125":[4,-12,4],"2.0833":[4,-12,4],"2.4167":[4,0,0],"2.5833":[0,0,0]},"scale":{"0.875":[1,1,1],"1.25":[0,0,0],"1.9167":[0,0,0],"2.25":[1,1,1]}},"lenta":{"position":{"0.0":[1.275,-1.2,0],"1.875":[1.275,-1.2,0],"1.9167":[1.275,-1.2,0],"2.625":[1.27,-1.2,0],"2.7917":[0,0,0]},"scale":{"0.0":[0,0,0],"1.875":[0,0,0],"1.9167":[1,1,1]}}},"sound_effects":{"0.0":{"effect":"dshkmopen"},"0.4583":{"effect":"dshkmvihod"},"2.1667":{"effect":"pkmvhod"},"2.5833":{"effect":"dshkmlenta"},"3.2917":{"effect":"dshkmzatvor"}}},"animation.armor_first":{"loop":true,"bones":{"leftSleeve":{"scale":0},"rightSleeve":{"scale":0}}}}}