{"format_version":"1.21.0","animations":{"animation.player.awp_fire":{"animation_length":0.625,"loop":false},"animation.player.awp_cycle":{"animation_length":0.6667,"loop":false,"timeline":{"0.1667":["/camerashake add @s 0.02 0.15 rotational"],"0.3333":["/camerashake add @s 0.02 0.15 rotational"],"0.4583":["/camerashake add @s 0.02 0.15 rotational"],"0.625":["/camerashake add @s 0.02 0.15 rotational"]}},"animation.player.awp_reload":{"animation_length":2.2917,"loop":false,"timeline":{"0":["/camerashake add @s 0.02 0.15 rotational"],"0.125":["/camerashake add @s 0.06 0.15 rotational"],"0.25":["/camerashake add @s 0.06 0.15 rotational"],"0.625":["/camerashake add @s 0.06 0.15 rotational"],"0.9583":["/camerashake add @s 0.02 0.15 rotational"],"1.125":["/camerashake add @s 0.06 0.15 rotational"],"1.5417":["/camerashake add @s 0.02 0.15 rotational"],"1.625":["/camerashake add @s 0.02 0.15 rotational"],"1.7917":["/camerashake add @s 0.02 0.15 rotational"]}}}}