{"format_version":"1.21.0","animations":{"animation.player.glock17_fire":{"animation_length":0.12,"loop":false},"animation.player.glock17_reload":{"animation_length":1.95833,"loop":false,"timeline":{"0.4375":["/camerashake add @s 0.06 0.15 rotational"],"0.75":["/camerashake add @s 0.02 0.15 rotational"],"1.125":["/camerashake add @s 0.06 0.15 rotational"],"1.3125":["/camerashake add @s 0.06 0.15 rotational"],"1.5625":["/camerashake add @s 0.02 0.15 rotational"],"1.6875":["/camerashake add @s 0.02 0.15 rotational"]}}}}