{"format_version":"1.21.0","animations":{"animation.player.m249_fire":{"animation_length":0.04,"loop":false},"animation.player.m249_reload":{"animation_length":5.2917,"loop":false,"timeline":{"0.25":["/playsound gun.m249.coverup @a[r=20] ~~~ 1 1 0.01","/camerashake add @s 0.06 0.15 rotational"],"1.25":["/execute if score @s m249 matches 5.. run playsound gun.m249.beltpullout @a[r=20] ~~~ 1 1 0.01","/camerashake add @s 0.02 0.2 rotational"],"2.0417":["/playsound gun.m249.magout @a[r=20] ~~~ 1 1 0.01","/camerashake add @s 0.06 0.15 rotational"],"2.375":["/playsound gun.m249.fetchmag @a[r=20] ~~~ 1 1 0.01"],"2.9583":["/playsound gun.m249.maghit @a[r=20] ~~~ 1 1 0.01"],"3.0":["/playsound gun.m249.magin @a[r=20] ~~~ 1 1 0.01","/camerashake add @s 0.04 0.15 rotational"],"3.2917":["/playsound gun.m249.beltalign @a[r=20] ~~~ 1 1 0.01","/camerashake add @s 0.02 0.1 rotational"],"3.9167":["/playsound gun.m249.coverdown @a[r=20] ~~~ 1 1 0.01","/camerashake add @s 0.06 0.15 rotational"],"4.625":["/playsound gun.m249.pullback @a[r=20] ~~~ 1 1 0.01","/camerashake add @s 0.08 0.15 rotational"],"4.9583":["/playsound gun.m249.pullforward @a[r=20] ~~~ 1 1 0.01","/camerashake add @s 0.08 0.15 rotational"]}}}}