{"format_version":"1.21.0","animations":{"animation.player.mossberg_fire":{"animation_length":0.6,"loop":false},"animation.player.mossberg_cycle":{"animation_length":0.6,"loop":false},"animation.player.mossberg_reload":{"animation_length":2.70833,"loop":true,"timeline":{"0.4583":["/camerashake add @s 0.04 0.15 rotational"],"0.9167":["/camerashake add @s 0.04 0.15 rotational"],"1.2917":["/camerashake add @s 0.04 0.15 rotational"],"1.7083":["/camerashake add @s 0.04 0.15 rotational"],"2.125":["/camerashake add @s 0.04 0.15 rotational"],"2.375":["/camerashake add @s 0.06 0.15 rotational"],"2.5417":["/camerashake add @s 0.06 0.15 rotational"]}}}}