{"format_version":"1.21.0","animation_controllers":{"controller.animation.player.nv_goggles":{"initial_state":"inactive","states":{"inactive":{"transitions":[{"execute":"q.equipped_item_all_tags('slot.armor.head','gabrielaplok:nv_goggles')&&v.is_first_person&&q.health"}]},"execute":{"on_entry":["/playsound wearable.nv_goggles.toggle @a[r=10] ~~~ 1 1 0.01"],"on_exit":["/playsound wearable.nv_goggles.toggleoff @a[r=10] ~~~ 1 1 0.01"],"transitions":[{"inactive":"!q.equipped_item_all_tags('slot.armor.head','gabrielaplok:nv_goggles')||!v.is_first_person||!q.health"}]}}}}}