{"resource_pack_name":"Aplok Guns","texture_name":"atlas.items","texture_data":{"acog_sight":{"textures":"textures/items/attachment/acog_sight"},"eotech_sight":{"textures":"textures/items/attachment/eotech_sight"},"foregrip":{"textures":"textures/items/attachment/foregrip"},"laser":{"textures":"textures/items/attachment/laser"},"predator_v4":{"textures":"textures/items/attachment/predator_v4"},"scope_hp":{"textures":"textures/items/attachment/scope_hp"},"scope_lp":{"textures":"textures/items/attachment/scope_lp"},"silencer":{"textures":"textures/items/attachment/silencer"},"blueprint_ammo":{"textures":"textures/items/blueprint/blueprint_ammo"},"blueprint_attachments":{"textures":"textures/items/blueprint/blueprint_attachments"},"blueprint_guns":{"textures":"textures/items/blueprint/blueprint_guns"},"blueprint_vehicle":{"textures":"textures/items/blueprint/blueprint_vehicle"},"bullet_9x19pr":{"textures":"textures/items/bullet/bullet_9x19pr"},"bullet_12gauge":{"textures":"textures/items/bullet/bullet_12gauge"},"bullet_50ae":{"textures":"textures/items/bullet/bullet_50ae"},"bullet_545x39":{"textures":"textures/items/bullet/bullet_545x39"},"bullet_556x45":{"textures":"textures/items/bullet/bullet_556x45"},"bullet_762x39":{"textures":"textures/items/bullet/bullet_762x39"},"bullet_762x51":{"textures":"textures/items/bullet/bullet_762x51"},"cooked_flesh":{"textures":"textures/items/food/cooked_flesh"},"ak12":{"textures":"textures/items/guns/ak12"},"ak47":{"textures":"textures/items/guns/ak47"},"awp":{"textures":"textures/items/guns/awp"},"deagle":{"textures":"textures/items/guns/deagle"},"fnfal":{"textures":"textures/items/guns/fnfal"},"glock17":{"textures":"textures/items/guns/glock17"},"glock18":{"textures":"textures/items/guns/glock18"},"m4a1":{"textures":"textures/items/guns/m4a1"},"m249":{"textures":"textures/items/guns/m249"},"mossberg":{"textures":"textures/items/guns/mossberg"},"mp5a5":{"textures":"textures/items/guns/mp5a5"},"rpg7":{"textures":"textures/items/guns/rpg7"},"ak12_mag":{"textures":"textures/items/mag/ak12_mag"},"ak47_mag":{"textures":"textures/items/mag/ak47_mag"},"awp_mag":{"textures":"textures/items/mag/awp_mag"},"deagle_mag":{"textures":"textures/items/mag/deagle_mag"},"fnfal_mag":{"textures":"textures/items/mag/fnfal_mag"},"glock17_mag":{"textures":"textures/items/mag/glock17_mag"},"glock18_mag":{"textures":"textures/items/mag/glock18_mag"},"m4a1_mag":{"textures":"textures/items/mag/m4a1_mag"},"m249_mag":{"textures":"textures/items/mag/m249_mag"},"mp5a5_mag":{"textures":"textures/items/mag/mp5a5_mag"},"rpg7_rocket":{"textures":"textures/items/mag/rpg7_rocket"},"bucket_petroleum":{"textures":"textures/items/material/bucket_petroleum"},"copper_nugget":{"textures":"textures/items/material/copper_nugget"},"gunmetal_ingot":{"textures":"textures/items/material/gunmetal_ingot"},"gunmetal_nugget":{"textures":"textures/items/material/gunmetal_nugget"},"gunmetal_scrap":{"textures":"textures/items/material/gunmetal_scrap"},"plastic_mass":{"textures":"textures/items/material/plastic_mass"},"plastic_plate":{"textures":"textures/items/material/plastic_plate"},"sulfur_powder":{"textures":"textures/items/material/sulfur_powder"},"config":{"textures":"textures/items/other/config"},"barrel_long":{"textures":"textures/items/part/barrel_long"},"barrel_medium":{"textures":"textures/items/part/barrel_medium"},"barrel_short":{"textures":"textures/items/part/barrel_short"},"grip":{"textures":"textures/items/part/grip"},"grip_pistol":{"textures":"textures/items/part/grip_pistol"},"stock_polymer":{"textures":"textures/items/part/stock_polymer"},"stock_sniper_polymer":{"textures":"textures/items/part/stock_sniper_polymer"},"stock_wood":{"textures":"textures/items/part/stock_wood"},"landmine":{"textures":"textures/items/props/landmine"},"m67_grenade":{"textures":"textures/items/throwable/m67_grenade"},"helmet_6b47":{"textures":"textures/items/wearable/helmet_6b47"},"juggernaut_boots":{"textures":"textures/items/wearable/juggernaut_boots"},"juggernaut_chestplate":{"textures":"textures/items/wearable/juggernaut_chestplate"},"juggernaut_helmet":{"textures":"textures/items/wearable/juggernaut_helmet"},"juggernaut_leggings":{"textures":"textures/items/wearable/juggernaut_leggings"},"nv_goggles":{"textures":"textures/items/wearable/nv_goggles"},"vest_6b3":{"textures":"textures/items/wearable/vest_6b3"}}}