{"resource_pack_name":"Aplok Guns","texture_name":"atlas.terrain","padding":8,"num_mip_levels":4,"texture_data":{"ammo_workbench":{"textures":"textures/blocks/props/ammo_workbench"},"attachment_workbench":{"textures":"textures/blocks/props/attachment_workbench"},"gun_workbench":{"textures":"textures/blocks/props/gun_workbench"},"hazard_block":{"textures":"textures/blocks/props/hazard_block"},"hedgehog":{"textures":"textures/blocks/props/hedgehog"},"landmine":{"textures":"textures/blocks/props/landmine"},"sandbag":{"textures":"textures/blocks/props/sandbag"},"none":{"textures":"textures/misc/none"}}}