{"format_version":"1.20.40","animations":{"animation.guns.wall_detect":{"loop":true,"bones":{"body":{"position":[0,-0.25,4]}}},"animation.guns.fpp_recline_left":{"loop":true,"bones":{"body":{"rotation":[0,0,-10],"position":[0.5,0.5,0]}}},"animation.guns.fpp_recline_right":{"loop":true,"bones":{"body":{"rotation":[0,0,10],"position":[-0.5,-1,0]}}},"animation.guns.tpp_recline_left":{"loop":true,"bones":{"waist":{"rotation":[0,0,-20],"position":[0.5,0.5,0]}}},"animation.guns.tpp_recline_right":{"loop":true,"bones":{"waist":{"rotation":[0,0,20],"position":[-0.5,-1,0]}}},"animation.lie_down":{"loop":true,"bones":{"root":{"rotation":[90,0,0],"position":[0,19,18]},"rightLeg":{"rotation":[-4,0,8]},"leftLeg":{"rotation":[-4,0,-8]},"rightArm":{"rotation":[-170,0,-18]},"leftArm":{"rotation":[-170,0,18]}}},"animation.guns.dryfire":{"animation_length":0.16667,"bones":{"waist":{"rotation":{"0.0":[-1,0,0],"0.0833":[0,0,0]},"position":{"0.0":[0,-0.25,0],"0.0833":[0,0,0]}},"trigger":{"position":{"0.0":[0,0,1],"0.1667":[0,0,0]}}}},"animation.lie_down2":{"loop":true,"animation_length":2.1667,"bones":{"root":{"rotation":[90,0,0],"position":[0,19,18]},"rightLeg":{"rotation":{"0.0":{"post":[-4,0,8],"lerp_mode":"catmullrom"},"0.2083":{"post":[2,0,12],"lerp_mode":"catmullrom"},"0.375":{"post":[2,0,12],"lerp_mode":"catmullrom"},"0.5833":{"post":[2,20,6],"lerp_mode":"catmullrom"},"0.7917":{"post":[2,8,6],"lerp_mode":"catmullrom"},"1.0":{"post":[2,8,6],"lerp_mode":"catmullrom"},"1.1667":[-4,0,8]},"position":{"0.0":{"post":[0,0,0],"lerp_mode":"catmullrom"},"0.2083":{"post":[0,0,-0.1],"lerp_mode":"catmullrom"},"0.375":{"post":[0,0,-0.1],"lerp_mode":"catmullrom"},"0.5833":{"post":[0,0,0],"lerp_mode":"catmullrom"},"0.7917":{"post":[-4,6,0],"lerp_mode":"catmullrom"},"1.0":{"post":[-4,6,0],"lerp_mode":"catmullrom"},"1.1667":[0,0,0]}},"leftLeg":{"rotation":{"0.0":{"post":[-4,0,-8],"lerp_mode":"catmullrom"},"0.2083":{"post":[2,0,12],"lerp_mode":"catmullrom"},"0.375":{"post":[2,0,12],"lerp_mode":"catmullrom"},"0.5833":{"post":[2,-20,-6],"lerp_mode":"catmullrom"},"0.7917":{"post":[2,-8,-6],"lerp_mode":"catmullrom"},"1.0":{"post":[2,-8,-6],"lerp_mode":"catmullrom"},"1.1667":[-4,0,-8]},"position":{"0.0":{"post":[0,0,0],"lerp_mode":"catmullrom"},"0.2083":{"post":[0,0,-0.1],"lerp_mode":"catmullrom"},"0.375":{"post":[0,0,-0.1],"lerp_mode":"catmullrom"},"0.5833":{"post":[0,0,0],"lerp_mode":"catmullrom"},"0.7917":{"post":[-4,6,0],"lerp_mode":"catmullrom"},"1.0":{"post":[-4,6,0],"lerp_mode":"catmullrom"},"1.1667":[0,0,0]}},"rightArm":{"rotation":[-170,0,-18]},"leftArm":{"rotation":[-170,0,18]}}},"animation.lie_down.walk":{"loop":true,"animation_length":1.1667,"bones":{"root":{"rotation":[90,0,0],"position":[0,19,18]},"rightLeg":{"rotation":{"0.0":{"post":[-4,0,8],"lerp_mode":"catmullrom"},"0.2083":{"post":[2,0,12],"lerp_mode":"catmullrom"},"0.375":{"post":[2,0,12],"lerp_mode":"catmullrom"},"0.5833":{"post":[2,20,6],"lerp_mode":"catmullrom"},"0.7917":{"post":[2,8,-6],"lerp_mode":"catmullrom"},"0.9583":{"post":[2,8,-6],"lerp_mode":"catmullrom"},"1.1667":[-4,0,8]},"position":{"0.0":{"post":[0,0,0],"lerp_mode":"catmullrom"},"0.2083":{"post":[0,0,-0.1],"lerp_mode":"catmullrom"},"0.375":{"post":[0,0,-0.1],"lerp_mode":"catmullrom"},"0.5833":{"post":[0,0,0],"lerp_mode":"catmullrom"},"0.7917":{"post":[-4,6,0],"lerp_mode":"catmullrom"},"0.9583":{"post":[-4,6,0],"lerp_mode":"catmullrom"},"1.1667":[0,0,0]}},"leftLeg":{"rotation":{"0.0":{"post":[-4,0,-8],"lerp_mode":"catmullrom"},"0.2083":{"post":[2,-8,6],"lerp_mode":"catmullrom"},"0.375":{"post":[2,-8,6],"lerp_mode":"catmullrom"},"0.5833":{"post":[2,-20,-6],"lerp_mode":"catmullrom"},"0.7917":{"post":[2,0,12],"lerp_mode":"catmullrom"},"0.9583":{"post":[2,0,12],"lerp_mode":"catmullrom"},"1.1667":[-4,0,-8]},"position":{"0.0":{"post":[0,0,0],"lerp_mode":"catmullrom"},"0.2083":{"post":[4,6,0],"lerp_mode":"catmullrom"},"0.375":{"post":[4,6,0],"lerp_mode":"catmullrom"},"0.5833":{"post":[0,0,0],"lerp_mode":"catmullrom"},"0.7917":{"post":[0,0,-0.1],"lerp_mode":"catmullrom"},"0.9583":{"post":[0,0,-0.1],"lerp_mode":"catmullrom"},"1.1667":[0,0,0]}},"rightArm":{"rotation":{"0.0":{"post":[-114,80,100],"lerp_mode":"catmullrom"},"0.2083":{"post":[-94.26263,78.06201,110.68633],"lerp_mode":"catmullrom"},"0.375":{"post":[-197.73733,85.13891,25.40868],"lerp_mode":"catmullrom"},"0.5833":[-114,80,100]},"position":{"0.0":{"post":[-2,2,-4],"lerp_mode":"catmullrom"},"0.2083":{"post":[-2,4,-3],"lerp_mode":"catmullrom"},"0.375":{"post":[-2,7,-7],"lerp_mode":"catmullrom"},"0.5833":[-2,2,-4]}},"leftArm":{"rotation":{"0.0":{"post":[-114,-80,-120],"lerp_mode":"catmullrom"},"0.5833":{"post":[-114,-80,-120],"lerp_mode":"catmullrom"},"0.7917":{"post":[-80,-80,-120],"lerp_mode":"catmullrom"},"0.9583":{"post":[-114,-80,-120],"lerp_mode":"catmullrom"},"1.1667":[-114,-80,-120]},"position":{"0.0":{"post":[2,2,-4],"lerp_mode":"catmullrom"},"0.5833":{"post":[2,2,-4],"lerp_mode":"catmullrom"},"0.7917":{"post":[1,5,-3],"lerp_mode":"catmullrom"},"0.9583":{"post":[1,7,-6],"lerp_mode":"catmullrom"},"1.1667":[2,2,-4]}},"waist":{"rotation":{"0.0":{"post":[-10,0,0],"lerp_mode":"catmullrom"},"0.2083":{"post":[-8,12,6],"lerp_mode":"catmullrom"},"0.375":{"post":[-8,12,6],"lerp_mode":"catmullrom"},"0.5833":{"post":[0,0,0],"lerp_mode":"catmullrom"},"0.7917":{"post":[-8,-12,6],"lerp_mode":"catmullrom"},"0.9583":{"post":[-8,-12,6],"lerp_mode":"catmullrom"},"1.1667":[-10,0,0]},"position":{"0.0":{"post":[0,0,0],"lerp_mode":"catmullrom"},"0.2083":{"post":[0,0,1],"lerp_mode":"catmullrom"},"0.375":{"post":[0,0,1],"lerp_mode":"catmullrom"},"0.5833":{"post":[0,0,0],"lerp_mode":"catmullrom"},"0.7917":{"post":[0,0,1],"lerp_mode":"catmullrom"},"0.9583":{"post":[0,0,1],"lerp_mode":"catmullrom"},"1.1667":[0,0,0]}}}}}}