{"format_version":"1.20.40","animations":{"animation.guns.fpp_draw":{"loop":"hold_on_last_frame","animation_length":0.33333,"anim_time_update":"q.anim_time+q.delta_time*0.6","bones":{"body":{"rotation":{"0.0":[-25,-5,-5],"0.2083":[4,0,0],"0.2917":[1.33,2.5,0],"0.3333":[0,0,0]},"position":{"0.0":[1,-8,4],"0.125":[0,1,0],"0.3333":[0,0,0]}}}},"animation.guns.fpp_run":{"loop":true,"bones":{"waist":{"rotation":[16,"q.equipped_item_all_tags('slot.weapon.mainhand','is_light')?-20:-40",-6],"position":[-4,"q.equipped_item_all_tags('slot.weapon.mainhand','is_light')?3:(v.sight?0.5:1.5)","q.equipped_item_all_tags('slot.weapon.mainhand','is_light')?4:5"]}}},"animation.guns.fpp_standby":{"loop":true,"bones":{"waist":{"rotation":[16,"q.equipped_item_all_tags('slot.weapon.mainhand','is_light')?-20:-40",-6],"position":[-4,"q.equipped_item_all_tags('slot.weapon.mainhand','is_light')?3:(v.sight?0.5:1.5)","q.equipped_item_all_tags('slot.weapon.mainhand','is_light')?4:5"]}}},"animation.guns.tpp_hold_0":{"loop":true,"bones":{"head":{"rotation":["math.clamp(q.target_x_rotation,-6,6)","-30-math.clamp(q.target_y_rotation,-4,4)",0]},"waist":{"rotation":["math.clamp(q.target_x_rotation,-20,20)","q.target_y_rotation",0]},"body":{"rotation":[0,30,0]},"leftArm":{"rotation":["-104+math.clamp(q.target_x_rotation,-20,20)",-2,"10+math.clamp(q.target_x_rotation,-20,20)"],"position":[-1,-1,-3]},"rightArm":{"rotation":["-90+math.clamp(q.target_x_rotation,-20,20)",-44,0],"position":[1,0,-3]}}},"animation.guns.tpp_hold_1":{"loop":true,"bones":{"head":{"rotation":["math.clamp(q.target_x_rotation,-6,6)","-30-math.clamp(q.target_y_rotation,-4,4)",0]},"waist":{"rotation":["math.clamp(q.target_x_rotation,-20,20)","q.target_y_rotation",0]},"body":{"rotation":[0,30,0]},"leftArm":{"rotation":["-85+math.clamp(q.target_x_rotation,-20,20)",15,"10+math.clamp(q.target_x_rotation,-20,20)"],"position":[-0.61821,-0.24365,0.07664]},"rightArm":{"rotation":["-90+math.clamp(q.target_x_rotation,-20,20)",-44,0],"position":[2.43868,0,-1.61068]},"gun":{"rotation":[0,0,12]}}},"animation.guns.tpp_standby":{"loop":true,"bones":{"head":{"rotation":["q.target_x_rotation","q.target_y_rotation",0]},"leftArm":{"rotation":["(q.equipped_item_all_tags('slot.weapon.mainhand','is_light')?-40:-52)-this","14-this","(q.equipped_item_all_tags('slot.weapon.mainhand','is_light')?40:-10)-this"],"position":[0,0,0.5]},"rightArm":{"rotation":["-42-this","-44-this","-26-this"]}}},"animation.guns.tpp_reload":{"loop":true,"bones":{"head":{"rotation":["q.target_x_rotation","q.target_y_rotation",0]},"leftArm":{"rotation":["-20-this","14-this","-10-this"],"position":[0,0,0.5]},"rightArm":{"rotation":["-26-this","-60-this","-10-this"]}}},"animation.guns.tpp_ads":{"loop":true,"bones":{"root":{"position":[0,-0.5,0]},"waist":{"rotation":[4.5,0,-2]},"head":{"rotation":[10,-2,-10]},"leftLeg":{"rotation":[-10,0,-5],"position":[0,0,-1]},"rightLeg":{"rotation":[12,5,0],"position":[0.17421,-0.0698,0.99118]}}}}}