{"format_version":"1.8.0","animations":{"animation.player.first_person.attack_rotation":{"loop":true,"bones":{"rightarm":{"position":["math.clamp(-15.5*math.sin(v.first_person_rotation_factor*112*v.attack_time),-7,999)*math.sin(v.first_person_rotation_factor*112*v.attack_time)","math.sin(v.first_person_rotation_factor*200*(1-v.attack_time)*(1-v.attack_time))*7.5-v.first_person_rotation_factor*15*v.attack_time+v.short_arm_offset_right","math.sin(v.first_person_rotation_factor*120*v.attack_time)*1.75"],"rotation":["math.sin(v.first_person_rotation_factor*280*(1-v.attack_time)*(1-v.attack_time))*-60","math.sin(v.first_person_rotation_factor*280*(1-v.attack_time)*(1-v.attack_time))*40","math.sin(v.first_person_rotation_factor*280*(1-v.attack_time)*(1-v.attack_time))*20"]}}},"animation.player.first_person.attack_rotation_item":{"loop":true,"override_previous_animation":true,"bones":{"rightitem":{"position":["-math.sin(math.sqrt(v.attack_time)*100*math.pi)*10","math.sin(120*math.sqrt(v.attack_time)*math.pi)*10","-math.sin(v.attack_time*65*math.pi)*2"],"rotation":["-math.sin(math.sqrt(v.attack_time)*20*math.pi)*25","-math.sin(math.sqrt(v.attack_time)*75)*15","-math.sin(math.sqrt(v.attack_time)*25)*15"]}}},"animation.player.first_person.base_pose":{"loop":true,"bones":{"body":{"rotation":["q.target_x_rotation","q.target_y_rotation",0]},"head":{"rotation":["q.target_x_rotation","q.target_y_rotation+180",0]}}},"animation.player.first_person.crossbow_equipped":{"loop":true,"override_previous_animation":true,"bones":{"leftarm":{"position":["1.5-v.item_use_normalized*3.5","-3.799999952316284+v.short_arm_offset_left","8.25-(1-v.item_use_normalized)"],"rotation":[165,-60,45],"scale":[0.4,0.4,0.4]},"rightitem":{"position":[0,2,"2.5-q.item_remaining_use_duration('main_hand',1)*1.5"],"rotation":[-20,-15,-30],"scale":[1,"1.15-q.item_remaining_use_duration('main_hand',1)*0.15",1]}}},"animation.player.first_person.crossbow_hold":{"loop":true,"bones":{"rightitem":{"position":["q.get_equipped_item_name('off_hand')=='shield'?-4:0",0,0]}}},"animation.player.first_person.breathing_bob":{"loop":true,"bones":{"rightitem":{"position":[0,"v.bob_animation*math.sin(q.life_time*45)*.5",0]}}},"animation.player.first_person.empty_hand":{"loop":true,"bones":{"rightArm":{"position":[13.5,-10,12],"rotation":[95,-45,115]}}},"animation.player.first_person.map_hold":{"loop":true,"bones":{"leftarm":{"position":["-16.25+v.is_vertical_splitscreen*7","-10.75-v.map_angle*8+v.is_vertical_splitscreen*0.6-v.short_arm_offset_left","9-v.map_angle*8+v.short_arm_offset_left"],"rotation":[40,-20,-155],"scale":[1.15,1.15,1.15]},"rightarm":{"position":["12.5+v.is_vertical_splitscreen*1.75","-7.5-v.map_angle*8+v.is_vertical_splitscreen*0.5-v.short_arm_offset_right","5.25-v.map_angle*8+v.short_arm_offset_right"],"rotation":[77.5,7.5,160]}}},"animation.player.first_person.map_hold_attack":{"loop":true,"bones":{"leftarm":{"position":["math.sin(v.first_person_rotation_factor*112*v.attack_time)*-10.75","math.sin(v.first_person_rotation_factor*200*(1-v.attack_time)*(1-v.attack_time))*3.75-v.first_person_rotation_factor*1.25*v.attack_time+v.short_arm_offset_left","math.sin(v.first_person_rotation_factor*120*v.attack_time)*5.75"],"rotation":["v.map_angle*90","-15*math.sin(v.first_person_rotation_factor*-100*(1-v.attack_time))",0]},"rightarm":{"position":["math.sin(v.first_person_rotation_factor*112*v.attack_time)*-6.25","math.sin(v.first_person_rotation_factor*200*(1-v.attack_time)*(1-v.attack_time))*1.75+v.short_arm_offset_right","math.sin(v.first_person_rotation_factor*120*v.attack_time)*5.25"],"rotation":["v.map_angle*90",0,0]}}},"animation.player.first_person.map_hold_main_hand":{"loop":true,"bones":{"rightarm":{"position":["14.5-v.is_vertical_splitscreen*0.75","-8.25+v.short_arm_offset_right+math.sin(v.first_person_rotation_factor*200*(1-v.attack_time)*(1-v.attack_time))*2.75-v.first_person_rotation_factor*3*v.attack_time-v.is_horizontal_splitscreen","11.5+math.sin(v.first_person_rotation_factor*120*v.attack_time)*3.5+v.is_horizontal_splitscreen*3.5"],"rotation":[195,182.5,-5],"scale":[0.75,0.75,0.75]}}},"animation.player.first_person.map_hold_off_hand":{"loop":true,"bones":{"leftarm":{"position":["-14.5+v.is_horizontal_splitscreen*2+v.is_vertical_splitscreen*8.7","-8.25+v.short_arm_offset_left","11.5+v.is_horizontal_splitscreen*0.5"],"rotation":[195,182.5,2.5],"scale":[0.75,0.75,0.75]}}},"animation.player.first_person.swap_item":{"loop":true,"bones":{"leftarm":{"position":[0,"(q.get_equipped_item_name('off_hand')=='filled_map'||q.get_equipped_item_name('off_hand')=='shield')?0:-10*(1-context.player_offhand_arm_height)",0]},"rightarm":{"position":[0,"-10*(1-v.player_arm_height)",0]}}},"animation.player.first_person.shield_block":{"loop":true,"bones":{"leftarm":{"position":[0,"-10*(1-context.player_offhand_arm_height)",0]},"rightarm":{"position":[0,"q.get_equipped_item_name('off_hand')!='shield'?-10*(1-v.player_arm_height):0",0]}}},"animation.player.first_person.vr_attack_rotation":{"loop":true,"bones":{"rightarm":{"position":["5*math.sin(v.first_person_rotation_factor*112*v.attack_time)","(math.sin(v.first_person_rotation_factor*200*(1-v.attack_time)*(1-v.attack_time))-0.8)*8.75+5","math.sin(v.first_person_rotation_factor*120*v.attack_time)*15"],"rotation":["30.7*math.sin(v.first_person_rotation_factor*-180*v.attack_time-45)*1.5",0,"21.8*math.sin(v.first_person_rotation_factor*200*v.attack_time+30)*1.25"]}}},"animation.player.first_person.walk":{"loop":true,"bones":{"leftarm":{"position":["math.sin(-q.walk_distance*180)*v.hand_bob*9.75","-math.abs(math.cos(-q.walk_distance*180))*15*v.hand_bob+v.short_arm_offset_left",0]},"rightarm":{"position":["math.sin(-q.walk_distance*180)*v.hand_bob*9.75","-math.abs(math.cos(-q.walk_distance*180))*15*v.hand_bob+v.short_arm_offset_right",0]}}}}}