{"format_version":"1.10.0","particle_effect":{"description":{"identifier":"gabrielaplok:explosion_smoke_1","basic_render_parameters":{"material":"particles_blend","texture":"textures/particle/particles"}},"components":{"minecraft:emitter_rate_instant":{"num_particles":150},"minecraft:emitter_lifetime_once":{"active_time":1},"minecraft:emitter_shape_point":{"direction":["math.random(-2.5,2.5)","math.random(0.25,5)","math.random(-2.5,2.5)"]},"minecraft:particle_lifetime_expression":{"max_lifetime":2},"minecraft:particle_initial_speed":"math.random(4,8)","minecraft:particle_motion_dynamic":{"linear_acceleration":[0,-4,0],"linear_drag_coefficient":4},"minecraft:particle_expire_if_in_blocks":["minecraft:water","minecraft:flowing_water"],"minecraft:particle_appearance_billboard":{"size":["v.particle_random_1*0.6*v.particle_random_2+0.1","v.particle_random_1*0.6*v.particle_random_2+0.1"],"facing_camera_mode":"rotate_xyz","uv":{"texture_width":128,"texture_height":128,"flipbook":{"base_UV":[56,0],"size_UV":[8,8],"step_UV":[-8,0],"frames_per_second":32,"max_frame":8,"stretch_to_lifetime":true}}},"minecraft:particle_appearance_lighting":{},"minecraft:particle_appearance_tinting":{"color":{"interpolant":"v.particle_age / v.particle_lifetime","gradient":{"0.0":"#401F1F1F","1.6":"#40CCCCCC"}}}}}}