{"format_version":"1.10.0","particle_effect":{"description":{"identifier":"gabrielaplok:casing_hot","basic_render_parameters":{"material":"particles_blend","texture":"textures/particle/particles"}},"components":{"minecraft:emitter_initialization":{"creation_expression":"v.size=math.random(0.05,0.2);"},"minecraft:emitter_rate_steady":{"spawn_rate":4,"max_particles":6},"minecraft:emitter_lifetime_once":{"active_time":2},"minecraft:emitter_shape_point":{},"minecraft:particle_lifetime_expression":{"max_lifetime":1},"minecraft:particle_expire_if_in_blocks":["minecraft:water","minecraft:flowing_water"],"minecraft:particle_initial_speed":0.1,"minecraft:particle_motion_dynamic":{"linear_acceleration":[1,1,0],"linear_drag_coefficient":1},"minecraft:particle_appearance_billboard":{"size":["v.size","v.size"],"facing_camera_mode":"rotate_xyz","uv":{"texture_width":128,"texture_height":128,"flipbook":{"base_UV":[8,0],"size_UV":[8,8],"step_UV":[8,0],"frames_per_second":4,"max_frame":4,"stretch_to_lifetime":true}}},"minecraft:particle_appearance_lighting":{},"minecraft:particle_appearance_tinting":{"color":{"interpolant":"v.particle_age / v.particle_lifetime","gradient":{"0.33":"#30454545","1.5":"#30CCCCCC"}}}}}}