{"format_version":"1.10.0","particle_effect":{"description":{"identifier":"gabrielaplok:casing_medium","basic_render_parameters":{"material":"particles_blend","texture":"textures/particle/shell"}},"components":{"minecraft:emitter_rate_instant":{"num_particles":1},"minecraft:emitter_lifetime_once":{"active_time":1},"minecraft:emitter_shape_point":{"direction":["-math.random(4,5)","-math.random(2,6)","math.random(-0.5,0.5)"]},"minecraft:particle_lifetime_expression":{"max_lifetime":15},"minecraft:particle_initial_spin":{"rotation":"math.random(0,180)"},"minecraft:particle_initial_speed":"math.random(2,6)","minecraft:particle_motion_dynamic":{"linear_acceleration":[0,-10,0]},"minecraft:particle_appearance_billboard":{"size":[0.04,0.06],"facing_camera_mode":"rotate_xyz","uv":{"texture_width":4,"texture_height":4,"uv":[0,0],"uv_size":[4,4]}},"minecraft:particle_motion_collision":{"collision_drag":10,"coefficient_of_restitution":0.4,"collision_radius":0.1},"minecraft:particle_appearance_lighting":{},"minecraft:particle_appearance_tinting":{"color":[1,1,1,"math.clamp(1 - math.clamp(v.particle_age / v.particle_lifetime, 0, 1), 0, 1)"]}}}}