{"format_version":"1.12.0","minecraft:geometry":[{"description":{"identifier":"geometry.acog_sight","texture_width":32,"texture_height":32,"visible_bounds_width":4,"visible_bounds_height":3.5,"visible_bounds_offset":[0,1.25,0]},"bones":[{"name":"root","pivot":[0,0,0]},{"name":"waist","parent":"root","pivot":[0,12,0]},{"name":"body","parent":"waist","pivot":[0,24,0]},{"name":"rightArm","parent":"body","pivot":[-5,22,0]},{"name":"gun","parent":"rightArm","pivot":[0,0,0]},{"name":"attachment","parent":"gun","pivot":[0,0,0]},{"name":"acog","parent":"attachment","pivot":[0,0,0],"cubes":[{"origin":[-0.5,1,-0.5],"size":[1,1,3],"uv":[12,0]},{"origin":[-2,2.5,1],"size":[4,1,1],"pivot":[0,3,1.5],"rotation":[-45,0,0],"uv":[10,7]},{"origin":[-0.5,3.5,1],"size":[1,1,1],"inflate":-0.05,"uv":[0,0]},{"origin":[-0.5,3.55,-0.55],"size":[1,1,2],"inflate":-0.05,"pivot":[0,4.55,-0.5],"rotation":[-17.5,0,0],"uv":[0,15]},{"origin":[-1,2,-4],"size":[2,2,3],"inflate":0.5,"uv":[12,12]},{"origin":[-1,2,-0.5],"size":[2,2,5],"uv":[0,7]},{"origin":[-1.5,0,-1.5],"size":[3,1,5],"uv":[0,0]}]},{"name":"cross","parent":"acog","pivot":[-0.2,3.2,-2],"rotation":[-180,0,180]},{"name":"reddot","parent":"cross","pivot":[-0.2,3.2,-2]},{"name":"glass","parent":"acog","pivot":[0,0,0],"rotation":[-180,0,180]}]}]}