{"format_version":"1.12.0","minecraft:geometry":[{"description":{"identifier":"geometry.laser","texture_width":64,"texture_height":64,"visible_bounds_width":11,"visible_bounds_height":4,"visible_bounds_offset":[0,1,0]},"bones":[{"name":"root","pivot":[0,0,0]},{"name":"waist","parent":"root","pivot":[0,12,0]},{"name":"body","parent":"waist","pivot":[0,24,0]},{"name":"rightArm","parent":"body","pivot":[-5,22,0]},{"name":"gun","parent":"rightArm","pivot":[0,0,0]},{"name":"attachment","parent":"gun","pivot":[0,0,0]},{"name":"laser","parent":"attachment","pivot":[0,0,0]},{"name":"laserLine","parent":"laser","pivot":[-2,-10.8,9],"cubes":[{"origin":[-0.5,-0.5,-63],"size":[1,1,60],"inflate":-0.3,"pivot":[0,0,-33],"rotation":[0,0,45],"uv":{"north":{"uv":[23,22],"uv_size":[1,1]},"east":{"uv":[0,0],"uv_size":[60,1]},"south":{"uv":[24,4],"uv_size":[1,1]},"west":{"uv":[0,2],"uv_size":[60,1]},"up":{"uv":[0,4],"uv_size":[1,60]},"down":{"uv":[2,64],"uv_size":[1,-60]}}}]},{"name":"laser_0","parent":"laser","pivot":[0,0,0],"cubes":[{"origin":[-0.5,-1.5,-2.5],"size":[1,4,5],"uv":{"north":{"uv":[6,16],"uv_size":[1,4]},"east":{"uv":[4,4],"uv_size":[5,4]},"south":{"uv":[16,6],"uv_size":[1,4]},"west":{"uv":[4,9],"uv_size":[5,4]},"up":{"uv":[15,14],"uv_size":[1,5]},"down":{"uv":[4,21],"uv_size":[1,-5]}}},{"origin":[-0.5,-0.5,-3.5],"size":[1,1,1],"inflate":0.1,"uv":{"north":{"uv":[21,22],"uv_size":[1,1]},"east":{"uv":[23,12],"uv_size":[1,1]},"south":{"uv":[23,14],"uv_size":[1,1]},"west":{"uv":[23,16],"uv_size":[1,1]},"up":{"uv":[23,18],"uv_size":[1,1]},"down":{"uv":[23,21],"uv_size":[1,-1]}}}]},{"name":"laser_1","parent":"laser","pivot":[0,0,0],"cubes":[{"origin":[-1,-0.7,-2.5],"size":[2,1.7,3],"uv":{"north":{"uv":[8,16],"uv_size":[2,2]},"east":{"uv":[10,4],"uv_size":[3,2]},"south":{"uv":[16,11],"uv_size":[2,2]},"west":{"uv":[10,7],"uv_size":[3,2]},"up":{"uv":[10,10],"uv_size":[2,3]},"down":{"uv":[13,13],"uv_size":[2,-3]}}},{"origin":[-1.1,0.9,-2.6],"size":[2.2,0.7,2.1],"uv":{"north":{"uv":[18,9],"uv_size":[2,1]},"east":{"uv":[19,11],"uv_size":[2,1]},"south":{"uv":[20,13],"uv_size":[2,1]},"west":{"uv":[15,20],"uv_size":[2,1]},"up":{"uv":[17,14],"uv_size":[2,2]},"down":{"uv":[17,19],"uv_size":[2,-2]}}},{"origin":[-0.5,-0.5,-3.5],"size":[1,1,1],"inflate":0.1,"uv":{"north":{"uv":[21,22],"uv_size":[1,1]},"east":{"uv":[23,12],"uv_size":[1,1]},"south":{"uv":[23,14],"uv_size":[1,1]},"west":{"uv":[23,16],"uv_size":[1,1]},"up":{"uv":[23,18],"uv_size":[1,1]},"down":{"uv":[23,21],"uv_size":[1,-1]}}}]},{"name":"laser_2","parent":"laser","pivot":[0,0,0],"cubes":[{"origin":[-1.5,-0.5,-1.5],"size":[2,1,2],"uv":{"north":{"uv":[20,15],"uv_size":[2,1]},"east":{"uv":[20,17],"uv_size":[2,1]},"south":{"uv":[18,20],"uv_size":[2,1]},"west":{"uv":[21,4],"uv_size":[2,1]},"up":{"uv":[18,6],"uv_size":[2,2]},"down":{"uv":[8,21],"uv_size":[2,-2]}}},{"origin":[-0.5,-1,-3.3],"size":[1,2,1],"pivot":[0,0.5,-2.8],"rotation":[0,-45,0],"uv":[4,14]},{"origin":[-1,-0.5,-3.3],"size":[2,1,1],"pivot":[0.5,0,-2.8],"rotation":[-45,0,0],"uv":[4,14]},{"origin":[-0.5,-0.5,-3.5],"size":[1,1,6],"inflate":0.1,"pivot":[0,0,-0.5],"rotation":[0,0,45],"uv":[12,18]},{"origin":[-0.5,-0.5,-1.5],"size":[1,1,2],"inflate":0.22,"pivot":[0,0,-0.5],"rotation":[0,0,45],"uv":[12,18]}]}]}]}