{"format_version":"1.12.0","minecraft:geometry":[{"description":{"identifier":"geometry.predator_v4","texture_width":16,"texture_height":16,"visible_bounds_width":2,"visible_bounds_height":1.5,"visible_bounds_offset":[0,0.25,0]},"bones":[{"name":"root","pivot":[0,0,0]},{"name":"waist","parent":"root","pivot":[0,12,0]},{"name":"body","parent":"waist","pivot":[0,24,0]},{"name":"rightArm","parent":"body","pivot":[-5,22,0]},{"name":"gun","parent":"rightArm","pivot":[0,0,0]},{"name":"gunBody","parent":"gun","pivot":[0,-3,0]},{"name":"slide","parent":"gunBody","pivot":[0,-2,0]},{"name":"attachment","parent":"slide","pivot":[0,0,0]},{"name":"predator_v4","parent":"attachment","pivot":[0,0,0],"cubes":[{"origin":[-1,-0.5,-0.75],"size":[2,1,2],"uv":[0,0]},{"origin":[-1,0.5,-0.95],"size":[2,1,1],"inflate":0.001,"uv":[0,4]},{"origin":[-1,-0.5,-0.95],"size":[0,1,1],"pivot":[-1,0.5,-0.95],"rotation":[22.5,0,0],"uv":[6,6]},{"origin":[1,-0.5,-0.95],"size":[0,1,1],"pivot":[1,0.5,-0.95],"rotation":[22.5,0,0],"uv":[6,6]},{"origin":[-1,-0.5,-0.95],"size":[2,1,0],"pivot":[1,0.5,-0.95],"rotation":[22.5,0,0],"uv":[0,7]}]},{"name":"glass","parent":"predator_v4","pivot":[0,0,0],"cubes":[{"origin":[-1,0.5,-0.7],"size":[2,1,0],"uv":[7,0]}]}]}]}