{"format_version":"1.12.0","minecraft:geometry":[{"description":{"identifier":"geometry.scope_hp","texture_width":32,"texture_height":32,"visible_bounds_width":4,"visible_bounds_height":3.5,"visible_bounds_offset":[0,1.25,0]},"bones":[{"name":"root","pivot":[0,0,0]},{"name":"waist","parent":"root","pivot":[0,12,0]},{"name":"body","parent":"waist","pivot":[0,24,0]},{"name":"rightArm","parent":"body","pivot":[-5,22,0]},{"name":"gun","parent":"rightArm","pivot":[0,0,0]},{"name":"attachment","parent":"gun","pivot":[0,0,0]},{"name":"scope","parent":"attachment","pivot":[0,0,0],"cubes":[{"origin":[-0.5,1,-1.5],"size":[1,1,3],"uv":[0,15]},{"origin":[-0.5,3,-1],"size":[1,1,1],"inflate":-0.05,"uv":[0,0]},{"origin":[-1,1.5,-8],"size":[2,2,5],"inflate":0.5,"uv":[10,10]},{"origin":[-1,1.5,2.75],"size":[2,2,3],"inflate":0.25,"uv":[14,4]},{"origin":[-1,1.5,-2.5],"size":[2,2,5],"uv":[0,7]},{"origin":[-1.5,0,-2.5],"size":[3,1,5],"uv":[0,0]}]},{"name":"cross","parent":"scope","pivot":[-0.2,3.2,-2],"rotation":[-180,0,180]},{"name":"reddot","parent":"cross","pivot":[-0.2,3.2,-2]},{"name":"glass","parent":"scope","pivot":[0,0,0],"rotation":[-180,0,180]}]}]}