{"format_version":"1.12.0","minecraft:geometry":[{"description":{"identifier":"geometry.player_hands","texture_width":64,"texture_height":64,"visible_bounds_width":3,"visible_bounds_height":3,"visible_bounds_offset":[0,1.5,0]},"bones":[{"name":"root","pivot":[0,0,0]},{"name":"waist","parent":"root","pivot":[0,12,0]},{"name":"body","parent":"waist","pivot":[0,24,0]},{"name":"leftArm","parent":"body","pivot":[5,22,0],"cubes":[{"origin":[4,12,-2],"size":[4,12,4],"uv":[32,48]}]},{"name":"leftSleeve","parent":"leftArm","pivot":[5,22,0],"cubes":[{"origin":[4,12,-2],"size":[4,12,4],"inflate":0.25,"uv":[48,48]}]},{"name":"leftItem","parent":"leftArm","pivot":[6,15,1]},{"name":"leftArmExtra","parent":"leftArm","pivot":[5,22,0],"cubes":[{"origin":[4,12,-2],"size":[4,12,4],"uv":[32,48]}]},{"name":"leftSleeveExtra","parent":"leftArmExtra","pivot":[5,22,0],"cubes":[{"origin":[4,12,-2],"size":[4,12,4],"inflate":0.25,"uv":[48,48]}]},{"name":"rightArm","parent":"body","pivot":[-5,22,0],"cubes":[{"origin":[-8,12,-2],"size":[4,12,4],"uv":[40,16]}]},{"name":"rightSleeve","parent":"rightArm","pivot":[-5,22,0],"cubes":[{"origin":[-8,12,-2],"size":[4,12,4],"inflate":0.25,"uv":[40,32]}]},{"name":"rightItem","parent":"rightArm","pivot":[-6,15,1],"locators":{"lead_hold":[-6,15,1]}},{"name":"rightArmExtra","parent":"rightArm","pivot":[-5,22,0],"cubes":[{"origin":[-8,12,-2],"size":[4,12,4],"uv":[40,16]}]},{"name":"rightSleeveExtra","parent":"rightArmExtra","pivot":[-5,22,0],"cubes":[{"origin":[-8,12,-2],"size":[4,12,4],"inflate":0.25,"uv":[40,32]}]}]}]}