{"format_version":"1.21.0","minecraft:client_entity":{"description":{"identifier":"minecraft:player","materials":{"default":"entity_alphatest","cape":"entity_alphatest","animated":"player_animated","spectator":"player_spectator","gun":"entity_alphatest","transparent":"entity_alphablend","glass":"slime_outer","light":"charged_creeper","laser":"laser","nv_goggles":"nv_goggles"},"textures":{"default":"textures/entity/steve","cape":"textures/entity/cape_invisible","ak12":"textures/models/guns/ak12","ak47":"textures/models/guns/ak47","awp":"textures/models/guns/awp","deagle":"textures/models/guns/deagle","fnfal":"textures/models/guns/fnfal","glock17":"textures/models/guns/glock17","glock18":"textures/models/guns/glock18","m4a1":"textures/models/guns/m4a1","m249":"textures/models/guns/m249","mossberg":"textures/models/guns/mossberg","mp5a5":"textures/models/guns/mp5a5","rpg7":"textures/models/guns/rpg7","acog_sight":"textures/models/attachment/acog_sight","eotech_sight":"textures/models/attachment/eotech_sight","predator_v4":"textures/models/attachment/predator_v4","foregrip":"textures/models/attachment/foregrip","laser_red":"textures/models/attachment/laser_red","laser_green":"textures/models/attachment/laser_green","scope_hp":"textures/models/attachment/scope_hp","scope_lp":"textures/models/attachment/scope_lp","silencer":"textures/models/attachment/silencer","nv_goggles":"textures/sight/nv_goggles","sight_acog":"textures/sight/scope_acog","sight_acog_blur":"textures/sight/scope_acog_blur","sight_hp":"textures/sight/scope_hp","sight_hp_blur":"textures/sight/scope_hp_blur","sight_lp":"textures/sight/scope_lp","sight_lp_blur":"textures/sight/scope_lp_blur"},"geometry":{"default":"geometry.humanoid.custom","cape":"geometry.cape","player_hands":"geometry.player_hands","ak12":"geometry.ak12","ak47":"geometry.ak47","awp":"geometry.awp","deagle":"geometry.deagle","fnfal":"geometry.fnfal","glock17":"geometry.glock17","glock18":"geometry.glock18","m4a1":"geometry.m4a1","m249":"geometry.m249","mossberg":"geometry.mossberg","mp5a5":"geometry.mp5a5","rpg7":"geometry.rpg7","acog_sight":"geometry.acog_sight","eotech_sight":"geometry.eotech_sight","predator_v4":"geometry.predator_v4","foregrip":"geometry.foregrip","laser":"geometry.laser","scope_hp":"geometry.scope_hp","scope_lp":"geometry.scope_lp","silencer":"geometry.silencer","nv_goggles":"geometry.nv_goggles_ui","sight":"geometry.sight_ui"},"scripts":{"scale":"0.9375","initialize":["v.is_holding_right = 0;","v.is_blinking = 0;","v.last_blink_time = 0;","v.hand_bob = 0;","v.is_standing = 0;","v.is_inspecting = 0;","v.is_ui = 0;"],"pre_animation":["v.helmet_layer_visible = 1;","v.leg_layer_visible = 1;","v.boot_layer_visible = 1;","v.chest_layer_visible = 1;","v.attack_body_rot_y = math.sin(360 * math.sqrt(v.attack_time)) * 5;","v.tcos0 = (math.cos(q.modified_distance_moved * 38.17) * q.modified_move_speed / v.gliding_speed_value) * 57.3;","v.first_person_rotation_factor = math.sin((1 - v.attack_time) * 180);","v.hand_bob = q.life_time < 0.01 ? 0 : v.hand_bob + ((q.is_on_ground && q.is_alive ? math.clamp(math.sqrt(math.pow(q.position_delta(0), 2) + math.pow(q.position_delta(2), 2)), 0, 0.1) : 0) - v.hand_bob) * 0.02;","v.map_angle = math.clamp(1 - v.player_x_rotation / 45.1, 0, 1);","v.item_use_normalized = q.main_hand_item_use_duration / q.main_hand_item_max_duration;","v.is_third_person = !v.is_first_person && !v.map_face_icon;","v.is_ui = q.is_in_ui && v.is_paperdoll;","v.ak12 = q.equipped_item_all_tags('slot.weapon.mainhand', 'is_ak12');","v.ak47 = q.equipped_item_all_tags('slot.weapon.mainhand', 'is_ak47');","v.awp = q.equipped_item_all_tags('slot.weapon.mainhand', 'is_awp');","v.deagle = q.equipped_item_all_tags('slot.weapon.mainhand', 'is_deagle');","v.fnfal = q.equipped_item_all_tags('slot.weapon.mainhand', 'is_fnfal');","v.glock17 = q.equipped_item_all_tags('slot.weapon.mainhand', 'is_glock17');","v.glock18 = q.equipped_item_all_tags('slot.weapon.mainhand', 'is_glock18');","v.m4a1 = q.equipped_item_all_tags('slot.weapon.mainhand', 'is_m4a1');","v.m249 = q.equipped_item_all_tags('slot.weapon.mainhand', 'is_m249');","v.mossberg = q.equipped_item_all_tags('slot.weapon.mainhand', 'is_mossberg');","v.mp5a5 = q.equipped_item_all_tags('slot.weapon.mainhand', 'is_mp5a5');","v.rpg7 = q.equipped_item_all_tags('slot.weapon.mainhand', 'is_rpg7');","v.guns = q.equipped_item_all_tags('slot.weapon.mainhand', 'is_gun');","v.grip = !v.is_ui ? q.property('gun:grip') : 0;","v.laser = !v.is_ui ? q.property('gun:laser') : 0;","v.sight = !v.is_ui ? q.property('gun:sight') : 0;","v.silencer = !v.is_ui ? q.property('gun:silencer') : 0;","v.is_reloading = !v.is_ui ? q.property('gun:reloading') : 0;","v.is_cycling = !v.is_ui ? q.property('gun:cycle') : 0;","v.is_standby = !v.is_ui ? q.property('gun:standby') : 0;","v.is_wall_detect = !v.is_ui ? q.property('gabrielaplok:wall_detect') : 0;","v.recline = !v.is_ui ? q.property('gabrielaplok:recline') : 0;","v.lie_down = !v.is_ui ? q.property('gabrielaplok:lie_down') : 0;","v.sight_ui = v.guns && (v.sight == 1 || v.sight == 3 || v.sight == 4) && !v.is_wall_detect && !v.is_reloading;","v.inspection = false;"],"animate":[{"root":"!v.guns"},{"guns_root_controller":"v.guns"},"guns_hold_controller","lie_down_controller"]},"animations":{"root":"controller.animation.player.root","base_controller":"controller.animation.player.base","hudplayer":"controller.animation.player.hudplayer","humanoid_base_pose":"animation.humanoid.base_pose","look_at_target":"controller.animation.humanoid.look_at_target","look_at_target_ui":"animation.player.look_at_target.ui","look_at_target_default":"animation.humanoid.look_at_target.default","look_at_target_gliding":"animation.humanoid.look_at_target.gliding","look_at_target_swimming":"animation.humanoid.look_at_target.swimming","look_at_target_inverted":"animation.player.look_at_target.inverted","cape":"animation.player.cape","move.arms":"animation.player.move.arms","move.legs":"animation.player.move.legs","swimming":"animation.player.swim","swimming.legs":"animation.player.swim.legs","riding.arms":"animation.player.riding.arms","riding.legs":"animation.player.riding.legs","holding":"animation.player.holding","brandish_spear":"animation.humanoid.brandish_spear","charging":"animation.humanoid.charging","attack.positions":"animation.player.attack.positions","attack.rotations":"animation.player.attack.rotations","sneaking":"animation.player.sneaking","bob":"animation.player.bob","damage_nearby_mobs":"animation.humanoid.damage_nearby_mobs","bow_and_arrow":"animation.humanoid.bow_and_arrow","use_item_progress":"animation.humanoid.use_item_progress","skeleton_attack":"animation.skeleton.attack","sleeping":"animation.player.sleeping","first_person_base_pose":"animation.player.first_person.base_pose","first_person_empty_hand":"animation.player.first_person.empty_hand","first_person_swap_item":"animation.player.first_person.swap_item","first_person_attack_controller":"controller.animation.player.first_person_attack","first_person_attack_rotation":"animation.player.first_person.attack_rotation","first_person_attack_rotation_item":"animation.player.first_person.attack_rotation_item","first_person_vr_attack_rotation":"animation.player.first_person.vr_attack_rotation","first_person_walk":"animation.player.first_person.walk","first_person_map_controller":"controller.animation.player.first_person_map","first_person_map_hold":"animation.player.first_person.map_hold","first_person_map_hold_attack":"animation.player.first_person.map_hold_attack","first_person_map_hold_off_hand":"animation.player.first_person.map_hold_off_hand","first_person_map_hold_main_hand":"animation.player.first_person.map_hold_main_hand","first_person_crossbow_equipped":"animation.player.first_person.crossbow_equipped","first_person_crossbow_hold":"animation.player.first_person.crossbow_hold","first_person_breathing_bob":"animation.player.first_person.breathing_bob","third_person_crossbow_equipped":"animation.player.crossbow_equipped","third_person_bow_equipped":"animation.player.bow_equipped","crossbow_hold":"animation.player.crossbow_hold","crossbow_controller":"controller.animation.player.crossbow","shield_block_main_hand":"animation.player.shield_block_main_hand","shield_block_off_hand":"animation.player.shield_block_off_hand","blink":"controller.animation.persona.blink","fishing_rod":"animation.humanoid.fishing_rod","holding_spyglass":"animation.humanoid.holding_spyglass","first_person_shield_block":"animation.player.first_person.shield_block","tooting_goat_horn":"animation.humanoid.tooting_goat_horn","holding_brush":"animation.humanoid.holding_brush","brushing":"animation.humanoid.brushing","crawling":"animation.player.crawl","crawling.legs":"animation.player.crawl.legs","guns_root_controller":"controller.animation.player.guns_root","guns_hold_controller":"controller.animation.player.guns_hold","guns_fpp_ads_controller":"controller.animation.player.guns_fpp_ads","guns_fpp_run_controller":"controller.animation.player.guns_fpp_run","guns_fpp_standby_controller":"controller.animation.player.guns_fpp_standby","guns_fpp_draw":"animation.guns.fpp_draw","guns_fpp_run":"animation.guns.fpp_run","guns_fpp_standby":"animation.guns.fpp_standby","guns_tpp_controller":"controller.animation.player.guns_tpp","guns_tpp_hold_0":"animation.guns.tpp_hold_0","guns_tpp_hold_1":"animation.guns.tpp_hold_1","guns_tpp_ads":"animation.guns.tpp_ads","guns_tpp_standby":"animation.guns.tpp_standby","guns_tpp_reload":"animation.guns.tpp_reload","guns_wall_detect_controller":"controller.animation.player.guns_wall_detect","guns_wall_detect":"animation.guns.wall_detect","guns_recline_controller":"controller.animation.player.guns_recline","guns_fpp_recline_left":"animation.guns.fpp_recline_left","guns_fpp_recline_right":"animation.guns.fpp_recline_right","guns_tpp_recline_left":"animation.guns.tpp_recline_left","guns_tpp_recline_right":"animation.guns.tpp_recline_right","ak12_controller":"controller.animation.player.ak12","ak12_item":"animation.ak12.item","ak12_fpp_ads":"animation.ak12.fpp_ads","ak12_fpp_hold":"animation.ak12.fpp_hold","ak12_fpp_inspect":"animation.ak12.fpp_inspect","ak12_fpp_reload":"animation.ak12.fpp_reload","ak12_fpp_run":"animation.ak12.fpp_run","ak47_controller":"controller.animation.player.ak47","ak47_item":"animation.ak47.item","ak47_fpp_ads":"animation.ak47.fpp_ads","ak47_fpp_draw":"animation.ak47.fpp_draw","ak47_fpp_hold":"animation.ak47.fpp_hold","ak47_fpp_inspect":"animation.ak47.fpp_inspect","ak47_fpp_reload":"animation.ak47.fpp_reload","ak47_fpp_run":"animation.ak47.fpp_run","awp_controller":"controller.animation.player.awp","awp_item":"animation.awp.item","awp_fpp_ads":"animation.awp.fpp_ads","awp_fpp_hold":"animation.awp.fpp_hold","awp_fpp_inspect":"animation.awp.fpp_inspect","awp_fpp_reload":"animation.awp.fpp_reload","awp_fpp_run":"animation.awp.fpp_run","deagle_controller":"controller.animation.player.deagle","deagle_item":"animation.deagle.item","deagle_fpp_ads":"animation.deagle.fpp_ads","deagle_fpp_hold":"animation.deagle.fpp_hold","deagle_fpp_inspect":"animation.deagle.fpp_inspect","deagle_fpp_reload":"animation.deagle.fpp_reload","deagle_fpp_run":"animation.deagle.fpp_run","fnfal_controller":"controller.animation.player.fnfal","fnfal_item":"animation.fnfal.item","fnfal_fpp_ads":"animation.fnfal.fpp_ads","fnfal_fpp_hold":"animation.fnfal.fpp_hold","fnfal_fpp_inspect":"animation.fnfal.fpp_inspect","fnfal_fpp_reload":"animation.fnfal.fpp_reload","fnfal_fpp_run":"animation.fnfal.fpp_run","glock17_controller":"controller.animation.player.glock17","glock18_controller":"controller.animation.player.glock18","glock18_item":"animation.glock18.item","glock18_fpp_ads":"animation.glock18.fpp_ads","glock18_fpp_hold":"animation.glock18.fpp_hold","glock18_fpp_inspect":"animation.glock18.fpp_inspect","glock18_fpp_reload":"animation.glock18.fpp_reload","glock18_fpp_run":"animation.glock18.fpp_run","m4a1_controller":"controller.animation.player.m4a1","m4a1_item":"animation.m4a1.item","m4a1_fpp_ads":"animation.m4a1.fpp_ads","m4a1_fpp_hold":"animation.m4a1.fpp_hold","m4a1_fpp_inspect":"animation.m4a1.fpp_inspect","m4a1_fpp_reload":"animation.m4a1.fpp_reload","m4a1_fpp_run":"animation.m4a1.fpp_run","m249_controller":"controller.animation.player.m249","m249_item":"animation.m249.item","m249_fpp_ads":"animation.m249.fpp_ads","m249_fpp_hold":"animation.m249.fpp_hold","m249_fpp_inspect":"animation.m249.fpp_inspect","m249_fpp_reload":"animation.m249.fpp_reload","m249_fpp_run":"animation.m249.fpp_run","m249_walk":"animation.m249.walk","mossberg_controller":"controller.animation.player.mossberg","mossberg_item":"animation.mossberg.item","mossberg_fpp_ads":"animation.mossberg.fpp_ads","mossberg_fpp_hold":"animation.mossberg.fpp_hold","mossberg_fpp_inspect":"animation.mossberg.fpp_inspect","mossberg_fpp_reload":"animation.mossberg.fpp_reload","mossberg_fpp_run":"animation.mossberg.fpp_run","mp5a5_controller":"controller.animation.player.mp5a5","mp5a5_item":"animation.mp5a5.item","mp5a5_fpp_ads":"animation.mp5a5.fpp_ads","mp5a5_fpp_hold":"animation.mp5a5.fpp_hold","mp5a5_fpp_inspect":"animation.mp5a5.fpp_inspect","mp5a5_fpp_reload":"animation.mp5a5.fpp_reload","mp5a5_fpp_run":"animation.mp5a5.fpp_run","rpg7_controller":"controller.animation.player.rpg7","rpg7_item":"animation.rpg7.item","rpg7_fpp_ads":"animation.rpg7.fpp_ads","rpg7_fpp_hold":"animation.rpg7.fpp_hold","rpg7_fpp_inspect":"animation.rpg7.fpp_inspect","rpg7_fpp_reload":"animation.rpg7.fpp_reload","rpg7_fpp_run":"animation.rpg7.fpp_run","sight":"animation.guns.sight","lie_down_controller":"controller.animation.player.lie_down","lie_down":"animation.lie_down","lie_down.walk":"animation.lie_down.walk"},"particle_effects":{"muzzle_flash":"gabrielaplok:muzzle_flash","muzzle_hot":"gabrielaplok:muzzle_hot","muzzle_lensflare":"gabrielaplok:muzzle_lensflare","muzzle_smoke_0":"gabrielaplok:muzzle_smoke_0","muzzle_smoke_1":"gabrielaplok:muzzle_smoke_1","muzzle_smoke_2":"gabrielaplok:muzzle_smoke_2","casing_long":"gabrielaplok:casing_long","casing_medium":"gabrielaplok:casing_medium","casing_short":"gabrielaplok:casing_short","casing_shotgun":"gabrielaplok:casing_shotgun","bullet_tracer":"gabrielaplok:bullet_tracer"},"sound_effects":{"gun_draw":"effect.gun.draw","gun_inspect_0":"effect.gun.inspect_0","gun_inspect_1":"effect.gun.inspect_1","gun_inspect_2":"effect.gun.inspect_2","gun_inspect_3":"effect.gun.inspect_3","ak12_magin":"gun.ak12.magin","ak12_magout":"gun.ak12.magout","ak12_pullback":"gun.ak12.pullback","ak12_pullforward":"gun.ak12.pullforward","ak47_magin":"gun.ak47.magin","ak47_magout":"gun.ak47.magout","ak47_pullback":"gun.ak47.pullback","ak47_pullforward":"gun.ak47.pullforward","awp_magin":"gun.awp.magin","awp_magout":"gun.awp.magout","awp_pullback":"gun.awp.pullback","awp_pullforward":"gun.awp.pullforward","deagle_maghit":"gun.deagle.maghit","deagle_magin":"gun.deagle.magin","deagle_magout":"gun.deagle.magout","deagle_pullback":"gun.deagle.pullback","deagle_pullforward":"gun.deagle.pullforward","fnfal_maghit":"gun.fnfal.maghit","fnfal_magin":"gun.fnfal.magin","fnfal_magout":"gun.fnfal.magout","fnfal_pullback":"gun.fnfal.pullback","fnfal_pullforward":"gun.fnfal.pullforward","glock18_maghit":"gun.glock18.maghit","glock18_magin":"gun.glock18.magin","glock18_magout":"gun.glock18.magout","glock18_pullback":"gun.glock18.pullback","glock18_pullforward":"gun.glock18.pullforward","m4a1_maghit":"gun.m4a1.maghit","m4a1_magin":"gun.m4a1.magin","m4a1_magout":"gun.m4a1.magout","m4a1_pullback":"gun.m4a1.pullback","m4a1_pullforward":"gun.m4a1.pullforward","mossberg_pumpback":"gun.mossberg.pumpback","mossberg_pumpforward":"gun.mossberg.pumpforward","mossberg_shellin":"gun.mossberg.shellin","mp5a5_magin":"gun.mp5a5.magin","mp5a5_magout":"gun.mp5a5.magout","mp5a5_pullback":"gun.mp5a5.pullback","mp5a5_pullforward":"gun.mp5a5.pullforward","bullet_bounce_9mm":"bullet.eject.bounce_9mm","bullet_bounce_308mm":"bullet.eject.bounce_308mm","bullet_bounce_338mm":"bullet.eject.bounce_338mm","bullet_bounce_556mm":"bullet.eject.bounce_556mm","bullet_bounce_shotgun":"bullet.eject.bounce_shotgun","bullet_eject_9mm":"bullet.eject.eject_9mm","bullet_eject_45acp":"bullet.eject.eject_45acp","bullet_eject_50bmg":"bullet.eject.eject_50bmg","bullet_eject_556mm":"bullet.eject.eject_556mm","bullet_eject_762mm":"bullet.eject.eject_762mm"},"render_controllers":[{"controller.render.player.first_person_spectator":"v.is_first_person&&q.is_spectator"},{"controller.render.player.third_person_spectator":"v.is_third_person&&q.is_spectator"},{"controller.render.player.first_person":"v.is_first_person&&!q.is_spectator"},{"controller.render.player.third_person":"v.is_third_person&&!q.is_spectator"},{"controller.render.player.map":"v.map_face_icon"},{"controller.render.player.player_hands":"v.is_first_person&&!q.is_spectator"},{"controller.render.ak12":"v.ak12"},{"controller.render.ak47":"v.ak47"},{"controller.render.awp":"v.awp"},{"controller.render.deagle":"v.deagle"},{"controller.render.fnfal":"v.fnfal"},{"controller.render.glock17":"v.glock17"},{"controller.render.glock18":"v.glock18"},{"controller.render.m4a1":"v.m4a1"},{"controller.render.m249":"v.m249"},{"controller.render.mossberg":"v.mossberg"},{"controller.render.mp5a5":"v.mp5a5"},{"controller.render.rpg7":"v.rpg7"},{"controller.render.grip":"v.guns&&v.grip"},{"controller.render.laser":"v.guns&&v.laser"},{"controller.render.sight":"v.guns&&v.sight"},{"controller.render.silencer":"v.guns&&v.silencer"},{"controller.render.nv_goggles":"q.equipped_item_all_tags('slot.armor.head','gabrielaplok:nv_goggles')&&v.is_first_person"},{"controller.render.sight_ui":"v.sight_ui&&q.is_sneaking&&v.is_first_person"}],"enable_attachables":true}}}