{"format_version":"1.21.0","minecraft:entity":{"description":{"identifier":"minecraft:player","spawn_category":"creature","is_spawnable":false,"is_summonable":false,"scripts":{"animate":["guns_hold_controller","nv_goggles_controller"]},"animations":{"guns_hold_controller":"controller.animation.player.guns_hold","guns_bullet_counter_controller":"controller.animation.player.guns_bullet_counter","guns_swap_controller":"controller.animation.player.guns_swap","guns_sight_controller":"controller.animation.player.guns_sight","guns_sneak_controller":"controller.animation.player.guns_sneak","guns_standby_controller":"controller.animation.player.guns_standby","guns_standby":"animation.guns.standby","nv_goggles_controller":"controller.animation.player.nv_goggles","ak12_controller":"controller.animation.player.ak12","ak12_fire":"animation.player.ak12_fire","ak12_reload":"animation.player.ak12_reload","ak47_controller":"controller.animation.player.ak47","ak47_fire":"animation.player.ak47_fire","ak47_reload":"animation.player.ak47_reload","awp_controller":"controller.animation.player.awp","awp_fire":"animation.player.awp_fire","awp_cycle":"animation.player.awp_cycle","awp_reload":"animation.player.awp_reload","deagle_controller":"controller.animation.player.deagle","deagle_fire":"animation.player.deagle_fire","deagle_reload":"animation.player.deagle_reload","fnfal_controller":"controller.animation.player.fnfal","fnfal_fire":"animation.player.fnfal_fire","fnfal_reload":"animation.player.fnfal_reload","glock17_controller":"controller.animation.player.glock17","glock17_fire":"animation.player.glock17_fire","glock17_reload":"animation.player.glock17_reload","glock18_controller":"controller.animation.player.glock18","glock18_fire":"animation.player.glock18_fire","glock18_reload":"animation.player.glock18_reload","m249_controller":"controller.animation.player.m249","m249_fire":"animation.player.m249_fire","m249_reload":"animation.player.m249_reload","m4a1_controller":"controller.animation.player.m4a1","m4a1_fire":"animation.player.m4a1_fire","m4a1_reload":"animation.player.m4a1_reload","mossberg_controller":"controller.animation.player.mossberg","mossberg_fire":"animation.player.mossberg_fire","mossberg_cycle":"animation.player.mossberg_cycle","mossberg_reload":"animation.player.mossberg_reload","mp5a5_controller":"controller.animation.player.mp5a5","mp5a5_fire":"animation.player.mp5a5_fire","mp5a5_reload":"animation.player.mp5a5_reload"},"properties":{"gun:grip":{"client_sync":true,"type":"int","default":0,"range":[0,1]},"gun:laser":{"client_sync":true,"type":"int","default":0,"range":[0,2]},"gun:sight":{"client_sync":true,"type":"int","default":0,"range":[0,5]},"gun:silencer":{"client_sync":true,"type":"int","default":0,"range":[0,1]},"gun:ammo":{"client_sync":true,"type":"int","default":0,"range":[0,200]},"gun:reloading":{"client_sync":true,"type":"int","default":0,"range":[0,1]},"gun:cycle":{"client_sync":true,"type":"int","default":0,"range":[0,1]},"gun:standby":{"client_sync":true,"type":"int","default":0,"range":[0,1]},"gabrielaplok:wall_detect":{"client_sync":true,"type":"int","default":0,"range":[0,1]},"gabrielaplok:recline":{"client_sync":true,"type":"int","default":0,"range":[-1,1]},"gabrielaplok:lie_down":{"client_sync":true,"type":"int","default":0,"range":[0,1]}}},"component_groups":{"minecraft:add_raid_omen":{"minecraft:spell_effects":{"add_effects":[{"effect":"raid_omen","duration":30,"display_on_screen_animation":true}],"remove_effects":"bad_omen"},"minecraft:timer":{"time":[0,0],"looping":false,"time_down_event":{"event":"minecraft:clear_add_raid_omen","target":"self"}}},"minecraft:clear_raid_omen_spell_effect":{"minecraft:spell_effects":{}},"minecraft:raid_trigger":{"minecraft:raid_trigger":{"triggered_event":{"event":"minecraft:remove_raid_trigger","target":"self"}}},"ak12_fire":{"minecraft:spawn_entity":{"entities":[{"filters":[{"test":"is_sneaking","operator":"==","value":false},{"test":"is_moving","operator":"==","value":false}],"min_wait_time":0,"max_wait_time":0,"single_use":true,"spawn_entity":"gabrielaplok:bullet","spawn_event":"gabrielaplok:bullet_ak12","num_to_spawn":1},{"filters":[{"test":"is_sneaking","operator":"==","value":false},{"test":"is_moving","operator":"==","value":true}],"min_wait_time":0,"max_wait_time":0,"single_use":true,"spawn_entity":"gabrielaplok:bullet","spawn_event":"gabrielaplok:bullet_ak12_move","num_to_spawn":1},{"filters":[{"test":"is_sneaking","operator":"==","value":true}],"min_wait_time":0,"max_wait_time":0,"single_use":true,"spawn_entity":"gabrielaplok:bullet","spawn_event":"gabrielaplok:bullet_ak12_ads","num_to_spawn":1}]}},"ak47_fire":{"minecraft:spawn_entity":{"entities":[{"filters":[{"test":"is_sneaking","operator":"==","value":false},{"test":"is_moving","operator":"==","value":false}],"min_wait_time":0,"max_wait_time":0,"single_use":true,"spawn_entity":"gabrielaplok:bullet","spawn_event":"gabrielaplok:bullet_ak47","num_to_spawn":1},{"filters":[{"test":"is_sneaking","operator":"==","value":false},{"test":"is_moving","operator":"==","value":true}],"min_wait_time":0,"max_wait_time":0,"single_use":true,"spawn_entity":"gabrielaplok:bullet","spawn_event":"gabrielaplok:bullet_ak47_move","num_to_spawn":1},{"filters":[{"test":"is_sneaking","operator":"==","value":true}],"min_wait_time":0,"max_wait_time":0,"single_use":true,"spawn_entity":"gabrielaplok:bullet","spawn_event":"gabrielaplok:bullet_ak47_ads","num_to_spawn":1}]}},"awp_fire":{"minecraft:spawn_entity":{"entities":[{"filters":[{"test":"is_sneaking","operator":"==","value":false},{"test":"is_moving","operator":"==","value":false}],"min_wait_time":0,"max_wait_time":0,"single_use":true,"spawn_entity":"gabrielaplok:bullet","spawn_event":"gabrielaplok:bullet_awp","num_to_spawn":1},{"filters":[{"test":"is_sneaking","operator":"==","value":false},{"test":"is_moving","operator":"==","value":true}],"min_wait_time":0,"max_wait_time":0,"single_use":true,"spawn_entity":"gabrielaplok:bullet","spawn_event":"gabrielaplok:bullet_awp_move","num_to_spawn":1},{"filters":[{"test":"is_sneaking","operator":"==","value":true}],"min_wait_time":0,"max_wait_time":0,"single_use":true,"spawn_entity":"gabrielaplok:bullet","spawn_event":"gabrielaplok:bullet_awp_ads","num_to_spawn":1}]}},"deagle_fire":{"minecraft:spawn_entity":{"entities":[{"filters":[{"test":"is_sneaking","operator":"==","value":false},{"test":"is_moving","operator":"==","value":false}],"min_wait_time":0,"max_wait_time":0,"single_use":true,"spawn_entity":"gabrielaplok:bullet","spawn_event":"gabrielaplok:bullet_deagle","num_to_spawn":1},{"filters":[{"test":"is_sneaking","operator":"==","value":false},{"test":"is_moving","operator":"==","value":true}],"min_wait_time":0,"max_wait_time":0,"single_use":true,"spawn_entity":"gabrielaplok:bullet","spawn_event":"gabrielaplok:bullet_deagle_move","num_to_spawn":1},{"filters":[{"test":"is_sneaking","operator":"==","value":true}],"min_wait_time":0,"max_wait_time":0,"single_use":true,"spawn_entity":"gabrielaplok:bullet","spawn_event":"gabrielaplok:bullet_deagle_ads","num_to_spawn":1}]}},"fnfal_fire":{"minecraft:spawn_entity":{"entities":[{"filters":[{"test":"is_sneaking","operator":"==","value":false},{"test":"is_moving","operator":"==","value":false}],"min_wait_time":0,"max_wait_time":0,"single_use":true,"spawn_entity":"gabrielaplok:bullet","spawn_event":"gabrielaplok:bullet_fnfal","num_to_spawn":1},{"filters":[{"test":"is_sneaking","operator":"==","value":false},{"test":"is_moving","operator":"==","value":true}],"min_wait_time":0,"max_wait_time":0,"single_use":true,"spawn_entity":"gabrielaplok:bullet","spawn_event":"gabrielaplok:bullet_fnfal_move","num_to_spawn":1},{"filters":[{"test":"is_sneaking","operator":"==","value":true}],"min_wait_time":0,"max_wait_time":0,"single_use":true,"spawn_entity":"gabrielaplok:bullet","spawn_event":"gabrielaplok:bullet_fnfal_ads","num_to_spawn":1}]}},"glock17_fire":{"minecraft:spawn_entity":{"entities":[{"filters":[{"test":"is_sneaking","operator":"==","value":false},{"test":"is_moving","operator":"==","value":false}],"min_wait_time":0,"max_wait_time":0,"single_use":true,"spawn_entity":"gabrielaplok:bullet","spawn_event":"gabrielaplok:bullet_glock","num_to_spawn":1},{"filters":[{"test":"is_sneaking","operator":"==","value":false},{"test":"is_moving","operator":"==","value":true}],"min_wait_time":0,"max_wait_time":0,"single_use":true,"spawn_entity":"gabrielaplok:bullet","spawn_event":"gabrielaplok:bullet_glock_move","num_to_spawn":1},{"filters":[{"test":"is_sneaking","operator":"==","value":true}],"min_wait_time":0,"max_wait_time":0,"single_use":true,"spawn_entity":"gabrielaplok:bullet","spawn_event":"gabrielaplok:bullet_glock_ads","num_to_spawn":1}]}},"glock18_fire":{"minecraft:spawn_entity":{"entities":[{"filters":[{"test":"is_sneaking","operator":"==","value":false},{"test":"is_moving","operator":"==","value":false}],"min_wait_time":0,"max_wait_time":0,"single_use":true,"spawn_entity":"gabrielaplok:bullet","spawn_event":"gabrielaplok:bullet_glock","num_to_spawn":1},{"filters":[{"test":"is_sneaking","operator":"==","value":false},{"test":"is_moving","operator":"==","value":true}],"min_wait_time":0,"max_wait_time":0,"single_use":true,"spawn_entity":"gabrielaplok:bullet","spawn_event":"gabrielaplok:bullet_glock_move","num_to_spawn":1},{"filters":[{"test":"is_sneaking","operator":"==","value":true}],"min_wait_time":0,"max_wait_time":0,"single_use":true,"spawn_entity":"gabrielaplok:bullet","spawn_event":"gabrielaplok:bullet_glock_ads","num_to_spawn":1}]}},"m249_fire":{"minecraft:spawn_entity":{"entities":[{"filters":[{"test":"is_sneaking","operator":"==","value":false},{"test":"is_moving","operator":"==","value":false}],"min_wait_time":0,"max_wait_time":0,"single_use":true,"spawn_entity":"gabrielaplok:bullet","spawn_event":"gabrielaplok:bullet_m249","num_to_spawn":1},{"filters":[{"test":"is_sneaking","operator":"==","value":false},{"test":"is_moving","operator":"==","value":true}],"min_wait_time":0,"max_wait_time":0,"single_use":true,"spawn_entity":"gabrielaplok:bullet","spawn_event":"gabrielaplok:bullet_m249_move","num_to_spawn":1},{"filters":[{"test":"is_sneaking","operator":"==","value":true}],"min_wait_time":0,"max_wait_time":0,"single_use":true,"spawn_entity":"gabrielaplok:bullet","spawn_event":"gabrielaplok:bullet_m249_ads","num_to_spawn":1}]}},"m4a1_fire":{"minecraft:spawn_entity":{"entities":[{"filters":[{"test":"is_sneaking","operator":"==","value":false},{"test":"is_moving","operator":"==","value":false}],"min_wait_time":0,"max_wait_time":0,"single_use":true,"spawn_entity":"gabrielaplok:bullet","spawn_event":"gabrielaplok:bullet_m4a1","num_to_spawn":1},{"filters":[{"test":"is_sneaking","operator":"==","value":false},{"test":"is_moving","operator":"==","value":true}],"min_wait_time":0,"max_wait_time":0,"single_use":true,"spawn_entity":"gabrielaplok:bullet","spawn_event":"gabrielaplok:bullet_m4a1_move","num_to_spawn":1},{"filters":[{"test":"is_sneaking","operator":"==","value":true}],"min_wait_time":0,"max_wait_time":0,"single_use":true,"spawn_entity":"gabrielaplok:bullet","spawn_event":"gabrielaplok:bullet_m4a1_ads","num_to_spawn":1}]}},"mossberg_fire":{"minecraft:spawn_entity":{"entities":[{"filters":[{"test":"is_sneaking","operator":"==","value":false},{"test":"is_moving","operator":"==","value":false}],"min_wait_time":0,"max_wait_time":0,"single_use":true,"spawn_entity":"gabrielaplok:bullet","spawn_event":"gabrielaplok:bullet_mossberg","num_to_spawn":8},{"filters":[{"test":"is_sneaking","operator":"==","value":false},{"test":"is_moving","operator":"==","value":true}],"min_wait_time":0,"max_wait_time":0,"single_use":true,"spawn_entity":"gabrielaplok:bullet","spawn_event":"gabrielaplok:bullet_mossberg_move","num_to_spawn":8},{"filters":[{"test":"is_sneaking","operator":"==","value":true}],"min_wait_time":0,"max_wait_time":0,"single_use":true,"spawn_entity":"gabrielaplok:bullet","spawn_event":"gabrielaplok:bullet_mossberg_ads","num_to_spawn":8}]}},"mp5a5_fire":{"minecraft:spawn_entity":{"entities":[{"filters":[{"test":"is_sneaking","operator":"==","value":false},{"test":"is_moving","operator":"==","value":false}],"min_wait_time":0,"max_wait_time":0,"single_use":true,"spawn_entity":"gabrielaplok:bullet","spawn_event":"gabrielaplok:bullet_mp5a5","num_to_spawn":1},{"filters":[{"test":"is_sneaking","operator":"==","value":false},{"test":"is_moving","operator":"==","value":true}],"min_wait_time":0,"max_wait_time":0,"single_use":true,"spawn_entity":"gabrielaplok:bullet","spawn_event":"gabrielaplok:bullet_mp5a5_move","num_to_spawn":1},{"filters":[{"test":"is_sneaking","operator":"==","value":true}],"min_wait_time":0,"max_wait_time":0,"single_use":true,"spawn_entity":"gabrielaplok:bullet","spawn_event":"gabrielaplok:bullet_mp5a5_ads","num_to_spawn":1}]}},"default":{"minecraft:knockback_resistance":{"value":0.25}},"velocity_default":{"minecraft:movement":{"value":0.1}},"juggernaut":{"minecraft:movement":{"value":0.065},"minecraft:knockback_resistance":{"value":100},"minecraft:break_blocks":{"breakable_blocks":["bamboo","big_dripleaf","cocoa","carved_pumpkin","chorus_flower","chorus_plant","cave_vines","cave_vines_body_with_berries","cave_vines_head_with_berries","glass","glass_pane","lantern","lit_pumpkin","melon_block","pumpkin","red_stained_glass","blue_stained_glass","cyan_stained_glass","gray_stained_glass","lime_stained_glass","pink_stained_glass","black_stained_glass","brown_stained_glass","green_stained_glass","white_stained_glass","orange_stained_glass","purple_stained_glass","yellow_stained_glass","magenta_stained_glass","hard_red_stained_glass","hard_blue_stained_glass","hard_cyan_stained_glass","hard_gray_stained_glass","hard_lime_stained_glass","hard_pink_stained_glass","hard_black_stained_glass","hard_brown_stained_glass","hard_green_stained_glass","hard_white_stained_glass","light_blue_stained_glass","light_gray_stained_glass","hard_orange_stained_glass","hard_purple_stained_glass","hard_yellow_stained_glass","hard_magenta_stained_glass","red_stained_glass_pane","blue_stained_glass_pane","cyan_stained_glass_pane","gray_stained_glass_pane","lime_stained_glass_pane","pink_stained_glass_pane","black_stained_glass_pane","brown_stained_glass_pane","green_stained_glass_pane","white_stained_glass_pane","orange_stained_glass_pane","purple_stained_glass_pane","yellow_stained_glass_pane","magenta_stained_glass_pane","hard_red_stained_glass_pane","hard_blue_stained_glass_pane","hard_cyan_stained_glass_pane","hard_gray_stained_glass_pane","hard_lime_stained_glass_pane","hard_pink_stained_glass_pane","hard_black_stained_glass_pane","hard_brown_stained_glass_pane","hard_green_stained_glass_pane","hard_white_stained_glass_pane","light_blue_stained_glass_pane","light_gray_stained_glass_pane","hard_orange_stained_glass_pane","hard_purple_stained_glass_pane","hard_yellow_stained_glass_pane","hard_magenta_stained_glass_pane","tinted_glass","standing_sign","small_dripleaf_block","turtle_egg","vine","wall_banner","wall_sign","web","wheat","waterlily"]}}},"components":{"minecraft:experience_reward":{"on_death":"math.min(q.player_level*8,100)"},"minecraft:type_family":{"family":["player"]},"minecraft:is_hidden_when_invisible":{},"minecraft:loot":{"table":"loot_tables/empty.json"},"minecraft:collision_box":{"width":0.6,"height":1.8},"minecraft:can_climb":{},"minecraft:movement":{"value":0.1},"minecraft:hurt_on_condition":{"damage_conditions":[{"filters":{"test":"in_lava","value":true},"cause":"lava","damage_per_tick":4}]},"minecraft:attack":{"damage":1},"minecraft:exhaustion_values":{"heal":6,"jump":0.05,"sprint_jump":0.2,"mine":0.005,"attack":0.1,"damage":0.1,"walk":0,"sprint":0.1,"swim":0.01},"minecraft:player.saturation":{"value":5,"max":20},"minecraft:player.exhaustion":{"value":0,"max":20},"minecraft:player.level":{"value":0,"max":24791},"minecraft:player.experience":{"value":0,"max":1},"minecraft:breathable":{"total_supply":15,"suffocate_time":-1,"inhale_time":3.75,"generates_bubbles":false},"minecraft:nameable":{"always_show":true,"allow_name_tag_renaming":false},"minecraft:physics":{"push_towards_closest_space":true},"minecraft:pushable":{"is_pushable":false,"is_pushable_by_piston":true},"minecraft:insomnia":{"days_until_insomnia":3},"minecraft:rideable":{"seat_count":2,"family_types":["parrot_tame"],"pull_in_entities":true,"seats":[{"position":[0.4,-0.2,-0.1],"min_rider_count":0,"max_rider_count":0,"lock_rider_rotation":0},{"position":[-0.4,-0.2,-0.1],"min_rider_count":1,"max_rider_count":2,"lock_rider_rotation":0}]},"minecraft:conditional_bandwidth_optimization":{},"minecraft:block_climber":{},"minecraft:environment_sensor":{"triggers":[{"filters":{"all_of":[{"test":"has_mob_effect","subject":"self","value":"bad_omen"},{"test":"is_in_village","subject":"self","value":true}]},"event":"minecraft:gain_raid_omen"},{"event":"gabrielaplok:tick"},{"filters":{"all_of":[{"test":"is_underground","value":true},{"test":"is_underwater","value":false}]},"event":"gabrielaplok:add_underground"},{"filters":{"all_of":[{"test":"is_underground","value":false}]},"event":"gabrielaplok:remove_underground"},{"filters":{"all_of":[{"test":"is_sneaking","value":true}]},"event":"gabrielaplok:add_sneaking"},{"filters":{"all_of":[{"test":"is_sneaking","value":false}]},"event":"gabrielaplok:remove_sneaking"},{"filters":{"any_of":[{"test":"has_equipment","domain":"torso","value":"gabrielaplok:juggernaut_chestplate"}]},"event":"gabrielaplok:add_juggernaut"},{"filters":{"none_of":[{"test":"has_equipment","domain":"torso","value":"gabrielaplok:juggernaut_chestplate"}]},"event":"gabrielaplok:remove_juggernaut"},{"filters":{"all_of":[{"test":"is_riding","value":true},{"test":"is_family","subject":"other","value":"lie_down"},{"test":"int_property","domain":"gabrielaplok:lie_down","value":0}]},"event":"gabrielaplok:add_lie_down"},{"filters":{"all_of":[{"test":"is_riding","value":true},{"test":"is_family","subject":"other","operator":"!=","value":"lie_down"},{"test":"int_property","domain":"gabrielaplok:lie_down","value":1}]},"event":"gabrielaplok:remove_lie_down"},{"filters":{"all_of":[{"test":"is_riding","value":false},{"test":"int_property","domain":"gabrielaplok:lie_down","value":1}]},"event":"gabrielaplok:remove_lie_down"}]},"minecraft:damage_sensor":{"triggers":[{"on_damage":{"filters":{"all_of":[{"test":"has_equipment","domain":"torso","value":"gabrielaplok:juggernaut_chestplate"}]}},"cause":"block_explosion","damage_multiplier":0.25},{"on_damage":{"filters":{"all_of":[{"test":"has_equipment","domain":"torso","value":"gabrielaplok:juggernaut_chestplate"}]}},"cause":"entity_explosion","damage_multiplier":0.25},{"on_damage":{"filters":{"all_of":[{"test":"has_tag","subject":"self","value":"axis"},{"test":"has_tag","subject":"other","value":"axis"}]}},"cause":"all","deals_damage":false},{"on_damage":{"filters":{"all_of":[{"test":"has_tag","subject":"self","value":"allies"},{"test":"has_tag","subject":"other","value":"allies"}]}},"cause":"all","deals_damage":false},{"on_damage":{"filters":{"all_of":[{"test":"is_family","subject":"other","value":"player"},{"test":"has_damage","operator":"==","value":"fatal"}]},"cause":"all","event":"gabrielaplok:on_damage_from_player","target":"other"}}]},"minecraft:on_death":{"event":"gabrielaplok:on_death"},"minecraft:npc":{},"minecraft:interact":{"interactions":[{}]}},"events":{"minecraft:entity_spawned":{"sequence":[{"add":{"component_groups":["default"]}},{"trigger":"gabrielaplok:velocity_default"},{"trigger":"gabrielaplok:remove_cycle"},{"trigger":"gabrielaplok:remove_recline"},{"trigger":"gabrielaplok:remove_reloading"},{"trigger":"gabrielaplok:remove_sneaking"},{"trigger":"gabrielaplok:remove_underground"},{"trigger":"gabrielaplok:add_wall_detect"}]},"minecraft:gain_raid_omen":{"add":{"component_groups":["minecraft:add_raid_omen"]}},"minecraft:clear_add_raid_omen":{"remove":{"component_groups":["minecraft:add_raid_omen"]},"add":{"component_groups":["minecraft:clear_raid_omen_spell_effect"]}},"minecraft:trigger_raid":{"add":{"component_groups":["minecraft:raid_trigger"]}},"minecraft:remove_raid_trigger":{"remove":{"component_groups":["minecraft:raid_trigger"]}},"gabrielaplok:tick":{"queue_command":{"command":["function player/tick"]}},"gabrielaplok:on_death":{"queue_command":{"command":["scoreboard players add @s deaths 1"]}},"gabrielaplok:on_damage_from_player":{"queue_command":{"command":["scoreboard players add @s kills 1"]}},"gabrielaplok:add_underground":{"filters":{"test":"has_tag","operator":"!=","value":"underground"},"queue_command":{"command":["tag @s  add underground"]}},"gabrielaplok:remove_underground":{"filters":{"test":"has_tag","value":"underground"},"queue_command":{"command":["tag @s remove underground"]}},"gabrielaplok:add_sneaking":{"filters":{"test":"has_tag","operator":"!=","value":"sneaking"},"queue_command":{"command":["tag @s add sneaking"]}},"gabrielaplok:remove_sneaking":{"filters":{"test":"has_tag","value":"sneaking"},"queue_command":{"command":["tag @s remove sneaking"]}},"gabrielaplok:add_reloading":{"filters":{"test":"int_property","domain":"gun:reloading","value":0},"set_property":{"gun:reloading":1}},"gabrielaplok:remove_reloading":{"filters":{"test":"int_property","domain":"gun:reloading","value":1},"set_property":{"gun:reloading":0}},"gabrielaplok:add_cycle":{"filters":{"test":"int_property","domain":"gun:cycle","value":0},"set_property":{"gun:cycle":1}},"gabrielaplok:remove_cycle":{"filters":{"test":"int_property","domain":"gun:cycle","value":1},"set_property":{"gun:cycle":0}},"gabrielaplok:add_standby":{"filters":{"test":"int_property","domain":"gun:standby","value":0},"set_property":{"gun:standby":1}},"gabrielaplok:remove_standby":{"filters":{"test":"int_property","domain":"gun:standby","value":1},"set_property":{"gun:standby":0}},"gabrielaplok:recline":{"filters":{"test":"has_tag","value":"enable_recline"},"queue_command":{"command":["function player/recline"]}},"gabrielaplok:add_recline_left":{"set_property":{"gabrielaplok:recline":-1}},"gabrielaplok:add_recline_right":{"set_property":{"gabrielaplok:recline":1}},"gabrielaplok:remove_recline":{"set_property":{"gabrielaplok:recline":0}},"gabrielaplok:add_wall_detect":{"filters":{"test":"int_property","domain":"gabrielaplok:wall_detect","value":0},"set_property":{"gabrielaplok:wall_detect":1}},"gabrielaplok:remove_wall_detect":{"filters":{"test":"int_property","domain":"gabrielaplok:wall_detect","value":1},"set_property":{"gabrielaplok:wall_detect":0}},"gabrielaplok:add_lie_down":{"set_property":{"gabrielaplok:lie_down":1}},"gabrielaplok:remove_lie_down":{"set_property":{"gabrielaplok:lie_down":0}},"gabrielaplok:fire":{"sequence":[{"sequence":[{"filters":{"test":"has_equipment","domain":"hand","value":"gabrielaplok:ak12"},"sequence":[{"add":{"component_groups":["ak12_fire"]}}]},{"filters":{"test":"has_equipment","domain":"hand","value":"gabrielaplok:ak47"},"sequence":[{"add":{"component_groups":["ak47_fire"]}}]},{"filters":{"test":"has_equipment","domain":"hand","value":"gabrielaplok:awp"},"sequence":[{"add":{"component_groups":["awp_fire"]}}]},{"filters":{"test":"has_equipment","domain":"hand","value":"gabrielaplok:deagle"},"sequence":[{"add":{"component_groups":["deagle_fire"]}}]},{"filters":{"test":"has_equipment","domain":"hand","value":"gabrielaplok:fnfal"},"sequence":[{"add":{"component_groups":["fnfal_fire"]}}]},{"filters":{"test":"has_equipment","domain":"hand","value":"gabrielaplok:glock17"},"sequence":[{"add":{"component_groups":["glock17_fire"]}}]},{"filters":{"test":"has_equipment","domain":"hand","value":"gabrielaplok:glock18"},"sequence":[{"add":{"component_groups":["glock18_fire"]}}]},{"filters":{"test":"has_equipment","domain":"hand","value":"gabrielaplok:m249"},"sequence":[{"add":{"component_groups":["m249_fire"]}}]},{"filters":{"test":"has_equipment","domain":"hand","value":"gabrielaplok:m4a1"},"sequence":[{"add":{"component_groups":["m4a1_fire"]}}]},{"filters":{"test":"has_equipment","domain":"hand","value":"gabrielaplok:mossberg"},"sequence":[{"add":{"component_groups":["mossberg_fire"]}}]},{"filters":{"test":"has_equipment","domain":"hand","value":"gabrielaplok:mp5a5"},"sequence":[{"add":{"component_groups":["mp5a5_fire"]}}]},{"queue_command":{"command":["execute as @s[tag=!silencer] run function effect/gun_dist"]}}]}]},"gabrielaplok:add_hitmark":{"queue_command":{"command":["playsound effect.player.hitmarker @s ~~~ 1 1"]}},"gabrielaplok:add_hitmark_headshot":{"queue_command":{"command":["playsound effect.player.hitmarker @s ~~~ 1 0.8"]}},"gabrielaplok:set_ammo_0":{"set_property":{"gun:ammo":0}},"gabrielaplok:set_ammo_1":{"set_property":{"gun:ammo":1}},"gabrielaplok:set_ammo_2":{"set_property":{"gun:ammo":2}},"gabrielaplok:set_ammo_3":{"set_property":{"gun:ammo":3}},"gabrielaplok:set_ammo_4":{"set_property":{"gun:ammo":4}},"gabrielaplok:set_ammo_5":{"set_property":{"gun:ammo":5}},"gabrielaplok:set_ammo_6":{"set_property":{"gun:ammo":6}},"gabrielaplok:set_ammo_7":{"set_property":{"gun:ammo":7}},"gabrielaplok:set_ammo_8":{"set_property":{"gun:ammo":8}},"gabrielaplok:velocity_default":{"remove":{"component_groups":["juggernaut"]},"add":{"component_groups":["velocity_default"]}},"gabrielaplok:add_juggernaut":{"remove":{"component_groups":["default","velocity_default"]},"add":{"component_groups":["juggernaut"]}},"gabrielaplok:remove_juggernaut":{"remove":{"component_groups":["juggernaut"]},"add":{"component_groups":["default","velocity_default"]}}}}}