{"format_version":"1.20.80","minecraft:block":{"description":{"identifier":"gabrielaplok:ammo_workbench","menu_category":{"category":"items","group":"itemGroup.name.props"},"traits":{"minecraft:placement_direction":{"enabled_states":["minecraft:cardinal_direction"],"y_rotation_offset":180}}},"components":{"minecraft:destructible_by_mining":{"seconds_to_destroy":1},"minecraft:display_name":"tile.ammo_workbench.name","minecraft:geometry":"geometry.ammo_workbench","minecraft:material_instances":{"*":{"texture":"ammo_workbench","render_method":"opaque"}},"minecraft:light_dampening":0,"minecraft:custom_components":["gabrielaplok:ammo_workbench"],"tag:wood":{}},"permutations":[{"condition":"q.block_state('minecraft:cardinal_direction') == 'north'","components":{"minecraft:transformation":{"rotation":[0,0,0]}}},{"condition":"q.block_state('minecraft:cardinal_direction') == 'west'","components":{"minecraft:transformation":{"rotation":[0,90,0]}}},{"condition":"q.block_state('minecraft:cardinal_direction') == 'south'","components":{"minecraft:transformation":{"rotation":[0,180,0]}}},{"condition":"q.block_state('minecraft:cardinal_direction') == 'east'","components":{"minecraft:transformation":{"rotation":[0,-90,0]}}}]}}