{"format_version":"1.20.80","minecraft:block":{"description":{"identifier":"gabrielaplok:gun_workbench","menu_category":{"category":"items","group":"itemGroup.name.props"},"traits":{"minecraft:placement_direction":{"enabled_states":["minecraft:cardinal_direction"],"y_rotation_offset":180}}},"components":{"minecraft:crafting_table":{"crafting_tags":["gun_workbench"],"table_name":"ui.gun_workbench"},"minecraft:destructible_by_mining":{"seconds_to_destroy":2},"minecraft:display_name":"tile.gun_workbench.name","minecraft:geometry":"geometry.gun_workbench","minecraft:material_instances":{"*":{"texture":"gun_workbench","render_method":"opaque"}},"minecraft:light_dampening":0,"tag:metal":{}},"permutations":[{"condition":"q.block_state('minecraft:cardinal_direction') == 'north'","components":{"minecraft:transformation":{"rotation":[0,0,0]}}},{"condition":"q.block_state('minecraft:cardinal_direction') == 'west'","components":{"minecraft:transformation":{"rotation":[0,90,0]}}},{"condition":"q.block_state('minecraft:cardinal_direction') == 'south'","components":{"minecraft:transformation":{"rotation":[0,180,0]}}},{"condition":"q.block_state('minecraft:cardinal_direction') == 'east'","components":{"minecraft:transformation":{"rotation":[0,-90,0]}}}]}}