{"format_version":"1.20.80","minecraft:block":{"description":{"identifier":"gabrielaplok:hedgehog","menu_category":{"category":"construction","group":"itemGroup.name.props"},"traits":{"minecraft:placement_direction":{"enabled_states":["minecraft:cardinal_direction"],"y_rotation_offset":180}}},"components":{"minecraft:destructible_by_explosion":false,"minecraft:destructible_by_mining":{"seconds_to_destroy":8},"minecraft:display_name":"tile.hedgehog.name","minecraft:geometry":"geometry.hedgehog","minecraft:material_instances":{"*":{"texture":"hedgehog","render_method":"opaque"}},"minecraft:light_dampening":0,"tag:metal":{}},"permutations":[{"condition":"q.block_state('minecraft:cardinal_direction') == 'north'","components":{"minecraft:transformation":{"rotation":[0,0,0]}}},{"condition":"q.block_state('minecraft:cardinal_direction') == 'west'","components":{"minecraft:transformation":{"rotation":[0,90,0]}}},{"condition":"q.block_state('minecraft:cardinal_direction') == 'south'","components":{"minecraft:transformation":{"rotation":[0,180,0]}}},{"condition":"q.block_state('minecraft:cardinal_direction') == 'east'","components":{"minecraft:transformation":{"rotation":[0,-90,0]}}}]}}