{"format_version":"1.20.80","minecraft:block":{"description":{"identifier":"gabrielaplok:landmine","menu_category":{"is_hidden_in_commands":true,"category":"none"},"traits":{"minecraft:placement_direction":{"enabled_states":["minecraft:cardinal_direction"],"y_rotation_offset":180}}},"components":{"minecraft:collision_box":{"origin":[-2,0,-2],"size":[4,4,4]},"minecraft:destructible_by_mining":{"seconds_to_destroy":2},"minecraft:display_name":"item.landmine.name","minecraft:geometry":"geometry.landmine","minecraft:material_instances":{"*":{"texture":"landmine","render_method":"alpha_test"}},"minecraft:selection_box":{"origin":[-2,0,-2],"size":[4,4,4]},"minecraft:custom_components":["gabrielaplok:landmine"],"minecraft:light_dampening":0,"minecraft:loot":"loot_tables/blocks/props/landmine.json","tag:metal":{}},"permutations":[{"condition":"q.block_state('minecraft:cardinal_direction') == 'north'","components":{"minecraft:transformation":{"rotation":[0,0,0]}}},{"condition":"q.block_state('minecraft:cardinal_direction') == 'west'","components":{"minecraft:transformation":{"rotation":[0,90,0]}}},{"condition":"q.block_state('minecraft:cardinal_direction') == 'south'","components":{"minecraft:transformation":{"rotation":[0,180,0]}}},{"condition":"q.block_state('minecraft:cardinal_direction') == 'east'","components":{"minecraft:transformation":{"rotation":[0,-90,0]}}}]}}