{"format_version":"1.20.80","minecraft:block":{"description":{"identifier":"gabrielaplok:sandbag","menu_category":{"category":"construction","group":"itemGroup.name.props"},"traits":{"minecraft:placement_direction":{"enabled_states":["minecraft:cardinal_direction"],"y_rotation_offset":180}},"states":{"gabrielaplok:double":[false,true]}},"components":{"minecraft:destructible_by_explosion":false,"minecraft:destructible_by_mining":{"seconds_to_destroy":4},"minecraft:display_name":"tile.sandbag.name","minecraft:flammable":{"catch_chance_modifier":5,"destroy_chance_modifier":20},"minecraft:geometry":{"identifier":"geometry.sandbag","bone_visibility":{"top":"q.block_state('gabrielaplok:double')"}},"minecraft:material_instances":{"*":{"texture":"sandbag","render_method":"opaque"}},"minecraft:custom_components":["gabrielaplok:sandbag"],"minecraft:light_dampening":0,"tag:sand":{}},"permutations":[{"condition":"q.block_state('minecraft:cardinal_direction') == 'north'","components":{"minecraft:transformation":{"rotation":[0,0,0]}}},{"condition":"q.block_state('minecraft:cardinal_direction') == 'west'","components":{"minecraft:transformation":{"rotation":[0,90,0]}}},{"condition":"q.block_state('minecraft:cardinal_direction') == 'south'","components":{"minecraft:transformation":{"rotation":[0,180,0]}}},{"condition":"q.block_state('minecraft:cardinal_direction') == 'east'","components":{"minecraft:transformation":{"rotation":[0,-90,0]}}},{"condition":"!q.block_state('gabrielaplok:double')","components":{"minecraft:loot":"loot_tables/blocks/props/sandbag.json","minecraft:collision_box":{"origin":[-7,0,-8],"size":[14,8,16]},"minecraft:selection_box":{"origin":[-7,0,-8],"size":[14,8,16]}}},{"condition":"q.block_state('gabrielaplok:double')","components":{"minecraft:loot":"loot_tables/blocks/props/sandbag_double.json","minecraft:collision_box":{"origin":[-7,0,-8],"size":[14,16,16]},"minecraft:selection_box":{"origin":[-7,0,-8],"size":[14,16,16]}}}]}}