{"namespace":"hud_elements","hud_elements@common.empty_panel":{"controls":[{"open_ads@hud_elements.open_ads":{}},{"close_ads@hud_elements.close_ads":{}}]},"open_ads":{"ignored":"(not ($title_text = 'hud.open_ads'))","type":"image","texture":"textures/ui/hud/ads_shadow","alpha":"@hud_elements.open_ads_anim_alpha_0","force_texture_reload":true,"allow_debug_missing_texture":false,"layer":3,"size":["100%","100%"]},"close_ads":{"ignored":"(not ($title_text = 'hud.close_ads'))","type":"image","texture":"textures/ui/hud/ads_shadow","alpha":"@hud_elements.close_ads_anim_alpha_0","force_texture_reload":true,"allow_debug_missing_texture":false,"layer":3,"size":["100%","100%"]},"open_ads_anim_alpha_0":{"anim_type":"alpha","easing":"out_bounce","duration":0.5,"from":0,"to":1,"next":"@hud_elements.open_ads_anim_alpha_1"},"open_ads_anim_alpha_1":{"anim_type":"alpha","easing":"in_bounce","duration":999999,"from":1,"to":1},"close_ads_anim_alpha_0":{"anim_type":"alpha","easing":"out_bounce","duration":0.25,"from":1,"to":0}}