{"format_version":"1.12.0","minecraft:geometry":[{"description":{"identifier":"geometry.ammo_workbench","texture_width":64,"texture_height":64,"visible_bounds_width":2,"visible_bounds_height":2.5,"visible_bounds_offset":[0,0.75,0]},"bones":[{"name":"root","pivot":[0,0,0],"cubes":[{"origin":[-7,0,6],"size":[1,14,1],"uv":[32,45]},{"origin":[-6,12,5],"size":[12,2,1],"uv":[37,22]},{"origin":[-6,12,-6],"size":[12,2,1],"uv":[37,18]},{"origin":[5,12,-5],"size":[1,2,10],"uv":[23,32]},{"origin":[-6,12,-5],"size":[1,2,10],"uv":[0,32]},{"origin":[-7,0,-7],"size":[1,14,1],"uv":[27,45]},{"origin":[-8,14,-8],"size":[16,1,16],"uv":[0,0]},{"origin":[-6,3,-6],"size":[12,1,12],"uv":[0,18]},{"origin":[6,0,-7],"size":[1,14,1],"uv":[22,45]},{"origin":[6,0,6],"size":[1,14,1],"uv":[17,45]}]},{"name":"bullets","parent":"root","pivot":[0,0,0],"cubes":[{"origin":[-2,7,-3],"size":[2,1,1],"pivot":[-1,7,-2],"rotation":[0,22.5,0],"uv":[26,32]},{"origin":[2,4,2],"size":[3,1,1],"uv":[47,48]},{"origin":[-6,15,4],"size":[3,1,1],"pivot":[-5,15,5],"rotation":[0,-25,0],"uv":[37,26]},{"origin":[-4,15,2],"size":[3,1,1],"pivot":[-3,15,3],"rotation":[0,-70,0],"uv":[37,26]},{"origin":[2,4,-4],"size":[2,1,1],"pivot":[3,4,-3],"rotation":[0,-52.5,0],"uv":[9,13]},{"origin":[-6,15,-2],"size":[1,1,2],"uv":[8,6]},{"origin":[1,15,-3],"size":[1,1,3],"pivot":[1,15,-2],"rotation":[0,-25,0],"uv":[49,5]},{"origin":[0.7,16,-3],"size":[1,1,3],"pivot":[0.7,16,-2],"rotation":[0,-25,0],"uv":[49,5]},{"origin":[-2,15,-3],"size":[1,3,1],"uv":[0,6]},{"origin":[1,15,0],"size":[3,1,3],"pivot":[3,15,1],"rotation":[0,-10,0],"uv":[37,48]},{"origin":[-2,15,-2],"size":[2,1,3],"pivot":[-1,15,-1],"rotation":[0,5,0],"uv":[49,0]},{"origin":[-4,15,-5],"size":[2,1,3],"pivot":[-3,15,-4],"rotation":[0,-12.5,0],"uv":[0,25]}]},{"name":"box_0","parent":"root","pivot":[4,0,-1],"cubes":[{"origin":[-5,4,-5],"size":[7,3,5],"uv":[36,32]}]},{"name":"box_1","parent":"root","pivot":[3,0,4],"rotation":[0,7.5,0],"cubes":[{"origin":[-5,4,0],"size":[6,2,4],"uv":[42,41]}]},{"name":"compressor","parent":"root","pivot":[0,0,0],"cubes":[{"origin":[2,15,-10],"size":[3,1,6],"uv":[13,32]},{"origin":[2,20,-9],"size":[3,1,5],"uv":[0,45]},{"origin":[3,16,-8],"size":[1,7,1],"pivot":[3.5,19.5,-7.5],"rotation":[0,-45,0],"uv":[0,32]},{"origin":[2,16,-6],"size":[3,4,2],"uv":[0,18]},{"origin":[5,19,-9.5],"size":[1,1,5],"pivot":[5.5,19.5,-5],"rotation":[45,0,0],"uv":[0,6]},{"origin":[2,13,-10],"size":[3,1,4],"uv":[0,0]},{"origin":[2,14,-10],"size":[3,1,1],"uv":[0,13]}]}]}]}