{"format_version":"1.12.0","minecraft:geometry":[{"description":{"identifier":"geometry.attachment_workbench","texture_width":64,"texture_height":64,"visible_bounds_width":4,"visible_bounds_height":2.5,"visible_bounds_offset":[0,0.75,0]},"bones":[{"name":"root","pivot":[0,0,0],"cubes":[{"origin":[-7,0,6],"size":[1,14,1],"uv":[35,44]},{"origin":[-6,12,5],"size":[12,2,1],"uv":[33,32]},{"origin":[-6,12,-6],"size":[12,2,1],"uv":[33,32]},{"origin":[5,12,-5],"size":[1,2,10],"uv":[0,32]},{"origin":[-6,12,-5],"size":[1,2,10],"uv":[0,32]},{"origin":[-7,0,-7],"size":[1,14,1],"uv":[35,44]},{"origin":[-8,14,-8],"size":[16,1,16],"uv":[0,0]},{"origin":[-6,3,-6],"size":[12,1,12],"uv":[0,18]},{"origin":[6,0,-7],"size":[1,14,1],"uv":[35,44]},{"origin":[6,0,6],"size":[1,14,1],"uv":[35,44]}]},{"name":"box","parent":"root","pivot":[5,0,0],"cubes":[{"origin":[-4,4,-4],"size":[7,3,5],"uv":[13,32]}]},{"name":"box2","parent":"box","pivot":[5,3,0],"rotation":[0,7.5,0],"cubes":[{"origin":[-3,7,-4],"size":[6,2,4],"uv":[37,18]}]},{"name":"compressor","parent":"root","pivot":[0,0,0],"cubes":[{"origin":[2,15,-10],"size":[3,1,6],"uv":[32,36]},{"origin":[2,20,-9],"size":[3,1,5],"uv":[18,41]},{"origin":[3,16,-8],"size":[1,7,1],"pivot":[3.5,19.5,-7.5],"rotation":[0,-45,0],"uv":[0,32]},{"origin":[2,16,-6],"size":[3,4,2],"uv":[0,18]},{"origin":[5,19,-9.5],"size":[1,1,5],"pivot":[5.5,19.5,-5],"rotation":[45,0,0],"uv":[8,47]},{"origin":[2,13,-10],"size":[3,1,4],"uv":[0,8]},{"origin":[2,14,-10],"size":[3,1,1],"uv":[16,48]}]},{"name":"hammer","parent":"root","pivot":[10,0,-4],"cubes":[{"origin":[2.38268,15,-2.92388],"size":[3,1,1],"inflate":0.1,"pivot":[10,-1,-3],"rotation":[0,22.5,0],"uv":[45,27]},{"origin":[3.38268,15,-1.92388],"size":[1,1,4],"pivot":[10,-1,-3],"rotation":[0,22.5,0],"uv":[45,36]}]},{"name":"hammer2","parent":"root","pivot":[2,0,-4],"cubes":[{"origin":[-5.61732,15,-2.92388],"size":[3,1,1],"pivot":[2,-1,-3],"rotation":[0,22.5,0],"uv":[37,25]},{"origin":[-5.61732,15,-5.92388],"size":[3,1,1],"pivot":[2,-1,-3],"rotation":[0,22.5,0],"uv":[0,25]},{"origin":[-3.61732,15,-4.92388],"size":[1,1,2],"pivot":[2,-1,-3],"rotation":[0,22.5,0],"uv":[9,0]},{"origin":[-5.61732,15,-4.92388],"size":[1,1,1],"pivot":[2,-1,-3],"rotation":[0,22.5,0],"uv":[0,3]},{"origin":[-4.61732,15,-1.92388],"size":[1,1,5],"pivot":[2,-1,-3],"rotation":[0,22.5,0],"uv":[0,45]},{"origin":[-3.61732,15,-0.92388],"size":[1,1,5],"pivot":[2,-1,-3],"rotation":[0,22.5,0],"uv":[40,44]},{"origin":[-5.61732,15,-1.92388],"size":[1,1,6],"pivot":[2,-1,-3],"rotation":[0,22.5,0],"uv":[0,0]},{"origin":[-4.61732,15,4.07612],"size":[1,1,1],"pivot":[2,-1,-3],"rotation":[0,22.5,0],"uv":[0,0]}]}]}]}