{"format_version":"1.12.0","minecraft:geometry":[{"description":{"identifier":"geometry.gun_workbench","texture_width":128,"texture_height":128,"visible_bounds_width":4,"visible_bounds_height":3.5,"visible_bounds_offset":[0,1.25,0]},"bones":[{"name":"root","pivot":[0,0,0],"cubes":[{"origin":[-7,0,6],"size":[1,14,1],"uv":[0,50]},{"origin":[-6,12,5],"size":[12,2,1],"uv":[34,42]},{"origin":[-6,12,-6],"size":[12,2,1],"uv":[34,42]},{"origin":[5,12,-5],"size":[1,2,10],"uv":[21,42]},{"origin":[-6,12,-5],"size":[1,2,10],"uv":[21,42]},{"origin":[-7,0,-7],"size":[1,14,1],"uv":[0,50]},{"origin":[-8,14,-8],"size":[16,1,16],"uv":[0,0]},{"origin":[-6,3,-6],"size":[12,1,12],"uv":[0,18]},{"origin":[6,0,-7],"size":[1,14,1],"uv":[0,50]},{"origin":[6,0,6],"size":[1,14,1],"uv":[0,50]}]},{"name":"blueprint","parent":"root","pivot":[16,-1,1.5],"cubes":[{"origin":[-1.5,13.9,3.5],"size":[2,5,2],"pivot":[1,15,4.5],"rotation":[45,0,0],"uv":[52,31]},{"origin":[-3.5,18.9,2.5],"size":[6,1,8],"pivot":[1,15,4.5],"rotation":[45,0,0],"uv":[31,32]},{"origin":[-3.5,19.9,8.5],"size":[6,1,2],"pivot":[1,15,4.5],"rotation":[45,0,0],"uv":[49,27]},{"origin":[-1,20.9,9.5],"size":[1,5,1],"pivot":[1,15,4.5],"rotation":[45,0,0],"uv":[31,32]},{"origin":[-1,25.9,6.5],"size":[1,1,4],"pivot":[1,15,4.5],"rotation":[45,0,0],"uv":[34,46]},{"origin":[-2.5,24.9,4.5],"size":[4,1,4],"pivot":[1,15,4.5],"rotation":[45,0,0],"uv":[49,7]}]},{"name":"paper","parent":"blueprint","pivot":[0,15,-2.5],"cubes":[{"origin":[-8,15,-2.5],"size":[15,10,0],"pivot":[0,15,-2.5],"rotation":[-45,0,0],"uv":[0,32]}]},{"name":"bullet","parent":"root","pivot":[-1,0,0],"cubes":[{"origin":[-3,4,4],"size":[3,1,1],"pivot":[-1,0,0],"rotation":[0,-30,0],"uv":[0,25]},{"origin":[3,4,1],"size":[1,3,1],"pivot":[-1,0,0],"rotation":[0,-30,0],"uv":[0,0]}]},{"name":"box","parent":"root","pivot":[5,0,0],"cubes":[{"origin":[-4,4,-4],"size":[7,3,5],"uv":[37,18]}]},{"name":"box2","parent":"box","pivot":[5,3,0],"rotation":[0,7.5,0],"cubes":[{"origin":[-3,7,-4],"size":[6,2,4],"uv":[0,43]}]},{"name":"compressor","parent":"root","pivot":[0,0,0],"cubes":[{"origin":[2,15,-10],"size":[3,1,6],"uv":[44,46]},{"origin":[2,20,-9],"size":[3,1,5],"uv":[49,0]},{"origin":[3,16,-8],"size":[1,7,1],"pivot":[3.5,19.5,-7.5],"rotation":[0,-45,0],"uv":[51,54]},{"origin":[2,16,-6],"size":[3,4,2],"uv":[0,18]},{"origin":[5,19,-9.5],"size":[1,1,5],"pivot":[5.5,19.5,-5],"rotation":[45,0,0],"uv":[13,52]},{"origin":[2,13,-10],"size":[3,1,4],"uv":[0,8]},{"origin":[2,14,-10],"size":[3,1,1],"uv":[26,55]}]},{"name":"hammer","parent":"root","pivot":[10,0,-4],"cubes":[{"origin":[2.38268,15,-2.92388],"size":[3,1,1],"inflate":0.1,"pivot":[10,-1,-3],"rotation":[0,22.5,0],"uv":[49,13]},{"origin":[3.38268,15,-1.92388],"size":[1,1,4],"pivot":[10,-1,-3],"rotation":[0,22.5,0],"uv":[40,54]}]},{"name":"wrench","parent":"root","pivot":[1,0,0],"rotation":[0,-95,0],"cubes":[{"origin":[-6.61732,15,1.07612],"size":[3,1,1],"pivot":[1,-1,1],"rotation":[0,22.5,0],"uv":[41,46]},{"origin":[-6.61732,15,-1.92388],"size":[3,1,1],"pivot":[1,-1,1],"rotation":[0,22.5,0],"uv":[37,27]},{"origin":[-4.61732,15,-0.92388],"size":[1,1,2],"pivot":[1,-1,1],"rotation":[0,22.5,0],"uv":[9,0]},{"origin":[-6.61732,15,-0.92388],"size":[1,1,1],"pivot":[1,-1,1],"rotation":[0,22.5,0],"uv":[37,18]},{"origin":[-5.61732,15,2.07612],"size":[1,1,5],"pivot":[1,-1,1],"rotation":[0,22.5,0],"uv":[5,50]},{"origin":[-4.61732,15,3.07612],"size":[1,1,5],"pivot":[1,-1,1],"rotation":[0,22.5,0],"uv":[16,45]},{"origin":[-6.61732,15,2.07612],"size":[1,1,6],"pivot":[1,-1,1],"rotation":[0,22.5,0],"uv":[0,0]},{"origin":[-5.61732,15,8.07612],"size":[1,1,1],"pivot":[1,-1,1],"rotation":[0,22.5,0],"uv":[11,8]}]}]}]}