{"format_version":"1.12.0","minecraft:geometry":[{"description":{"identifier":"geometry.landmine","texture_width":16,"texture_height":16,"visible_bounds_width":2,"visible_bounds_height":1.5,"visible_bounds_offset":[0,0.25,0]},"bones":[{"name":"root","pivot":[0,0,0],"cubes":[{"origin":[-2,0,-2],"size":[4,3,4],"uv":[0,0]},{"origin":[0,1,-3],"size":[0,1,1],"uv":[0,8]},{"origin":[-0.5,2.6,-1.5],"size":[1,1,3],"uv":[0,12]},{"origin":[0.5,2.6,-0.5],"size":[1,1,1],"uv":[0,7]},{"origin":[-1.5,2.6,-0.5],"size":[1,1,1],"uv":[0,2]},{"origin":[-0.5,1,-3.5],"size":[1,1,1],"inflate":0.01,"uv":[0,0]},{"origin":[-2,2,-2],"size":[4,1,4],"inflate":0.2,"uv":[0,7]}]}]}]}