{"format_version":"1.12.0","minecraft:geometry":[{"description":{"identifier":"geometry.sandbag","texture_width":64,"texture_height":64,"visible_bounds_width":2,"visible_bounds_height":2.5,"visible_bounds_offset":[0,0.75,0]},"bones":[{"name":"root","pivot":[0,0,0]},{"name":"top","parent":"root","pivot":[0,8,0],"cubes":[{"origin":[-6,8,-6],"size":[12,8,12],"uv":[0,22]},{"origin":[-7,9,-8],"size":[14,6,16],"uv":[0,0]}]},{"name":"down","parent":"root","pivot":[0,0,0],"cubes":[{"origin":[-6,0,-6],"size":[12,8,12],"uv":[0,22]},{"origin":[-7,1,-8],"size":[14,6,16],"uv":[0,0]}]}]}]}