{"format_version":"1.20.80","minecraft:item":{"description":{"identifier":"gabrielaplok:m67_grenade","menu_category":{"category":"equipment","group":"itemGroup.name.throwables"}},"components":{"minecraft:cooldown":{"category":"m67_grenade","duration":0.65},"minecraft:display_name":{"value":"item.m67_grenade.name"},"minecraft:icon":"m67_grenade","minecraft:projectile":{"projectile_entity":"gabrielaplok:m67_grenade_entity"},"minecraft:throwable":{"do_swing_animation":true,"launch_power_scale":2},"minecraft:use_modifiers":{"use_duration":3600},"minecraft:tags":{"tags":["is_grenade"]}}}}