{"format_version":"1.20.80","minecraft:block":{"description":{"identifier":"gabrielaplok:muzzle_light"},"components":{"minecraft:collision_box":false,"minecraft:destructible_by_explosion":{"explosion_resistance":999999},"minecraft:display_name":"Muzzle Light","minecraft:flammable":false,"minecraft:geometry":"geometry.none","minecraft:light_dampening":0,"minecraft:light_emission":10,"minecraft:material_instances":{"*":{"ambient_occlusion":false,"face_dimming":false,"render_method":"opaque","texture":"none"}},"minecraft:tick":{"interval_range":[1,1],"looping":true},"minecraft:custom_components":["gabrielaplok:muzzle_light"],"minecraft:selection_box":false}}}