{"format_version":"1.21.0","animation_controllers":{"controller.animation.player.guns_hold":{"initial_state":"default","states":{"default":{"animations":["ak12_controller","ak47_controller","awp_controller","deagle_controller","fnfal_controller","glock17_controller","glock18_controller","m249_controller","m4a1_controller","mossberg_controller","mp5a5_controller",{"guns_bullet_counter_controller":"q.equipped_item_all_tags('slot.weapon.mainhand', 'is_gun')"},"guns_swap_controller","guns_sight_controller","guns_sneak_controller","guns_standby_controller"]}}},"controller.animation.player.guns_bullet_counter":{"initial_state":"inactive","states":{"inactive":{"transitions":[{"display":"!q.property('gun:reloading')"},{"reloading":"q.property('gun:reloading')"}]},"display":{"on_entry":["/function guns/bullet_counter/display"],"transitions":[{"inactive":"1"}]},"reloading":{"on_entry":["/titleraw @s actionbar {\"rawtext\":[{\"translate\":\"game.tip.reloading\"}]}"],"transitions":[{"inactive":"1"}]}}},"controller.animation.player.guns_swap":{"initial_state":"inactive","states":{"inactive":{"transitions":[{"ak12":"q.is_item_name_any('slot.weapon.mainhand','gabrielaplok:ak12')"},{"ak47":"q.is_item_name_any('slot.weapon.mainhand','gabrielaplok:ak47')"},{"awp":"q.is_item_name_any('slot.weapon.mainhand','gabrielaplok:awp')"},{"deagle":"q.is_item_name_any('slot.weapon.mainhand','gabrielaplok:deagle')"},{"fnfal":"q.is_item_name_any('slot.weapon.mainhand','gabrielaplok:fnfal')"},{"glock17":"q.is_item_name_any('slot.weapon.mainhand','gabrielaplok:glock17')"},{"glock18":"q.is_item_name_any('slot.weapon.mainhand','gabrielaplok:glock18')"},{"m249":"q.is_item_name_any('slot.weapon.mainhand','gabrielaplok:m249')"},{"m4a1":"q.is_item_name_any('slot.weapon.mainhand','gabrielaplok:m4a1')"},{"mossberg":"q.is_item_name_any('slot.weapon.mainhand','gabrielaplok:mossberg')"},{"mp5a5":"q.is_item_name_any('slot.weapon.mainhand','gabrielaplok:mp5a5')"}]},"ak12":{"on_entry":["/camerashake add @s 0.04 0.2 rotational","/playsound effect.gun.draw @a[r=5] ~~~ 1 1 0.01"],"transitions":[{"inactive":"!q.is_item_name_any('slot.weapon.mainhand','gabrielaplok:ak12')"}]},"ak47":{"on_entry":["/camerashake add @s 0.04 0.2 rotational","/playsound effect.gun.draw @a[r=5] ~~~ 1 1 0.01"],"transitions":[{"inactive":"!q.is_item_name_any('slot.weapon.mainhand','gabrielaplok:ak47')"}]},"awp":{"on_entry":["/camerashake add @s 0.06 0.2 rotational","/playsound effect.gun.draw @a[r=5] ~~~ 1 1 0.01"],"transitions":[{"inactive":"!q.is_item_name_any('slot.weapon.mainhand','gabrielaplok:awp')"}]},"deagle":{"on_entry":["/camerashake add @s 0.06 0.2 rotational","/playsound effect.gun.draw @a[r=5] ~~~ 1 1 0.01"],"transitions":[{"inactive":"!q.is_item_name_any('slot.weapon.mainhand','gabrielaplok:deagle')"}]},"fnfal":{"on_entry":["/camerashake add @s 0.04 0.2 rotational","/playsound effect.gun.draw @a[r=5] ~~~ 1 1 0.01"],"transitions":[{"inactive":"!q.is_item_name_any('slot.weapon.mainhand','gabrielaplok:fnfal')"}]},"glock17":{"on_entry":["/camerashake add @s 0.02 0.2 rotational","/playsound effect.gun.draw @a[r=5] ~~~ 1 1 0.01"],"transitions":[{"inactive":"!q.is_item_name_any('slot.weapon.mainhand','gabrielaplok:glock17')"}]},"glock18":{"on_entry":["/camerashake add @s 0.02 0.2 rotational","/playsound effect.gun.draw @a[r=5] ~~~ 1 1 0.01"],"transitions":[{"inactive":"!q.is_item_name_any('slot.weapon.mainhand','gabrielaplok:glock18')"}]},"m249":{"on_entry":["/camerashake add @s 0.08 0.2 rotational","/playsound effect.gun.draw @a[r=5] ~~~ 1 1 0.01"],"transitions":[{"inactive":"!q.is_item_name_any('slot.weapon.mainhand','gabrielaplok:m249')"}]},"m4a1":{"on_entry":["/camerashake add @s 0.04 0.2 rotational","/playsound effect.gun.draw @a[r=5] ~~~ 1 1 0.01"],"transitions":[{"inactive":"!q.is_item_name_any('slot.weapon.mainhand','gabrielaplok:m4a1')"}]},"mossberg":{"on_entry":["/camerashake add @s 0.06 0.2 rotational","/playsound effect.gun.draw @a[r=5] ~~~ 1 1 0.01"],"transitions":[{"inactive":"!q.is_item_name_any('slot.weapon.mainhand','gabrielaplok:mossberg')"}]},"mp5a5":{"on_entry":["/camerashake add @s 0.04 0.2 rotational","/playsound effect.gun.draw @a[r=5] ~~~ 1 1 0.01"],"transitions":[{"inactive":"!q.is_item_name_any('slot.weapon.mainhand','gabrielaplok:mp5a5')"}]}}},"controller.animation.player.guns_sight":{"initial_state":"inactive","states":{"inactive":{"transitions":[{"acog":"q.equipped_item_all_tags('slot.weapon.mainhand','is_gun')&&q.property('gun:sight')==1&&!q.property('gun:reloading')&&!q.property('gabrielaplok:wall_detect')&&!q.property('gun:cycle')&&q.is_sneaking"},{"eotech":"q.equipped_item_all_tags('slot.weapon.mainhand','is_gun')&&q.property('gun:sight')==2&&!q.property('gun:reloading')&&!q.property('gabrielaplok:wall_detect')&&!q.property('gun:cycle')&&q.is_sneaking"},{"scope_hp":"q.equipped_item_all_tags('slot.weapon.mainhand','is_gun')&&q.property('gun:sight')==3&&!q.property('gun:reloading')&&!q.property('gabrielaplok:wall_detect')&&!q.property('gun:cycle')&&q.is_sneaking"},{"scope_lp":"q.equipped_item_all_tags('slot.weapon.mainhand','is_gun')&&q.property('gun:sight')==4&&!q.property('gun:reloading')&&!q.property('gabrielaplok:wall_detect')&&!q.property('gun:cycle')&&q.is_sneaking"},{"default":"q.equipped_item_all_tags('slot.weapon.mainhand','is_gun')&&q.property('gun:sight')==0&&!q.property('gun:reloading')&&!q.property('gabrielaplok:wall_detect')&&!q.property('gun:cycle')&&q.is_sneaking"}],"on_entry":["/title @s title hud.close_ads","/effect @s slowness 0 0"]},"acog":{"transitions":[{"inactive":"!q.equipped_item_all_tags('slot.weapon.mainhand','is_gun')||q.property('gun:sight')!=1||q.property('gun:reloading')||q.property('gabrielaplok:wall_detect')||q.property('gun:cycle')||!q.is_sneaking"}],"on_entry":["/title @s title hud.open_ads","/effect @s slowness 999999999 6 true"],"on_exit":["/title @s title hud.close_ads","/effect @s slowness 0 0"]},"eotech":{"transitions":[{"inactive":"!q.equipped_item_all_tags('slot.weapon.mainhand','is_gun')||q.property('gun:sight')!=2||q.property('gun:reloading')||q.property('gabrielaplok:wall_detect')||q.property('gun:cycle')||!q.is_sneaking"}],"on_entry":["/title @s title hud.open_ads","/effect @s slowness 999999999 4 true"],"on_exit":["/title @s title hud.close_ads","/effect @s slowness 0 0"]},"scope_hp":{"transitions":[{"inactive":"!q.equipped_item_all_tags('slot.weapon.mainhand','is_gun')||q.property('gun:sight')!=3||q.property('gun:reloading')||q.property('gabrielaplok:wall_detect')||q.property('gun:cycle')||!q.is_sneaking"}],"on_entry":["/title @s title hud.open_ads","/effect @s slowness 999999999 8 true"],"on_exit":["/title @s title hud.close_ads","/effect @s slowness 0 0"]},"scope_lp":{"transitions":[{"inactive":"!q.equipped_item_all_tags('slot.weapon.mainhand','is_gun')||q.property('gun:sight')!=4||q.property('gun:reloading')||q.property('gabrielaplok:wall_detect')||q.property('gun:cycle')||!q.is_sneaking"}],"on_entry":["/title @s title hud.open_ads","/effect @s slowness 999999999 8 true"],"on_exit":["/title @s title hud.close_ads","/effect @s slowness 0 0"]},"default":{"transitions":[{"inactive":"!q.equipped_item_all_tags('slot.weapon.mainhand','is_gun')||q.property('gun:sight')!=0||q.property('gun:reloading')||q.property('gabrielaplok:wall_detect')||q.property('gun:cycle')||!q.is_sneaking"}],"on_entry":["/title @s title hud.open_ads","/effect @s slowness 999999999 1 true"],"on_exit":["/title @s title hud.close_ads","/effect @s slowness 0 0"]}}},"controller.animation.player.guns_sneak":{"initial_state":"inactive","states":{"inactive":{"transitions":[{"ak12":"q.is_item_name_any('slot.weapon.mainhand','gabrielaplok:ak12')&&q.is_sneaking"},{"ak47":"q.is_item_name_any('slot.weapon.mainhand','gabrielaplok:ak47')&&q.is_sneaking"},{"awp":"q.is_item_name_any('slot.weapon.mainhand','gabrielaplok:awp')&&q.is_sneaking"},{"deagle":"q.is_item_name_any('slot.weapon.mainhand','gabrielaplok:deagle')&&q.is_sneaking"},{"fnfal":"q.is_item_name_any('slot.weapon.mainhand','gabrielaplok:fnfal')&&q.is_sneaking"},{"glock17":"q.is_item_name_any('slot.weapon.mainhand','gabrielaplok:glock17')&&q.is_sneaking"},{"glock18":"q.is_item_name_any('slot.weapon.mainhand','gabrielaplok:glock18')&&q.is_sneaking"},{"m249":"q.is_item_name_any('slot.weapon.mainhand','gabrielaplok:m249')&&q.is_sneaking"},{"m4a1":"q.is_item_name_any('slot.weapon.mainhand','gabrielaplok:m4a1')&&q.is_sneaking"},{"mossberg":"q.is_item_name_any('slot.weapon.mainhand','gabrielaplok:mossberg')&&q.is_sneaking"},{"mp5a5":"q.is_item_name_any('slot.weapon.mainhand','gabrielaplok:mp5a5')&&q.is_sneaking"}]},"ak12":{"on_entry":["/camerashake add @s 0.04 0.2 rotational","/playsound effect.gun.ads_out @a[r=20] ~~~ 1 1 0.01"],"on_exit":["/camerashake add @s 0.04 0.2 rotational","/playsound effect.gun.ads_in @a[r=20] ~~~ 1 1 0.01"],"transitions":[{"inactive":"!q.is_item_name_any('slot.weapon.mainhand','gabrielaplok:ak12')||!q.is_sneaking"}]},"ak47":{"on_entry":["/camerashake add @s 0.04 0.2 rotational","/playsound effect.gun.ads_out @a[r=20] ~~~ 1 1 0.01"],"on_exit":["/camerashake add @s 0.04 0.2 rotational","/playsound effect.gun.ads_in @a[r=20] ~~~ 1 1 0.01"],"transitions":[{"inactive":"!q.is_item_name_any('slot.weapon.mainhand','gabrielaplok:ak47')||!q.is_sneaking"}]},"awp":{"on_entry":["/camerashake add @s 0.06 0.2 rotational","/playsound effect.gun.lean_out @a[r=20] ~~~ 1 1 0.01"],"on_exit":["/camerashake add @s 0.06 0.2 rotational","/playsound effect.gun.lean_in @a[r=20] ~~~ 1 1 0.01"],"transitions":[{"inactive":"!q.is_item_name_any('slot.weapon.mainhand','gabrielaplok:awp')||!q.is_sneaking"}]},"deagle":{"on_entry":["/camerashake add @s 0.06 0.2 rotational","/playsound effect.gun.iron_out @a[r=20] ~~~ 1 1 0.01"],"on_exit":["/camerashake add @s 0.06 0.2 rotational","/playsound effect.gun.iron_in @a[r=20] ~~~ 1 1 0.01"],"transitions":[{"inactive":"!q.is_item_name_any('slot.weapon.mainhand','gabrielaplok:deagle')||!q.is_sneaking"}]},"fnfal":{"on_entry":["/camerashake add @s 0.04 0.2 rotational","/playsound effect.gun.ads_out @a[r=20] ~~~ 1 1 0.01"],"on_exit":["/camerashake add @s 0.04 0.2 rotational","/playsound effect.gun.ads_in @a[r=20] ~~~ 1 1 0.01"],"transitions":[{"inactive":"!q.is_item_name_any('slot.weapon.mainhand','gabrielaplok:fnfal')||!q.is_sneaking"}]},"glock17":{"on_entry":["/camerashake add @s 0.04 0.2 rotational","/playsound effect.gun.iron_out @a[r=20] ~~~ 1 1 0.01"],"on_exit":["/camerashake add @s 0.04 0.2 rotational","/playsound effect.gun.iron_in @a[r=20] ~~~ 1 1 0.01"],"transitions":[{"inactive":"!q.is_item_name_any('slot.weapon.mainhand','gabrielaplok:glock17')||!q.is_sneaking"}]},"glock18":{"on_entry":["/camerashake add @s 0.04 0.2 rotational","/playsound effect.gun.iron_out @a[r=20] ~~~ 1 1 0.01"],"on_exit":["/camerashake add @s 0.04 0.2 rotational","/playsound effect.gun.iron_in @a[r=20] ~~~ 1 1 0.01"],"transitions":[{"inactive":"!q.is_item_name_any('slot.weapon.mainhand','gabrielaplok:glock18')||!q.is_sneaking"}]},"m249":{"on_entry":["/camerashake add @s 0.04 0.2 rotational","/playsound effect.gun.ads_out @a[r=20] ~~~ 1 1 0.01"],"on_exit":["/camerashake add @s 0.04 0.2 rotational","/playsound effect.gun.ads_in @a[r=20] ~~~ 1 1 0.01"],"transitions":[{"inactive":"!q.is_item_name_any('slot.weapon.mainhand','gabrielaplok:m249')||!q.is_sneaking"}]},"m4a1":{"on_entry":["/camerashake add @s 0.04 0.2 rotational","/playsound effect.gun.ads_out @a[r=20] ~~~ 1 1 0.01"],"on_exit":["/camerashake add @s 0.04 0.2 rotational","/playsound effect.gun.ads_in @a[r=20] ~~~ 1 1 0.01"],"transitions":[{"inactive":"!q.is_item_name_any('slot.weapon.mainhand','gabrielaplok:m4a1')||!q.is_sneaking"}]},"mossberg":{"on_entry":["/camerashake add @s 0.06 0.2 rotational","/playsound effect.gun.lean_out @a[r=20] ~~~ 1 1 0.01"],"on_exit":["/camerashake add @s 0.06 0.2 rotational","/playsound effect.gun.lean_in @a[r=20] ~~~ 1 1 0.01"],"transitions":[{"inactive":"!q.is_item_name_any('slot.weapon.mainhand','gabrielaplok:mossberg')||!q.is_sneaking"}]},"mp5a5":{"on_entry":["/camerashake add @s 0.04 0.2 rotational","/playsound effect.gun.iron_out @a[r=20] ~~~ 1 1 0.01"],"on_exit":["/camerashake add @s 0.04 0.2 rotational","/playsound effect.gun.iron_in @a[r=20] ~~~ 1 1 0.01"],"transitions":[{"inactive":"!q.is_item_name_any('slot.weapon.mainhand','gabrielaplok:mp5a5')||!q.is_sneaking"}]}}},"controller.animation.player.guns_standby":{"initial_state":"inactive","states":{"inactive":{"on_entry":["@s gabrielaplok:remove_standby"],"on_exit":["@s gabrielaplok:add_standby"],"animations":["guns_standby"],"transitions":[{"pre_standby":"q.all_animations_finished&&!q.main_hand_item_use_duration&&!q.is_sneaking&&!q.is_sprinting&&!q.property('gun:reloading')&&!q.property('gun:cycle')&&!q.property('gabrielaplok:wall_detect')&&!q.property('gabrielaplok:recline')&&q.is_alive"}]},"pre_standby":{"transitions":[{"standby":"q.all_animations_finished&&!q.main_hand_item_use_duration&&!q.is_sneaking&&!q.is_sprinting&&!q.property('gun:reloading')&&!q.property('gun:cycle')&&!q.property('gabrielaplok:wall_detect')&&!q.property('gabrielaplok:recline')&&q.is_alive"},{"inactive":"!q.property('gun:standby')||q.main_hand_item_use_duration||q.is_sneaking||q.is_sprinting||q.property('gun:reloading')||q.property('gun:cycle')||q.property('gabrielaplok:wall_detect')||q.property('gabrielaplok:recline')||!q.is_alive"}]},"standby":{"on_entry":["@s gabrielaplok:add_standby"],"on_exit":["@s gabrielaplok:remove_standby"],"transitions":[{"inactive":"!q.property('gun:standby')||q.main_hand_item_use_duration||q.is_sneaking||q.is_sprinting||q.property('gun:reloading')||q.property('gun:cycle')||q.property('gabrielaplok:wall_detect')||q.property('gabrielaplok:recline')||!q.is_alive"}]}}}}}