{"format_version":"1.10.0","particle_effect":{"description":{"identifier":"minecraft:dragon_death_explosion_emitter","basic_render_parameters":{"material":"particles_blend","texture":"textures/particle/particles"}},"components":{"minecraft:emitter_rate_instant":{"num_particles":2},"minecraft:emitter_lifetime_once":{"active_time":1},"minecraft:emitter_shape_point":{"offset":[0,1.5,0]},"minecraft:particle_lifetime_events":{"timeline":{"0":"gabrielaplok:explosion"}},"minecraft:particle_lifetime_expression":{"max_lifetime":0.1},"minecraft:particle_appearance_billboard":{"size":[0,0],"facing_camera_mode":"lookat_xyz","uv":{"texture_width":128,"texture_height":128,"flipbook":{"base_UV":[0,80],"size_UV":[8,8],"step_UV":[8,0],"frames_per_second":8,"max_frame":16,"stretch_to_lifetime":true}}},"minecraft:particle_appearance_tinting":{"color":[1,1,1,1]}},"events":{"gabrielaplok:explosion":{"sequence":[{"particle_effect":{"effect":"gabrielaplok:explosion_flash","type":"emitter"}},{"particle_effect":{"effect":"gabrielaplok:explosion_debris_0","type":"emitter"}},{"particle_effect":{"effect":"gabrielaplok:explosion_debris_1","type":"emitter"}},{"particle_effect":{"effect":"gabrielaplok:explosion_smoke_0","type":"emitter"}},{"particle_effect":{"effect":"gabrielaplok:explosion_sparks","type":"emitter"}}]}}}}