{"format_version":"1.10.0","particle_effect":{"description":{"identifier":"gabrielaplok:muzzle_flash","basic_render_parameters":{"material":"particles_add","texture":"textures/particle/particles"}},"components":{"minecraft:emitter_initialization":{"creation_expression":"v.size=math.random(0.2,0.4);v.amount=10;v.air_drag=2;v.acceleration=5;"},"minecraft:emitter_rate_instant":{"num_particles":"v.amount"},"minecraft:emitter_lifetime_once":{"active_time":0.1},"minecraft:emitter_shape_point":{},"minecraft:particle_lifetime_expression":{"max_lifetime":"math.random(0.4,0.8)"},"minecraft:particle_expire_if_in_blocks":["minecraft:water","minecraft:flowing_water"],"minecraft:particle_initial_spin":{"rotation":"math.random(0,180)"},"minecraft:particle_initial_speed":"math.random(0,math.random(-v.acceleration,v.acceleration)+1)","minecraft:particle_motion_dynamic":{"linear_acceleration":["math.random(-v.acceleration,v.acceleration)","math.random(-v.acceleration,v.acceleration)","math.random(-v.acceleration,v.acceleration)"],"linear_drag_coefficient":"v.air_drag"},"minecraft:particle_appearance_billboard":{"size":["v.size","v.size"],"facing_camera_mode":"rotate_xyz","uv":{"texture_width":128,"texture_height":128,"flipbook":{"base_UV":[56,0],"size_UV":[8,8],"step_UV":[-8,0],"frames_per_second":4,"max_frame":4,"stretch_to_lifetime":true}}},"minecraft:particle_appearance_tinting":{"color":{"interpolant":"v.particle_age / v.particle_lifetime","gradient":{"0.0":"#00000000","0.03":"#20FFA000","0.05":"#20F57C00","0.08":"#00000000"}}}}}}