{"format_version":"1.10.0","particle_effect":{"description":{"identifier":"gabrielaplok:bullet_water","basic_render_parameters":{"material":"particles_blend","texture":"textures/particle/particles"}},"components":{"minecraft:emitter_rate_instant":{"num_particles":30},"minecraft:emitter_lifetime_once":{"active_time":1},"minecraft:emitter_shape_point":{"direction":["math.random(-0.2,0.2)","math.random(1,10)","math.random(-1,1)"]},"minecraft:particle_lifetime_expression":{"max_lifetime":"math.random(2,4)"},"minecraft:particle_initial_speed":"math.random(2,16)","minecraft:particle_motion_dynamic":{"linear_acceleration":["math.random(-1,1)",-9.807,"math.random(-1,1)"]},"minecraft:particle_appearance_billboard":{"size":["0.005/v.particle_age","0.005/v.particle_age"],"facing_camera_mode":"rotate_xyz","uv":{"texture_width":128,"texture_height":128,"flipbook":{"base_UV":[56,0],"size_UV":[8,8],"step_UV":[-8,0],"frames_per_second":8,"max_frame":8,"stretch_to_lifetime":true}}},"minecraft:particle_motion_collision":{"collision_drag":1,"coefficient_of_restitution":0.1,"collision_radius":0.1,"expire_on_contact":true},"minecraft:particle_appearance_lighting":{},"minecraft:particle_appearance_tinting":{"color":{"interpolant":"v.emitter_age * v.particle_lifetime / v.particle_age","gradient":{"0.5":"#90476ACC","2.2":"#6077D9FF","5.0":"#00EBF7FD"}}}}}}