{"format_version":"1.10.0","particle_effect":{"description":{"identifier":"gabrielaplok:bullet_tracer","basic_render_parameters":{"material":"particles_add","texture":"textures/particle/spark"}},"components":{"minecraft:emitter_initialization":{"creation_expression":"v.size_0=2;v.size_1=0.02;v.life=4.567;"},"minecraft:emitter_rate_instant":{"num_particles":1},"minecraft:emitter_lifetime_once":{"active_time":1},"minecraft:emitter_shape_point":{"direction":["math.random(-0.1,0.1)","math.random(-0.1,0.1)",-1]},"minecraft:particle_lifetime_expression":{"max_lifetime":"v.life"},"minecraft:particle_expire_if_not_in_blocks":["minecraft:air","gabrielaplok:muzzle_light_0","gabrielaplok:muzzle_light_1"],"minecraft:particle_initial_speed":130,"minecraft:particle_motion_dynamic":{},"minecraft:particle_motion_parametric":{"rotation":0},"minecraft:particle_appearance_billboard":{"size":["v.size_0-(v.life*v.particle_age)","v.size_1"],"facing_camera_mode":"lookat_direction","uv":{"texture_width":2,"texture_height":2,"uv":[0,0],"uv_size":[2,2]}},"minecraft:particle_motion_collision":{"coefficient_of_restitution":0.456,"collision_radius":0.1},"minecraft:particle_appearance_tinting":{"color":{"interpolant":"v.particle_age / v.particle_lifetime","gradient":{"0.0":"#FFFFF5AA","0.22":"#ffffffff","0.4":"#FFFF8B71"}}}}}}