{"format_version":"1.10.0","particle_effect":{"description":{"identifier":"gabrielaplok:bullet_impact","basic_render_parameters":{"material":"particles_blend","texture":"textures/particle/particles"}},"components":{"minecraft:emitter_rate_instant":{"num_particles":4},"minecraft:emitter_lifetime_once":{"active_time":0.1},"minecraft:emitter_shape_point":{"direction":["v.particle_age+math.random(-0.02,0.02)","v.particle_age+math.random(-0.02,0.02)","v.particle_age+math.random(0,0.02)"]},"minecraft:particle_lifetime_expression":{"max_lifetime":0.1},"minecraft:particle_initial_spin":{"rotation":"math.random(0,360)"},"minecraft:particle_initial_speed":"v.particle_age+math.random(0,2)","minecraft:particle_motion_dynamic":{"linear_drag_coefficient":4},"minecraft:particle_expire_if_in_blocks":["minecraft:water","minecraft:flowing_water"],"minecraft:particle_appearance_billboard":{"size":["v.particle_age*0.02+0.06","v.particle_age*0.02+0.06"],"facing_camera_mode":"rotate_xyz","uv":{"texture_width":128,"texture_height":128,"flipbook":{"base_UV":[8,0],"size_UV":[8,8],"step_UV":[8,0],"frames_per_second":8,"max_frame":12,"stretch_to_lifetime":true,"loop":true}}},"minecraft:particle_appearance_tinting":{"color":{"interpolant":"v.particle_age","gradient":{"0.0":"#47FFF0E1","0.03":"#5CFFCF28","0.04":"#40FFE4B3","0.05":"#66FFCA28","0.06":"#52FFF6B3","0.07":"#59FFB300","0.08":"#59FFE100","0.09":"#54FFF5B3"}}}}}}