{"format_version":"1.21.0","minecraft:entity":{"description":{"identifier":"gabrielaplok:bullet","runtime_identifier":"minecraft:snowball","spawn_category":"creature","is_spawnable":false,"is_summonable":false,"animations":{"sounds":"controller.animation.bullet.sounds","impact":"controller.animation.bullet.impact"},"scripts":{"animate":[{"sounds":"q.mark_variant==1"},"impact"]}},"component_groups":{"despawn":{"minecraft:instant_despawn":{}},"impact":{"minecraft:mark_variant":{"value":1},"minecraft:timer":{"looping":true,"time":0.01,"time_down_event":{"event":"gabrielaplok:impacted"}}},"bullet_ak12":{"minecraft:variant":{"value":1},"minecraft:projectile":{"on_hit":{"definition_event":{"affect_projectile":true,"event_trigger":{"event":"gabrielaplok:impact"}},"impact_damage":{"knockback":false},"stick_in_ground":{"shake_time":0.1}},"power":8,"gravity":0.02,"inertia":2,"liquid_inertia":2,"uncertainty_base":1.4,"anchor":1,"offset":[0,0,0.05],"should_bounce":true,"multiple_targets":false}},"bullet_ak12_move":{"minecraft:variant":{"value":1},"minecraft:projectile":{"on_hit":{"definition_event":{"affect_projectile":true,"event_trigger":{"event":"gabrielaplok:impact"}},"impact_damage":{"knockback":false},"stick_in_ground":{"shake_time":0.1}},"power":8,"gravity":0.02,"inertia":2,"liquid_inertia":2,"uncertainty_base":2,"anchor":1,"offset":[0,0,0.05],"should_bounce":true,"multiple_targets":false}},"bullet_ak12_ads":{"minecraft:variant":{"value":1},"minecraft:is_saddled":{},"minecraft:projectile":{"on_hit":{"definition_event":{"affect_projectile":true,"event_trigger":{"event":"gabrielaplok:impact"}},"impact_damage":{"knockback":false},"stick_in_ground":{"shake_time":0.1}},"power":12,"gravity":0.02,"inertia":2,"liquid_inertia":2,"uncertainty_base":0.4,"anchor":1,"offset":[0,0,0.05],"should_bounce":true,"multiple_targets":false}},"bullet_ak47":{"minecraft:variant":{"value":2},"minecraft:projectile":{"on_hit":{"definition_event":{"affect_projectile":true,"event_trigger":{"event":"gabrielaplok:impact"}},"impact_damage":{"knockback":false},"stick_in_ground":{"shake_time":0.1}},"power":8,"gravity":0.02,"inertia":2,"liquid_inertia":2,"uncertainty_base":1.6,"anchor":1,"offset":[0,0,0.05],"should_bounce":true,"multiple_targets":false}},"bullet_ak47_move":{"minecraft:variant":{"value":2},"minecraft:projectile":{"on_hit":{"definition_event":{"affect_projectile":true,"event_trigger":{"event":"gabrielaplok:impact"}},"impact_damage":{"knockback":false},"stick_in_ground":{"shake_time":0.1}},"power":8,"gravity":0.02,"inertia":2,"liquid_inertia":2,"uncertainty_base":2.2,"anchor":1,"offset":[0,0,0.05],"should_bounce":true,"multiple_targets":false}},"bullet_ak47_ads":{"minecraft:variant":{"value":2},"minecraft:is_saddled":{},"minecraft:projectile":{"on_hit":{"definition_event":{"affect_projectile":true,"event_trigger":{"event":"gabrielaplok:impact"}},"impact_damage":{"knockback":false},"stick_in_ground":{"shake_time":0.1}},"power":12,"gravity":0.02,"inertia":2,"liquid_inertia":2,"uncertainty_base":0.6,"anchor":1,"offset":[0,0,0.05],"should_bounce":true,"multiple_targets":false}},"bullet_awp":{"minecraft:variant":{"value":3},"minecraft:projectile":{"on_hit":{"definition_event":{"affect_projectile":true,"event_trigger":{"event":"gabrielaplok:impact"}},"impact_damage":{"knockback":true},"stick_in_ground":{"shake_time":0.1}},"power":10,"gravity":0.02,"inertia":2,"liquid_inertia":2,"uncertainty_base":1,"anchor":1,"offset":[0,0,0.05],"should_bounce":true,"multiple_targets":false}},"bullet_awp_move":{"minecraft:variant":{"value":3},"minecraft:projectile":{"on_hit":{"definition_event":{"affect_projectile":true,"event_trigger":{"event":"gabrielaplok:impact"}},"impact_damage":{"knockback":true},"stick_in_ground":{"shake_time":0.1}},"power":10,"gravity":0.02,"inertia":2,"liquid_inertia":2,"uncertainty_base":1.6,"anchor":1,"offset":[0,0,0.05],"should_bounce":true,"multiple_targets":false}},"bullet_awp_ads":{"minecraft:variant":{"value":3},"minecraft:is_saddled":{},"minecraft:projectile":{"on_hit":{"definition_event":{"affect_projectile":true,"event_trigger":{"event":"gabrielaplok:impact"}},"impact_damage":{"knockback":true},"stick_in_ground":{"shake_time":0.1}},"power":14,"gravity":0,"inertia":2,"liquid_inertia":2,"uncertainty_base":0,"anchor":1,"offset":[0,0,0.05],"should_bounce":true,"multiple_targets":false}},"bullet_deagle":{"minecraft:variant":{"value":4},"minecraft:projectile":{"on_hit":{"definition_event":{"affect_projectile":true,"event_trigger":{"event":"gabrielaplok:impact"}},"impact_damage":{"knockback":false},"stick_in_ground":{"shake_time":0.1}},"power":8,"gravity":0.02,"inertia":2,"liquid_inertia":2,"uncertainty_base":0.6,"anchor":1,"offset":[0,0,0.05],"should_bounce":true,"multiple_targets":false}},"bullet_deagle_move":{"minecraft:variant":{"value":4},"minecraft:projectile":{"on_hit":{"definition_event":{"affect_projectile":true,"event_trigger":{"event":"gabrielaplok:impact"}},"impact_damage":{"knockback":false},"stick_in_ground":{"shake_time":0.1}},"power":8,"gravity":0.02,"inertia":2,"liquid_inertia":2,"uncertainty_base":1.2,"anchor":1,"offset":[0,0,0.05],"should_bounce":true,"multiple_targets":false}},"bullet_deagle_ads":{"minecraft:variant":{"value":4},"minecraft:is_saddled":{},"minecraft:projectile":{"on_hit":{"definition_event":{"affect_projectile":true,"event_trigger":{"event":"gabrielaplok:impact"}},"impact_damage":{"knockback":false},"stick_in_ground":{"shake_time":0.1}},"power":12,"gravity":0.02,"inertia":2,"liquid_inertia":2,"uncertainty_base":0.2,"anchor":1,"offset":[0,0,0.05],"should_bounce":true,"multiple_targets":false}},"bullet_fnfal":{"minecraft:variant":{"value":5},"minecraft:projectile":{"on_hit":{"definition_event":{"affect_projectile":true,"event_trigger":{"event":"gabrielaplok:impact"}},"impact_damage":{"knockback":false},"stick_in_ground":{"shake_time":0.1}},"power":8,"gravity":0.02,"inertia":2,"liquid_inertia":2,"uncertainty_base":1.4,"anchor":1,"offset":[0,0,0.05],"should_bounce":true,"multiple_targets":false}},"bullet_fnfal_move":{"minecraft:variant":{"value":5},"minecraft:projectile":{"on_hit":{"definition_event":{"affect_projectile":true,"event_trigger":{"event":"gabrielaplok:impact"}},"impact_damage":{"knockback":false},"stick_in_ground":{"shake_time":0.1}},"power":8,"gravity":0.02,"inertia":2,"liquid_inertia":2,"uncertainty_base":1.8,"anchor":1,"offset":[0,0,0.05],"should_bounce":true,"multiple_targets":false}},"bullet_fnfal_ads":{"minecraft:variant":{"value":5},"minecraft:is_saddled":{},"minecraft:projectile":{"on_hit":{"definition_event":{"affect_projectile":true,"event_trigger":{"event":"gabrielaplok:impact"}},"impact_damage":{"knockback":false},"stick_in_ground":{"shake_time":0.1}},"power":12,"gravity":0.02,"inertia":2,"liquid_inertia":2,"uncertainty_base":0.4,"anchor":1,"offset":[0,0,0.05],"should_bounce":true,"multiple_targets":false}},"bullet_glock":{"minecraft:variant":{"value":6},"minecraft:projectile":{"on_hit":{"definition_event":{"affect_projectile":true,"event_trigger":{"event":"gabrielaplok:impact"}},"impact_damage":{"knockback":false},"stick_in_ground":{"shake_time":0.1}},"power":8,"gravity":0.02,"inertia":2,"liquid_inertia":2,"uncertainty_base":0.6,"anchor":1,"offset":[0,0,0.05],"should_bounce":true,"multiple_targets":false}},"bullet_glock_move":{"minecraft:variant":{"value":6},"minecraft:projectile":{"on_hit":{"definition_event":{"affect_projectile":true,"event_trigger":{"event":"gabrielaplok:impact"}},"impact_damage":{"knockback":false},"stick_in_ground":{"shake_time":0.1}},"power":8,"gravity":0.02,"inertia":2,"liquid_inertia":2,"uncertainty_base":1.2,"anchor":1,"offset":[0,0,0.05],"should_bounce":true,"multiple_targets":false}},"bullet_glock_ads":{"minecraft:variant":{"value":6},"minecraft:is_saddled":{},"minecraft:projectile":{"on_hit":{"definition_event":{"affect_projectile":true,"event_trigger":{"event":"gabrielaplok:impact"}},"impact_damage":{"knockback":false},"stick_in_ground":{"shake_time":0.1}},"power":12,"gravity":0.02,"inertia":2,"liquid_inertia":2,"uncertainty_base":0,"anchor":1,"offset":[0,0,0.05],"should_bounce":true,"multiple_targets":false}},"bullet_m249":{"minecraft:variant":{"value":7},"minecraft:projectile":{"on_hit":{"definition_event":{"affect_projectile":true,"event_trigger":{"event":"gabrielaplok:impact"}},"impact_damage":{"knockback":false},"stick_in_ground":{"shake_time":0.1}},"power":6,"gravity":0.02,"inertia":2,"liquid_inertia":2,"uncertainty_base":1.6,"anchor":1,"offset":[0,0,0.05],"should_bounce":true,"multiple_targets":false}},"bullet_m249_move":{"minecraft:variant":{"value":7},"minecraft:projectile":{"on_hit":{"definition_event":{"affect_projectile":true,"event_trigger":{"event":"gabrielaplok:impact"}},"impact_damage":{"knockback":false},"stick_in_ground":{"shake_time":0.1}},"power":6,"gravity":0.02,"inertia":2,"liquid_inertia":2,"uncertainty_base":2.2,"anchor":1,"offset":[0,0,0.05],"should_bounce":true,"multiple_targets":false}},"bullet_m249_ads":{"minecraft:variant":{"value":7},"minecraft:is_saddled":{},"minecraft:projectile":{"on_hit":{"definition_event":{"affect_projectile":true,"event_trigger":{"event":"gabrielaplok:impact"}},"impact_damage":{"knockback":false},"stick_in_ground":{"shake_time":0.1}},"power":14,"gravity":0.02,"inertia":2,"liquid_inertia":2,"uncertainty_base":0.25,"anchor":1,"offset":[0,0,0.05],"should_bounce":true,"multiple_targets":false}},"bullet_m4a1":{"minecraft:variant":{"value":8},"minecraft:projectile":{"on_hit":{"definition_event":{"affect_projectile":true,"event_trigger":{"event":"gabrielaplok:impact"}},"impact_damage":{"knockback":false},"stick_in_ground":{"shake_time":0.1}},"power":8,"gravity":0.02,"inertia":2,"liquid_inertia":2,"uncertainty_base":1.3,"anchor":1,"offset":[0,0,0.05],"should_bounce":true,"multiple_targets":false}},"bullet_m4a1_move":{"minecraft:variant":{"value":8},"minecraft:projectile":{"on_hit":{"definition_event":{"affect_projectile":true,"event_trigger":{"event":"gabrielaplok:impact"}},"impact_damage":{"knockback":false},"stick_in_ground":{"shake_time":0.1}},"power":8,"gravity":0.02,"inertia":2,"liquid_inertia":2,"uncertainty_base":2,"anchor":1,"offset":[0,0,0.05],"should_bounce":true,"multiple_targets":false}},"bullet_m4a1_ads":{"minecraft:variant":{"value":8},"minecraft:is_saddled":{},"minecraft:projectile":{"on_hit":{"definition_event":{"affect_projectile":true,"event_trigger":{"event":"gabrielaplok:impact"}},"impact_damage":{"knockback":false},"stick_in_ground":{"shake_time":0.1}},"power":12,"gravity":0.02,"inertia":2,"liquid_inertia":2,"uncertainty_base":0.2,"anchor":1,"offset":[0,0,0.05],"should_bounce":true,"multiple_targets":false}},"bullet_mossberg":{"minecraft:variant":{"value":9},"minecraft:projectile":{"on_hit":{"definition_event":{"affect_projectile":true,"event_trigger":{"event":"gabrielaplok:impact"}},"impact_damage":{"knockback":true},"stick_in_ground":{"shake_time":0.1}},"power":6,"gravity":0.02,"inertia":1,"liquid_inertia":1.5,"uncertainty_base":10,"anchor":1,"offset":[0,0,0.05],"should_bounce":true,"multiple_targets":false}},"bullet_mossberg_move":{"minecraft:variant":{"value":9},"minecraft:projectile":{"on_hit":{"definition_event":{"affect_projectile":true,"event_trigger":{"event":"gabrielaplok:impact"}},"impact_damage":{"knockback":true},"stick_in_ground":{"shake_time":0.1}},"power":6,"gravity":0.02,"inertia":1,"liquid_inertia":1.5,"uncertainty_base":14,"anchor":1,"offset":[0,0,0.05],"should_bounce":true,"multiple_targets":false}},"bullet_mossberg_ads":{"minecraft:variant":{"value":9},"minecraft:is_saddled":{},"minecraft:projectile":{"on_hit":{"definition_event":{"affect_projectile":true,"event_trigger":{"event":"gabrielaplok:impact"}},"impact_damage":{"knockback":true},"stick_in_ground":{"shake_time":0.1}},"power":8,"gravity":0.02,"inertia":1,"liquid_inertia":1.5,"uncertainty_base":5,"anchor":1,"offset":[0,0,0.05],"should_bounce":true,"multiple_targets":false}},"bullet_mp5a5":{"minecraft:variant":{"value":10},"minecraft:projectile":{"on_hit":{"definition_event":{"affect_projectile":true,"event_trigger":{"event":"gabrielaplok:impact"}},"impact_damage":{"knockback":false},"stick_in_ground":{"shake_time":0.1}},"power":8,"gravity":0.02,"inertia":2,"liquid_inertia":2,"uncertainty_base":2,"anchor":1,"offset":[0,0,0.05],"should_bounce":true,"multiple_targets":false}},"bullet_mp5a5_move":{"minecraft:variant":{"value":10},"minecraft:projectile":{"on_hit":{"definition_event":{"affect_projectile":true,"event_trigger":{"event":"gabrielaplok:impact"}},"impact_damage":{"knockback":false},"stick_in_ground":{"shake_time":0.1}},"power":8,"gravity":0.02,"inertia":2,"liquid_inertia":2,"uncertainty_base":4,"anchor":1,"offset":[0,0,0.05],"should_bounce":true,"multiple_targets":false}},"bullet_mp5a5_ads":{"minecraft:variant":{"value":10},"minecraft:is_saddled":{},"minecraft:projectile":{"on_hit":{"definition_event":{"affect_projectile":true,"event_trigger":{"event":"gabrielaplok:impact"}},"impact_damage":{"knockback":false},"stick_in_ground":{"shake_time":0.1}},"power":10,"gravity":0.02,"inertia":2,"liquid_inertia":2,"uncertainty_base":0,"anchor":1,"offset":[0,0,0.05],"should_bounce":true,"multiple_targets":false}}},"components":{"minecraft:type_family":{"family":["projectile","bullet"]},"minecraft:mark_variant":{"value":0},"minecraft:scale":{"value":0.4},"minecraft:collision_box":{"width":0.01,"height":0.01},"minecraft:timer":{"time":4.321,"looping":true,"time_down_event":{"event":"gabrielaplok:despawn"}},"minecraft:environment_sensor":{"triggers":[{"filters":{"all_of":[{"test":"distance_to_nearest_player","operator":">=","value":35},{"test":"is_underground","value":false}]},"event":"gabrielaplok:distance_to_nearest_player"}]},"minecraft:break_blocks":{"breakable_blocks":["bamboo","big_dripleaf","cocoa","carved_pumpkin","chorus_flower","chorus_plant","cave_vines","cave_vines_body_with_berries","cave_vines_head_with_berries","glass","glass_pane","lantern","lit_pumpkin","melon_block","pumpkin","red_stained_glass","blue_stained_glass","cyan_stained_glass","gray_stained_glass","lime_stained_glass","pink_stained_glass","black_stained_glass","brown_stained_glass","green_stained_glass","white_stained_glass","orange_stained_glass","purple_stained_glass","yellow_stained_glass","magenta_stained_glass","hard_red_stained_glass","hard_blue_stained_glass","hard_cyan_stained_glass","hard_gray_stained_glass","hard_lime_stained_glass","hard_pink_stained_glass","hard_black_stained_glass","hard_brown_stained_glass","hard_green_stained_glass","hard_white_stained_glass","light_blue_stained_glass","light_gray_stained_glass","hard_orange_stained_glass","hard_purple_stained_glass","hard_yellow_stained_glass","hard_magenta_stained_glass","red_stained_glass_pane","blue_stained_glass_pane","cyan_stained_glass_pane","gray_stained_glass_pane","lime_stained_glass_pane","pink_stained_glass_pane","black_stained_glass_pane","brown_stained_glass_pane","green_stained_glass_pane","white_stained_glass_pane","orange_stained_glass_pane","purple_stained_glass_pane","yellow_stained_glass_pane","magenta_stained_glass_pane","hard_red_stained_glass_pane","hard_blue_stained_glass_pane","hard_cyan_stained_glass_pane","hard_gray_stained_glass_pane","hard_lime_stained_glass_pane","hard_pink_stained_glass_pane","hard_black_stained_glass_pane","hard_brown_stained_glass_pane","hard_green_stained_glass_pane","hard_white_stained_glass_pane","light_blue_stained_glass_pane","light_gray_stained_glass_pane","hard_orange_stained_glass_pane","hard_purple_stained_glass_pane","hard_yellow_stained_glass_pane","hard_magenta_stained_glass_pane","tinted_glass","standing_sign","small_dripleaf_block","turtle_egg","vine","wall_banner","wall_sign","web","wheat","waterlily"]},"minecraft:conditional_bandwidth_optimization":{"default_values":{"max_optimized_distance":80,"max_dropped_ticks":7,"use_motion_prediction_hints":true}},"minecraft:physics":{}},"events":{"gabrielaplok:despawn":{"add":{"component_groups":["despawn"]}},"gabrielaplok:impact":{"add":{"component_groups":["impact"]}},"gabrielaplok:impacted":{"sequence":[{"trigger":"gabrielaplok:hiss"},{"trigger":"gabrielaplok:snap"},{"trigger":"gabrielaplok:despawn"}]},"gabrielaplok:hiss":{"sequence":[{"queue_command":{"command":["execute as @e[family=player, rm=2, r=4] at @s run playsound bullet.subsonic.hiss @a[r=10] ~~~ 0.75 1 0.01"]}},{}]},"gabrielaplok:snap":{"sequence":[{"queue_command":{"command":["tag @s add snapped","execute as @e[family=bullet, tag=!snapped, rm=0.1, r=4] at @s run playsound bullet.supersonic.snap @a[r=60] ~~~ 0.75 1 0.01"]}},{}]},"gabrielaplok:hole":{"queue_command":{"command":["execute at @s unless block ~~-0.1~ air if block ~0.1~~ air if block ~-0.1~~ air if block ~~0.1~ air if block ~~~0.1 air if block ~~~-0.1 air run particle gabrielaplok:bullet_hole1 ~~~","execute at @s unless block ~~0.01~ air if block ~~-0.01~ air run particle gabrielaplok:bullet_hole2 ~~~","execute at @s unless block ~0.01~~ air if block ~~~-0.01 air unless block ~~~0.1 air run particle gabrielaplok:bullet_hole3 ~~~","execute at @s unless block ~~~-0.01 air if block ~0.01~~ air run particle gabrielaplok:bullet_hole4 ~~~","execute at @s unless block ~-0.01~~ air if block ~~~0.01 air run particle gabrielaplok:bullet_hole5 ~~~","execute at @s unless block ~~~0.01 air if block ~-0.01~~ air run particle gabrielaplok:bullet_hole6 ~~~"]}},"gabrielaplok:distance_to_nearest_player":{"sequence":[{"queue_command":{"command":["playsound bullet.distant @a[rm=0, r=100] ~~5~ 100 1 0.01"]}}]},"gabrielaplok:bullet_ak12":{"add":{"component_groups":["bullet_ak12"]}},"gabrielaplok:bullet_ak12_move":{"add":{"component_groups":["bullet_ak12_move"]}},"gabrielaplok:bullet_ak12_ads":{"add":{"component_groups":["bullet_ak12_ads"]}},"gabrielaplok:bullet_ak47":{"add":{"component_groups":["bullet_ak47"]}},"gabrielaplok:bullet_ak47_move":{"add":{"component_groups":["bullet_ak47_move"]}},"gabrielaplok:bullet_ak47_ads":{"add":{"component_groups":["bullet_ak47_ads"]}},"gabrielaplok:bullet_awp":{"add":{"component_groups":["bullet_awp"]}},"gabrielaplok:bullet_awp_move":{"add":{"component_groups":["bullet_awp_move"]}},"gabrielaplok:bullet_awp_ads":{"add":{"component_groups":["bullet_awp_ads"]}},"gabrielaplok:bullet_deagle":{"add":{"component_groups":["bullet_deagle"]}},"gabrielaplok:bullet_deagle_move":{"add":{"component_groups":["bullet_deagle_move"]}},"gabrielaplok:bullet_deagle_ads":{"add":{"component_groups":["bullet_deagle_ads"]}},"gabrielaplok:bullet_fnfal":{"add":{"component_groups":["bullet_fnfal"]}},"gabrielaplok:bullet_fnfal_move":{"add":{"component_groups":["bullet_fnfal_move"]}},"gabrielaplok:bullet_fnfal_ads":{"add":{"component_groups":["bullet_fnfal_ads"]}},"gabrielaplok:bullet_glock":{"add":{"component_groups":["bullet_glock"]}},"gabrielaplok:bullet_glock_move":{"add":{"component_groups":["bullet_glock_move"]}},"gabrielaplok:bullet_glock_ads":{"add":{"component_groups":["bullet_glock_ads"]}},"gabrielaplok:bullet_m249":{"add":{"component_groups":["bullet_m249"]}},"gabrielaplok:bullet_m249_move":{"add":{"component_groups":["bullet_m249_move"]}},"gabrielaplok:bullet_m249_ads":{"add":{"component_groups":["bullet_m249_ads"]}},"gabrielaplok:bullet_m4a1":{"add":{"component_groups":["bullet_m4a1"]}},"gabrielaplok:bullet_m4a1_move":{"add":{"component_groups":["bullet_m4a1_move"]}},"gabrielaplok:bullet_m4a1_ads":{"add":{"component_groups":["bullet_m4a1_ads"]}},"gabrielaplok:bullet_mossberg":{"add":{"component_groups":["bullet_mossberg"]}},"gabrielaplok:bullet_mossberg_move":{"add":{"component_groups":["bullet_mossberg_move"]}},"gabrielaplok:bullet_mossberg_ads":{"add":{"component_groups":["bullet_mossberg_ads"]}},"gabrielaplok:bullet_mp5a5":{"add":{"component_groups":["bullet_mp5a5"]}},"gabrielaplok:bullet_mp5a5_move":{"add":{"component_groups":["bullet_mp5a5_move"]}},"gabrielaplok:bullet_mp5a5_ads":{"add":{"component_groups":["bullet_mp5a5_ads"]}}}}}