{"content":[{"path":"splashes.json"},{"path":"sounds.json"},{"path":"pack_icon.png"},{"path":"contents.json"},{"path":"blocks.json"},{"path":"- CREDITS.txt"},{"path":"ui/inventory_screen.json"},{"path":"ui/hud_screen.json"},{"path":"ui/_ui_defs.json"},{"path":"ui/hud/hud_elements.json"},{"path":"textures/terrain_texture.json"},{"path":"textures/ui/title.png"},{"path":"textures/ui/screen/attachment_x.png"},{"path":"textures/ui/screen/attachment_stock.png"},{"path":"textures/ui/screen/attachment_silencer.png"},{"path":"textures/ui/screen/attachment_sight.png"},{"path":"textures/ui/btn/shoot.png"},{"path":"textures/ui/btn/aim_pressed.png"},{"path":"textures/ui/btn/aim.png"},{"path":"textures/ui/btn/reload.png"},{"path":"textures/sight/scope_lp_blur.png"},{"path":"textures/sight/scope_hp_blur.png"},{"path":"textures/sight/scope_lp.png"},{"path":"textures/ui/screen/attachment_grip.png"},{"path":"textures/sight/nv_goggles.png"},{"path":"textures/sight/scope_acog.png"},{"path":"textures/particle/particles.png"},{"path":"textures/particle/spark.png"},{"path":"textures/particle/shell.png"},{"path":"textures/particle/lensflare.png"},{"path":"textures/sight/scope_acog_blur.png"},{"path":"textures/particle/flashlight.png"},{"path":"textures/particle/flare.png"},{"path":"textures/models/wearable/nv_goggles.png"},{"path":"textures/models/wearable/helmet_6b47.png"},{"path":"textures/models/throwable/m67_grenade.png"},{"path":"textures/models/guns/rpg7.png"},{"path":"textures/models/guns/mp5a5.png"},{"path":"textures/models/guns/m4a1.png"},{"path":"textures/models/guns/mossberg.png"},{"path":"textures/models/guns/glock18.png"},{"path":"textures/models/guns/awp.png"},{"path":"textures/models/guns/deagle.png"},{"path":"textures/models/guns/ak47.png"},{"path":"textures/particle/explosion_debris.png"},{"path":"textures/models/attachment/silencer.png"},{"path":"textures/models/attachment/scope_lp.png"},{"path":"textures/models/attachment/predator_v4.png"},{"path":"textures/models/attachment/laser_green.png"},{"path":"textures/models/attachment/foregrip.png"},{"path":"textures/items/throwable/m67_grenade.png"},{"path":"textures/items/wearable/juggernaut_helmet.png"},{"path":"textures/items/wearable/juggernaut_boots.png"},{"path":"textures/items/wearable/helmet_6b47.png"},{"path":"textures/items/props/landmine.png"},{"path":"textures/items/part/barrel_medium.png"},{"path":"textures/items/part/barrel_short.png"},{"path":"textures/items/medical/bandage_military.png"},{"path":"textures/items/medical/bandage.png"},{"path":"textures/items/material/sulfur_powder.png"},{"path":"textures/items/material/gunmetal_ingot.png"},{"path":"textures/items/mag/mp5a5_mag.png"},{"path":"textures/items/mag/m4a1_mag.png"},{"path":"textures/items/mag/glock17_mag.png"},{"path":"textures/items/mag/bullet_12gauge.png"},{"path":"textures/models/attachment/laser_red.png"},{"path":"textures/items/mag/fnfal_mag.png"},{"path":"manifest.json"},{"path":"textures/items/mag/ak47_mag.png"},{"path":"textures/items/mag/ak12_mag.png"},{"path":"textures/items/guns/rpg7.png"},{"path":"textures/items/material/copper_nugget.png"},{"path":"textures/items/guns/mp5a5.png"},{"path":"textures/items/guns/mossberg.png"},{"path":"textures/items/guns/m249.png"},{"path":"textures/items/guns/deagle.png"},{"path":"textures/items/guns/ak47.png"},{"path":"textures/items/bullet/bullet_762x51.png"},{"path":"textures/items/wearable/nv_goggles.png"},{"path":"textures/items/bullet/bullet_556x45.png"},{"path":"textures/items/bullet/bullet_545x39.png"},{"path":"textures/items/bullet/bullet_12gauge.png"},{"path":"textures/items/blueprint/blueprint_vehicle.png"},{"path":"textures/items/attachment/scope_hp.png"},{"path":"textures/items/attachment/laser.png"},{"path":"textures/items/attachment/eotech_sight.png"},{"path":"textures/items/attachment/acog_sight.png"},{"path":"textures/items/attachment/foregrip.png"},{"path":"textures/entity/projectile/bullet.png"},{"path":"textures/blocks/props/sandbag.png"},{"path":"textures/blocks/props/landmine.png"},{"path":"textures/blocks/props/attachment_workbench.png"},{"path":"texts/pt_BR.lang"},{"path":"sounds/bullet/impact/metal_debris_1.ogg"},{"path":"texts/languages.json"},{"path":"sounds/guns/ak12/pullback.ogg"},{"path":"sounds/sound_definitions.json"},{"path":"sounds/random/explode1.ogg"},{"path":"sounds/guns/mp5a5/pullback.ogg"},{"path":"sounds/guns/mp5a5/magin.ogg"},{"path":"sounds/bullet/impact/dirt_debris_3.ogg"},{"path":"sounds/guns/mossberg/pumpforward.ogg"},{"path":"sounds/guns/mossberg/pumpback.ogg"},{"path":"sounds/guns/mossberg/fire_reverb.ogg"},{"path":"attachables/guns/mp5a5.json"},{"path":"sounds/guns/mossberg/fire.ogg"},{"path":"sounds/guns/m4a1/magin.ogg"},{"path":"sounds/guns/m4a1/fire_silenced_reverb.ogg"},{"path":"sounds/guns/m4a1/fire_silenced.ogg"},{"path":"sounds/guns/m249/pullforward.ogg"},{"path":"sounds/guns/m249/magout_full.ogg"},{"path":"sounds/guns/m249/magin.ogg"},{"path":"sounds/wearable/nv_goggles/toggle.ogg"},{"path":"attachables/wearable/vest_6b3.json"},{"path":"sounds/guns/m249/fire_reverb.ogg"},{"path":"textures/items/mag/m249_mag.png"},{"path":"sounds/bullet/eject/bounce_shotgun.ogg"},{"path":"sounds/guns/m249/fire_belt_reverb.ogg"},{"path":"textures/models/entity/guns/ak12.json"},{"path":"sounds/effect/gun/draw.ogg"},{"path":"sounds/guns/m249/fire.ogg"},{"path":"sounds/guns/m249/coverup.ogg"},{"path":"textures/item_texture.json"},{"path":"sounds/guns/m249/coverdown.ogg"},{"path":"sounds/guns/m249/bulletjingle.ogg"},{"path":"models/entity/projectile/bullet.json"},{"path":"sounds/guns/glock18/magin.ogg"},{"path":"sounds/guns/glock18/fire_silenced_reverb.ogg"},{"path":"models/blocks/props/sandbag.json"},{"path":"sounds/effect/explosion/debris_2.ogg"},{"path":"sounds/guns/glock18/fire_silenced.ogg"},{"path":"sounds/guns/mossberg/shellin.ogg"},{"path":"sounds/guns/glock18/fire_reverb.ogg"},{"path":"sounds/guns/glock18/fire.ogg"},{"path":"sounds/wearable/nv_goggles/toggleoff.ogg"},{"path":"sounds/effect/gun/dist_short.ogg"},{"path":"sounds/guns/fnfal/magout.ogg"},{"path":"sounds/guns/fnfal/magin.ogg"},{"path":"textures/items/part/grip.png"},{"path":"sounds/guns/fnfal/fire_silenced_reverb.ogg"},{"path":"sounds/guns/fnfal/fire_silenced.ogg"},{"path":"sounds/guns/deagle/pullforward.ogg"},{"path":"textures/ui/cross_hair.png"},{"path":"textures/blocks/props/ammo_workbench.png"},{"path":"sounds/guns/deagle/pullback.ogg"},{"path":"sounds/guns/glock18/pullback.ogg"},{"path":"sounds/guns/ak47/fire_silenced.ogg"},{"path":"sounds/guns/deagle/magout.ogg"},{"path":"textures/items/bullet/bullet_762x39.png"},{"path":"sounds/guns/m249/magout.ogg"},{"path":"sounds/guns/deagle/fire_silenced_reverb.ogg"},{"path":"sounds/guns/deagle/fire_silenced.ogg"},{"path":"sounds/guns/awp/fire_reverb.ogg"},{"path":"sounds/guns/awp/fire.ogg"},{"path":"sounds/guns/m4a1/magout.ogg"},{"path":"sounds/guns/ak47/pullback.ogg"},{"path":"sounds/bullet/impact/stone_debris_0.ogg"},{"path":"attachables/wearable/helmet_military.json"},{"path":"sounds/guns/ak47/magout.ogg"},{"path":"sounds/effect/gun/echo_1.ogg"},{"path":"sounds/guns/m249/beltpullout.ogg"},{"path":"particles/bullet/casing/casing_hot.json"},{"path":"sounds/guns/ak47/fire_silenced_reverb.ogg"},{"path":"textures/items/wearable/juggernaut_leggings.png"},{"path":"textures/items/attachment/silencer.png"},{"path":"sounds/random/explode3.ogg"},{"path":"sounds/guns/ak47/fire.ogg"},{"path":"sounds/guns/ak12/pullforward.ogg"},{"path":"textures/particle/shell_shotgun.png"},{"path":"sounds/guns/ak12/fire_silenced_reverb.ogg"},{"path":"textures/items/other/config.png"},{"path":"textures/items/material/plastic_plate.png"},{"path":"sounds/guns/ak12/fire.ogg"},{"path":"sounds/bullet/impact/wood_3.ogg"},{"path":"particles/bullet/bullet_hole5.json"},{"path":"sounds/effect/player/splat.ogg"},{"path":"sounds/effect/player/blind.ogg"},{"path":"sounds/effect/player/voice/reload_3.ogg"},{"path":"particles/explosion/explosion_flash.json"},{"path":"sounds/effect/player/voice/reload_1.ogg"},{"path":"sounds/effect/player/voice/no_ammo_1.ogg"},{"path":"sounds/effect/player/voice/no_ammo_0.ogg"},{"path":"sounds/effect/gunshot/gunshot_3.ogg"},{"path":"sounds/effect/gunshot/gunshot_2.ogg"},{"path":"sounds/effect/gunshot/gunshot_0.ogg"},{"path":"attachables/wearable/juggernaut_helmet.json"},{"path":"sounds/effect/gunshot/gunshot_1.ogg"},{"path":"textures/models/guns/m249.png"},{"path":"models/entity/wearable/helmet_6b47.json"},{"path":"sounds/bullet/eject/eject_45acp.ogg"},{"path":"sounds/effect/gun/iron_out.ogg"},{"path":"animation_controllers/guns/m4a1.json"},{"path":"sounds/bullet/ricochet/ricochet_3.ogg"},{"path":"sounds/effect/gun/inspect_2.ogg"},{"path":"sounds/guns/glock18/maghit.ogg"},{"path":"sounds/guns/deagle/fire_reverb.ogg"},{"path":"sounds/effect/gun/inspect_1.ogg"},{"path":"sounds/guns/awp/fire_silenced_reverb.ogg"},{"path":"sounds/effect/gun/echo_2.ogg"},{"path":"sounds/effect/gun/dryfire.ogg"},{"path":"textures/models/guns/ak12.png"},{"path":"sounds/effect/gun/dist_medium.ogg"},{"path":"sounds/effect/gun/dist_large_extra.ogg"},{"path":"sounds/guns/fnfal/pullback.ogg"},{"path":"sounds/effect/gun/ads_out.ogg"},{"path":"models/entity/attachment/silencer.json"},{"path":"sounds/effect/explosion/indoors_3.ogg"},{"path":"sounds/throwable/grenade/throw.ogg"},{"path":"sounds/effect/player/voice/reload_4.ogg"},{"path":"sounds/effect/explosion/indoors_2.ogg"},{"path":"sounds/effect/explosion/indoors_1.ogg"},{"path":"sounds/effect/explosion/explode_3.ogg"},{"path":"sounds/guns/mp5a5/fire_silenced.ogg"},{"path":"sounds/guns/awp/magout.ogg"},{"path":"render_controllers/wearable/juggernaut.json"},{"path":"sounds/effect/explosion/explode_2.ogg"},{"path":"sounds/effect/explosion/explode_1.ogg"},{"path":"sounds/effect/explosion/explode_0.ogg"},{"path":"textures/models/attachment/acog_sight.png"},{"path":"sounds/bullet/impact/water_2.ogg"},{"path":"sounds/effect/explosion/distant_3.ogg"},{"path":"particles/explosion/explosion_smoke_0.json"},{"path":"sounds/effect/explosion/distant_2.ogg"},{"path":"sounds/effect/explosion/debris_0.ogg"},{"path":"sounds/effect/gun/dist_large.ogg"},{"path":"textures/items/bullet/bullet_50ae.png"},{"path":"sounds/bullet/supersonic/snap_7.ogg"},{"path":"sounds/bullet/supersonic/snap_6.ogg"},{"path":"textures/items/mag/glock18_mag.png"},{"path":"sounds/bullet/supersonic/snap_5.ogg"},{"path":"entity/player/player.json"},{"path":"sounds/bullet/supersonic/snap_4.ogg"},{"path":"sounds/bullet/supersonic/snap_3.ogg"},{"path":"sounds/bullet/supersonic/snap_2.ogg"},{"path":"sounds/bullet/supersonic/snap_0.ogg"},{"path":"animations/guns/mp5a5.json"},{"path":"sounds/bullet/subsonic/hiss_7.ogg"},{"path":"sounds/guns/fnfal/fire_reverb.ogg"},{"path":"sounds/bullet/subsonic/hiss_4.ogg"},{"path":"sounds/bullet/subsonic/hiss_5.ogg"},{"path":"sounds/effect/gun/echo_3.ogg"},{"path":"sounds/bullet/subsonic/hiss_2.ogg"},{"path":"sounds/bullet/impact/dirt_0.ogg"},{"path":"sounds/bullet/ricochet/ricochet_7.ogg"},{"path":"sounds/bullet/ricochet/ricochet_6.ogg"},{"path":"sounds/bullet/ricochet/ricochet_5.ogg"},{"path":"models/blocks/misc/none.json"},{"path":"models/entity/guns/mp5a5.json"},{"path":"sounds/bullet/ricochet/ricochet_4.ogg"},{"path":"sounds/guns/awp/pullforward.ogg"},{"path":"animations/guns/rpg7.json"},{"path":"sounds/guns/m249/fire_belt.ogg"},{"path":"models/entity/attachment/foregrip.json"},{"path":"sounds/bullet/ricochet/ricochet_1.ogg"},{"path":"sounds/bullet/reload/bullet_in_3.ogg"},{"path":"sounds/bullet/reload/bullet_in_0.ogg"},{"path":"sounds/throwable/grenade/drop.ogg"},{"path":"sounds/bullet/reload/bullet_in_2.ogg"},{"path":"sounds/bullet/reload/bullet_in_1.ogg"},{"path":"sounds/effect/explosion/distant_1.ogg"},{"path":"sounds/effect/gun/iron_in.ogg"},{"path":"sounds/bullet/impact/wood_debris_3.ogg"},{"path":"textures/items/part/stock_wood.png"},{"path":"sounds/bullet/impact/wood_debris_2.ogg"},{"path":"sounds/effect/player/voice/reload_0.ogg"},{"path":"sounds/bullet/impact/wood_debris_1.ogg"},{"path":"sounds/bullet/impact/wood_debris_0.ogg"},{"path":"sounds/guns/deagle/maghit.ogg"},{"path":"sounds/bullet/impact/wood_1.ogg"},{"path":"sounds/bullet/impact/water_3.ogg"},{"path":"sounds/effect/explosion/debris_3.ogg"},{"path":"sounds/guns/glock18/pullforward.ogg"},{"path":"sounds/bullet/impact/water_1.ogg"},{"path":"sounds/bullet/subsonic/hiss_3.ogg"},{"path":"sounds/bullet/impact/stone_debris_1.ogg"},{"path":"textures/blocks/props/hazard_block.png"},{"path":"textures/items/material/plastic_mass.png"},{"path":"textures/blocks/props/gun_workbench.png"},{"path":"sounds/guns/mp5a5/pullforward.ogg"},{"path":"sounds/bullet/impact/metal_debris_0.ogg"},{"path":"models/entity/guns/fnfal.json"},{"path":"animation_controllers/guns/glock17.json"},{"path":"sounds/guns/mp5a5/magout.ogg"},{"path":"textures/models/attachment/eotech_sight.png"},{"path":"sounds/bullet/subsonic/hiss_6.ogg"},{"path":"textures/items/material/bucket_petroleum.png"},{"path":"particles/guns/muzzle_flash.json"},{"path":"entity/throwable/m67_grenade.json"},{"path":"models/entity/guns/m249.json"},{"path":"sounds/bullet/impact/metal_2.ogg"},{"path":"particles/bullet/casing/casing_shotgun.json"},{"path":"sounds/bullet/impact/stone_2.ogg"},{"path":"sounds/bullet/impact/glass_0.ogg"},{"path":"sounds/bullet/impact/glass_debris_1.ogg"},{"path":"sounds/bullet/impact/dirt_3.ogg"},{"path":"sounds/bullet/impact/glass_3.ogg"},{"path":"animations/ui/sight.json"},{"path":"sounds/bullet/impact/flesh_3.ogg"},{"path":"sounds/bullet/impact/dirt_debris_2.ogg"},{"path":"sounds/guns/fnfal/maghit.ogg"},{"path":"sounds/effect/landmine.ogg"},{"path":"sounds/effect/gun/lean_in.ogg"},{"path":"models/entity/attachment/laser.json"},{"path":"sounds/bullet/eject/eject_9mm.ogg"},{"path":"textures/items/mag/deagle_mag.png"},{"path":"sounds/bullet/subsonic/hiss_1.ogg"},{"path":"sounds/bullet/eject/bounce_9mm.ogg"},{"path":"textures/items/part/grip_pistol.png"},{"path":"models/entity/attachment/scope_lp.json"},{"path":"sounds/bullet/impact/stone_debris_3.ogg"},{"path":"sounds/bullet/impact/glass_2.ogg"},{"path":"sounds/guns/m4a1/maghit.ogg"},{"path":"sounds/bullet/impact/flesh_1.ogg"},{"path":"render_controllers/ui/sight_ui.json"},{"path":"attachables/guns/awp.json"},{"path":"sounds/guns/glock18/magout.ogg"},{"path":"sounds/effect/player/voice/reload_2.ogg"},{"path":"models/mobs.json"},{"path":"sounds/bullet/distant/distant_1.ogg"},{"path":"models/entity/guns/mossberg.json"},{"path":"particles/bullet/bullet_hole4.json"},{"path":"render_controllers/throwable/m67_grenade.json"},{"path":"textures/items/part/stock_polymer.png"},{"path":"render_controllers/guns/guns.json"},{"path":"textures/items/wearable/juggernaut_chestplate.png"},{"path":"sounds/guns/m249/maghit.ogg"},{"path":"render_controllers/dummy/threeditem.json"},{"path":"- CHANGELOG.txt"},{"path":"sounds/guns/fnfal/pullforward.ogg"},{"path":"sounds/effect/gun/inspect_3.ogg"},{"path":"animation_controllers/guns/rpg7.json"},{"path":"animation_controllers/guns/deagle.json"},{"path":"models/entity/guns/glock18.json"},{"path":"particles/vanilla/dragon_death_explosion.json"},{"path":"sounds/effect/gun/ads_in.ogg"},{"path":"sounds/guns/ak12/fire_silenced.ogg"},{"path":"textures/items/material/gunmetal_nugget.png"},{"path":"sounds/bullet/eject/eject_50bmg.ogg"},{"path":"sounds/guns/fnfal/fire.ogg"},{"path":"particles/guns/muzzle_smoke_0.json"},{"path":"sounds/bullet/impact/dirt_2.ogg"},{"path":"textures/models/guns/glock17.png"},{"path":"particles/guns/muzzle_smoke.json"},{"path":"sounds/bullet/impact/stone_3.ogg"},{"path":"sounds/bullet/impact/flesh_head_1.ogg"},{"path":"textures/ui/hud/ads_shadow.png"},{"path":"attachables/guns/rpg7.json"},{"path":"particles/guns/muzzle_lensflare.json"},{"path":"sounds/bullet/impact/flesh_head_2.ogg"},{"path":"animations/projectile/grenade.json"},{"path":"sounds/bullet/impact/glass_debris_3.ogg"},{"path":"textures/particle/explosion_flash.png"},{"path":"textures/items/guns/glock17.png"},{"path":"particles/guns/muzzle_hot.json"},{"path":"textures/models/guns/fnfal.png"},{"path":"particles/explosion/explosion_debris_0.json"},{"path":"particles/explosion/explosion_sparks.json"},{"path":"textures/items/wearable/vest_6b3.png"},{"path":"textures/items/blueprint/blueprint_ammo.png"},{"path":"particles/bullet/bullet_water.json"},{"path":"particles/bullet/bullet_tracer.json"},{"path":"particles/bullet/bullet_impact.json"},{"path":"sounds/effect/explosion/distant_0.ogg"},{"path":"sounds/bullet/impact/glass_debris_2.ogg"},{"path":"animation_controllers/guns/fnfal.json"},{"path":"particles/bullet/bullet_hole6.json"},{"path":"sounds/bullet/impact/stone_debris_2.ogg"},{"path":"animations/animations.json"},{"path":"sounds/bullet/impact/glass_debris_0.ogg"},{"path":"textures/particle/blood.png"},{"path":"sounds/bullet/impact/flesh_0.ogg"},{"path":"render_controllers/ui/nv_goggles.json"},{"path":"models/entity/ui/sight_ui.json"},{"path":"models/blocks/props/metal_rack.json"},{"path":"sounds/bullet/eject/bounce_338mm.ogg"},{"path":"models/entity/misc/player_hands.json"},{"path":"sounds/bullet/supersonic/snap_1.ogg"},{"path":"attachables/guns/ak47.json"},{"path":"sounds/guns/m249/shoulder.ogg"},{"path":"textures/items/mag/rpg7_rocket.png"},{"path":"particles/bullet/bullet_hole2.json"},{"path":"sounds/guns/m249/pullback.ogg"},{"path":"particles/bullet/bullet_hole1.json"},{"path":"models/entity/guns/deagle.json"},{"path":"sounds/effect/gun/echo_0.ogg"},{"path":"textures/items/attachment/predator_v4.png"},{"path":"animations/guns/ak47.json"},{"path":"particles/bullet/bullet_dust.json"},{"path":"particles/bullet/casing/casing_short.json"},{"path":"sounds/bullet/eject/bounce_556mm.ogg"},{"path":"textures/items/attachment/scope_lp.png"},{"path":"particles/bullet/casing/casing_medium.json"},{"path":"sounds/random/explode2.ogg"},{"path":"sounds/effect/gun/lean_out.ogg"},{"path":"sounds/bullet/impact/flesh_head_0.ogg"},{"path":"textures/items/guns/m4a1.png"},{"path":"texts/en_US.lang"},{"path":"sounds/bullet/impact/dirt_1.ogg"},{"path":"particles/bullet/casing/casing_long.json"},{"path":"sounds/bullet/impact/stone_0.ogg"},{"path":"models/entity/wearable/vest_6b3.json"},{"path":"sounds/bullet/impact/wood_0.ogg"},{"path":"models/entity/wearable/juggernaut.json"},{"path":"sounds/guns/m4a1/fire_reverb.ogg"},{"path":"attachables/guns/glock17.json"},{"path":"sounds/guns/mp5a5/fire_silenced_reverb.ogg"},{"path":"attachables/wearable/juggernaut_leggings.json"},{"path":"sounds/guns/mp5a5/fire.ogg"},{"path":"models/blocks/props/gun_workbench.json"},{"path":"animation_controllers/guns/glock18.json"},{"path":"models/entity/guns/awp.json"},{"path":"models/entity/misc/human.json"},{"path":"particles/bullet/bullet_spark.json"},{"path":"sounds/guns/m249/fetchmag.ogg"},{"path":"sounds/bullet/impact/metal_debris_3.ogg"},{"path":"textures/sight/scope_hp.png"},{"path":"textures/items/food/cooked_flesh.png"},{"path":"particles/explosion/explosion_debris_1.json"},{"path":"models/entity/guns/rpg7.json"},{"path":"animation_controllers/guns/ak12.json"},{"path":"models/entity/attachment/scope_hp.json"},{"path":"models/entity/guns/ak12.json"},{"path":"sounds/guns/m249/throwawayremaining.ogg"},{"path":"models/entity/guns/m4a1.json"},{"path":"sounds/guns/awp/pullback.ogg"},{"path":"models/entity/attachment/acog_sight.json"},{"path":"sounds/bullet/impact/dirt_debris_1.ogg"},{"path":"sounds/effect/explosion/debris_1.ogg"},{"path":"models/entity/wearable/nv_goggles.json"},{"path":"animations/guns/fnfal.json"},{"path":"models/blocks/props/landmine.json"},{"path":"particles/guns/muzzle_smoke_2.json"},{"path":"sounds/bullet/eject/eject_762mm.ogg"},{"path":"sounds/effect/gun/dist_low.ogg"},{"path":"models/entity/throwable/m67_grenade.json"},{"path":"attachables/guns/fnfal.json"},{"path":"sounds/bullet/impact/metal_debris_2.ogg"},{"path":"render_controllers/player/player.json"},{"path":"textures/items/guns/awp.png"},{"path":"animation_controllers/player/guns.json"},{"path":"- NOTICE.txt"},{"path":"animations/player/player_fpp.json"},{"path":"animations/guns/mossberg.json"},{"path":"sounds/guns/deagle/magin.ogg"},{"path":"sounds/guns/ak12/fire_reverb.ogg"},{"path":"textures/ui/btn/shoot_pressed.png"},{"path":"textures/items/part/stock_sniper_polymer.png"},{"path":"models/entity/misc/none.json"},{"path":"render_controllers/guns/attachment.json"},{"path":"models/blocks/props/hedgehog.json"},{"path":"models/entity/guns/ak47.json"},{"path":"sounds/guns/m4a1/pullback.ogg"},{"path":"models/blocks/props/ammo_workbench.json"},{"path":"sounds/bullet/eject/bounce_308mm.ogg"},{"path":"textures/items/blueprint/blueprint_attachments.png"},{"path":"sounds/guns/mp5a5/fire_reverb.ogg"},{"path":"textures/items/guns/ak12.png"},{"path":"sounds/bullet/impact/flesh_head_3.ogg"},{"path":"animation_controllers/player/player.json"},{"path":"models/blocks/props/attachment_workbench.json"},{"path":"animations/guns/awp.json"},{"path":"sounds/bullet/eject/bounce_50bmg.ogg"},{"path":"models/entity/guns/glock17.json"},{"path":"animations/dummy/threeditem.json"},{"path":"attachables/guns/ak12.json"},{"path":"textures/items/guns/glock18.png"},{"path":"sounds/guns/m4a1/pullforward.ogg"},{"path":"materials/entity.material"},{"path":"sounds/effect/explosion/indoors_0.ogg"},{"path":"sounds/guns/m249/beltalign.ogg"},{"path":"sounds/bullet/subsonic/hiss_0.ogg"},{"path":"sounds/bullet/distant/distant_2.ogg"},{"path":"sounds/effect/gun/inspect_0.ogg"},{"path":"entity/projectile/bullet.json"},{"path":"textures/items/material/gunmetal_scrap.png"},{"path":"sounds/bullet/impact/water_0.ogg"},{"path":"sounds/bullet/impact/metal_0.ogg"},{"path":"textures/blocks/props/hedgehog.png"},{"path":"ui/content_log.json"},{"path":"sounds/guns/ak47/magin.ogg"},{"path":"render_controllers/projectile/bullet.json"},{"path":"sounds/bullet/ricochet/ricochet_0.ogg"},{"path":"models/entity/ui/nv_goggles_ui.json"},{"path":"attachables/wearable/nv_goggles.json"},{"path":"sounds/bullet/impact/metal_1.ogg"},{"path":"particles/explosion/explosion_smoke_1.json"},{"path":"textures/models/wearable/vest_6b3.png"},{"path":"sounds/guns/ak12/magout.ogg"},{"path":"sounds/bullet/impact/metal_3.ogg"},{"path":"sounds/guns/awp/fire_silenced.ogg"},{"path":"attachables/wearable/juggernaut_boots.json"},{"path":"attachables/wearable/helmet_6b47.json"},{"path":"textures/models/wearable/juggernaut.png"},{"path":"sounds/random/explode4.ogg"},{"path":"sounds/bullet/impact/glass_1.ogg"},{"path":"sounds/bullet/ricochet/ricochet_2.ogg"},{"path":"textures/items/mag/awp_mag.png"},{"path":"attachables/guns/mossberg.json"},{"path":"sounds/guns/m249/beltremove.ogg"},{"path":"attachables/guns/m4a1.json"},{"path":"attachables/guns/glock18.json"},{"path":"animations/projectile/bullet.json"},{"path":"animations/wearable/juggernaut.json"},{"path":"particles/bullet/bullet_hole3.json"},{"path":"animation_controllers/guns/mp5a5.json"},{"path":"sounds/bullet/eject/eject_556mm.ogg"},{"path":"animations/player/player.json"},{"path":"animations/player/action.json"},{"path":"textures/ui/btn/reload_pressed.png"},{"path":"animations/guns/m4a1.json"},{"path":"particles/guns/muzzle_smoke_1.json"},{"path":"animations/guns/ak12.json"},{"path":"textures/particle/hole.png"},{"path":"models/entity/attachment/predator_v4.json"},{"path":"sounds/bullet/impact/flesh_2.ogg"},{"path":"sounds/bullet/impact/stone_1.ogg"},{"path":"textures/items/bullet/bullet_9x19pr.png"},{"path":"sounds/guns/awp/magin.ogg"},{"path":"animations/guns/m249.json"},{"path":"models/entity/attachment/eotech_sight.json"},{"path":"animations/guns/glock18.json"},{"path":"sounds/guns/ak47/pullforward.ogg"},{"path":"sounds/guns/m4a1/fire.ogg"},{"path":"sounds/guns/ak12/magin.ogg"},{"path":"textures/ui/hud/ads_shadow.json"},{"path":"animation_controllers/guns/m249.json"},{"path":"animation_controllers/guns/awp.json"},{"path":"sounds/bullet/impact/dirt_debris_0.ogg"},{"path":"textures/misc/none.png"},{"path":"sounds/bullet/distant/distant_0.ogg"},{"path":"sounds/guns/ak47/fire_reverb.ogg"},{"path":"textures/items/blueprint/blueprint_guns.png"},{"path":"animations/player/guns.json"},{"path":"animation_controllers/player/action.json"},{"path":"animations/guns/deagle.json"},{"path":"attachables/wearable/juggernaut_chestplate.json"},{"path":"- LICENSE.txt"},{"path":"textures/models/attachment/scope_hp.png"},{"path":"sounds/bullet/impact/wood_2.ogg"},{"path":"textures/items/part/barrel_long.png"},{"path":"textures/items/guns/fnfal.png"},{"path":"attachables/guns/m249.json"},{"path":"ui/screen/workbench_screen.json"},{"path":"sounds/effect/gun/attach.ogg"},{"path":"animation_controllers/guns/mossberg.json"},{"path":"sounds/bullet/distant/distant_3.ogg"},{"path":"attachables/guns/deagle.json"},{"path":"sounds/effect/player/hitmarker.ogg"},{"path":"sounds/guns/deagle/fire.ogg"},{"path":"animations/guns/glock17.json"},{"path":"animation_controllers/guns/ak47.json"}],"version":1}