{"format_version":"1.21.0","animation_controllers":{"controller.animation.player.guns_wall_detect":{"initial_state":"inactive","states":{"inactive":{"transitions":[{"wall":"v.is_wall_detect&&!v.is_reloading"}],"blend_transition":0.17},"wall":{"transitions":[{"inactive":"!v.is_wall_detect||v.is_reloading"}],"animations":["guns_wall_detect"],"blend_transition":0.2}}},"controller.animation.player.guns_recline":{"initial_state":"inactive","states":{"inactive":{"transitions":[{"left":"v.recline==-1&&!v.is_reloading&&!v.lie_down"},{"right":"v.recline==1&&!v.is_reloading&&!v.lie_down"}],"blend_transition":0.2},"left":{"transitions":[{"inactive":"v.recline==0||v.is_reloading||v.lie_down"},{"right":"v.recline==1"}],"animations":[{"guns_fpp_recline_left":"v.is_first_person"},{"guns_tpp_recline_left":"v.is_third_person"}],"blend_transition":0.2},"right":{"transitions":[{"inactive":"v.recline==0||v.is_reloading||v.lie_down"},{"left":"v.recline==-1"}],"animations":[{"guns_fpp_recline_right":"v.is_first_person"},{"guns_tpp_recline_right":"v.is_third_person"}],"blend_transition":0.2}}},"controller.animation.player.lie_down":{"initial_state":"inactive","states":{"inactive":{"transitions":[{"lie_down":"v.lie_down&&!q.is_moving"},{"walk":"v.lie_down&&q.is_moving"}],"blend_transition":0.4},"lie_down":{"transitions":[{"inactive":"!v.lie_down"},{"walk":"v.lie_down&&q.is_moving"}],"animations":[{"lie_down":"!v.is_first_person"}],"blend_transition":0.5},"walk":{"transitions":[{"lie_down":"!v.lie_down||!q.is_moving"}],"animations":[{"lie_down.walk":"!v.is_first_person"}],"blend_transition":0.4}}}}}