{"format_version":"1.21.0","animation_controllers":{"controller.animation.player.guns_root":{"initial_state":"first_person","states":{"first_person":{"transitions":[{"paperdoll":"v.is_paperdoll"},{"third_person":"!v.is_first_person"}]},"paperdoll":{"animations":["humanoid_base_pose","look_at_target_ui","move.legs","cape"],"transitions":[{"first_person":"!v.is_paperdoll&&v.is_first_person"},{"third_person":"!v.is_paperdoll&&!v.is_first_person"}]},"third_person":{"animations":["humanoid_base_pose","move.legs","cape",{"riding.legs":"q.is_riding&&!v.lie_down"},{"damage_nearby_mobs":"v.damage_nearby_mobs"},{"swimming":"v.swim_amount&&!v.lie_down"},{"swimming.legs":"v.swim_amount&&!v.lie_down"},{"crawling":"q.is_crawling&&!v.lie_down"},{"crawling.legs":"q.is_crawling&&!v.lie_down"},{"sleeping":"q.is_sleeping&&q.is_alive"},{"shield_block_off_hand":"q.blocking&&q.get_equipped_item_name('off_hand')=='shield'"}],"transitions":[{"paperdoll":"v.is_paperdoll"},{"first_person":"v.is_first_person"}]}}},"controller.animation.player.guns_hold":{"initial_state":"first_person","states":{"first_person":{"animations":["ak12_controller","ak47_controller","awp_controller","deagle_controller","fnfal_controller","glock17_controller","glock18_controller","m4a1_controller","m249_controller","mossberg_controller","mp5a5_controller","rpg7_controller",{"guns_fpp_ads_controller":"v.guns"},{"guns_fpp_run_controller":"v.guns"},{"guns_fpp_standby_controller":"v.guns"},{"guns_wall_detect_controller":"v.guns"},{"guns_recline_controller":"v.guns"},{"sight":"v.sight_ui&&q.is_sneaking"}],"transitions":[{"third_person":"!v.is_first_person"}]},"third_person":{"animations":[{"ak12_item":"v.ak12"},{"guns_tpp_controller":"v.ak12"},{"ak47_item":"v.ak47"},{"guns_tpp_controller":"v.ak47"},{"awp_item":"v.awp"},{"guns_tpp_controller":"v.awp"},{"deagle_item":"v.deagle"},{"guns_tpp_controller":"v.deagle"},{"fnfal_item":"v.fnfal"},{"guns_tpp_controller":"v.fnfal"},{"glock18_item":"v.glock17"},{"guns_tpp_controller":"v.glock17"},{"glock18_item":"v.glock18"},{"guns_tpp_controller":"v.glock18"},{"m4a1_item":"v.m4a1"},{"guns_tpp_controller":"v.m4a1"},{"m249_item":"v.m249"},{"guns_tpp_controller":"v.m249"},{"mossberg_item":"v.mossberg"},{"guns_tpp_controller":"v.mossberg"},{"mp5a5_item":"v.mp5a5"},{"guns_tpp_controller":"v.mp5a5"},{"rpg7_item":"v.rpg7"},{"guns_tpp_controller":"v.rpg7"}],"transitions":[{"first_person":"v.is_first_person"}]}}},"controller.animation.player.guns_fpp_ads":{"initial_state":"inactive","states":{"inactive":{"transitions":[{"ak12":"v.ak12&&q.is_sneaking&&!v.is_reloading&&!v.is_wall_detect"},{"ak47":"v.ak47&&q.is_sneaking&&!v.is_reloading&&!v.is_wall_detect"},{"awp":"v.awp&&q.is_sneaking&&!v.is_reloading&&!v.is_wall_detect"},{"deagle":"v.deagle&&q.is_sneaking&&!v.is_reloading&&!v.is_wall_detect"},{"fnfal":"v.fnfal&&q.is_sneaking&&!v.is_reloading&&!v.is_wall_detect"},{"glock17":"v.glock17&&q.is_sneaking&&!v.is_reloading&&!v.is_wall_detect"},{"glock18":"v.glock18&&q.is_sneaking&&!v.is_reloading&&!v.is_wall_detect"},{"m4a1":"v.m4a1&&q.is_sneaking&&!v.is_reloading&&!v.is_wall_detect"},{"m249":"v.m249&&q.is_sneaking&&!v.is_reloading&&!v.is_wall_detect"},{"mossberg":"v.mossberg&&q.is_sneaking&&!v.is_reloading&&!v.is_wall_detect"},{"mp5a5":"v.mp5a5&&q.is_sneaking&&!v.is_reloading&&!v.is_wall_detect"},{"rpg7":"v.rpg7&&q.is_sneaking&&!v.is_reloading&&!v.is_wall_detect"}],"blend_transition":0.2},"ak12":{"animations":["ak12_fpp_ads"],"transitions":[{"inactive":"!v.ak12||!q.is_sneaking||v.is_reloading||v.is_wall_detect"}],"blend_transition":0.4},"ak47":{"animations":["ak47_fpp_ads"],"transitions":[{"inactive":"!v.ak47||!q.is_sneaking||v.is_reloading||v.is_wall_detect"}],"blend_transition":0.4},"awp":{"animations":["awp_fpp_ads"],"transitions":[{"inactive":"!v.awp||!q.is_sneaking||v.is_reloading||v.is_wall_detect"}],"blend_transition":0.4},"deagle":{"animations":["deagle_fpp_ads"],"transitions":[{"inactive":"!v.deagle||!q.is_sneaking||v.is_reloading||v.is_wall_detect"}],"blend_transition":0.4},"fnfal":{"animations":["fnfal_fpp_ads"],"transitions":[{"inactive":"!v.fnfal||!q.is_sneaking||v.is_reloading||v.is_wall_detect"}],"blend_transition":0.4},"glock17":{"animations":["glock18_fpp_ads"],"transitions":[{"inactive":"!v.glock17||!q.is_sneaking||v.is_reloading||v.is_wall_detect"}],"blend_transition":0.4},"glock18":{"animations":["glock18_fpp_ads"],"transitions":[{"inactive":"!v.glock18||!q.is_sneaking||v.is_reloading||v.is_wall_detect"}],"blend_transition":0.4},"m4a1":{"animations":["m4a1_fpp_ads"],"transitions":[{"inactive":"!v.m4a1||!q.is_sneaking||v.is_reloading||v.is_wall_detect"}],"blend_transition":0.4},"m249":{"animations":["m249_fpp_ads"],"transitions":[{"inactive":"!v.m249||!q.is_sneaking||v.is_reloading||v.is_wall_detect"}],"blend_transition":0.4},"mossberg":{"animations":["mossberg_fpp_ads"],"transitions":[{"inactive":"!v.mossberg||!q.is_sneaking||v.is_reloading||v.is_wall_detect"}],"blend_transition":0.4},"mp5a5":{"animations":["mp5a5_fpp_ads"],"transitions":[{"inactive":"!v.mp5a5||!q.is_sneaking||v.is_reloading||v.is_wall_detect"}],"blend_transition":0.4},"rpg7":{"animations":["rpg7_fpp_ads"],"transitions":[{"inactive":"!v.rpg7||!q.is_sneaking||v.is_reloading||v.is_wall_detect"}],"blend_transition":0.4}}},"controller.animation.player.guns_fpp_run":{"initial_state":"inactive","states":{"inactive":{"transitions":[{"run":"q.is_sprinting&&!q.is_sneaking&&!q.main_hand_item_use_duration&&!v.is_reloading"}],"blend_transition":1},"run":{"animations":["guns_fpp_run"],"transitions":[{"inactive":"!q.is_sprinting||q.is_sneaking||q.main_hand_item_use_duration||v.is_reloading"}],"blend_transition":0.2}}},"controller.animation.player.guns_fpp_standby":{"initial_state":"inactive","states":{"inactive":{"transitions":[{"standby":"v.is_standby"}],"blend_transition":0.4},"standby":{"animations":["guns_fpp_standby"],"transitions":[{"inactive":"!v.is_standby"}],"blend_transition":0.12}}},"controller.animation.player.guns_tpp":{"initial_state":"inactive","states":{"inactive":{"transitions":[{"hold":"v.guns&&!q.is_sleeping&&!q.is_emoting&&!v.swim_amount&&!q.is_crawling&&!v.lie_down"}],"blend_transition":0.2},"hold":{"animations":[{"guns_tpp_hold_0":"q.equipped_item_all_tags('slot.weapon.mainhand','is_heavy')"},{"guns_tpp_hold_1":"q.equipped_item_all_tags('slot.weapon.mainhand','is_light')"},{"guns_recline_controller":"v.guns"}],"transitions":[{"inactive":"!v.guns||q.is_sleeping||q.is_emoting||v.swim_amount||q.is_crawling||v.lie_down"},{"ads":"q.is_sneaking&&!q.is_moving"},{"standby":"v.is_standby"},{"reload":"v.is_reloading"},{"run":"q.is_sprinting&&!q.is_sneaking&&!q.main_hand_item_use_duration&&!v.is_reloading"}],"blend_transition":0.2},"ads":{"animations":[{"guns_tpp_hold_0":"q.equipped_item_all_tags('slot.weapon.mainhand','is_heavy')"},{"guns_tpp_hold_1":"q.equipped_item_all_tags('slot.weapon.mainhand','is_light')"},{"guns_recline_controller":"v.guns"},"guns_tpp_ads"],"transitions":[{"inactive":"!v.guns||q.is_sleeping||q.is_emoting||v.swim_amount||q.is_crawling||v.lie_down"},{"hold":"!q.is_sneaking||q.is_moving"},{"standby":"v.is_standby"},{"reload":"v.is_reloading"},{"run":"q.is_sprinting&&!q.is_sneaking&&!q.main_hand_item_use_duration&&!v.is_reloading"}],"blend_transition":0.2},"standby":{"animations":["guns_tpp_standby"],"transitions":[{"inactive":"!v.guns||q.is_sleeping||q.is_emoting||v.swim_amount||q.is_crawling||v.lie_down"},{"hold":"!v.is_standby"}],"blend_transition":0.2},"reload":{"animations":["guns_tpp_reload"],"transitions":[{"inactive":"!v.guns||q.is_sleeping||q.is_emoting||v.swim_amount||q.is_crawling||v.lie_down"},{"hold":"!v.is_reloading"}],"blend_transition":0.2},"run":{"animations":["guns_tpp_standby"],"transitions":[{"inactive":"!v.guns||!q.is_sprinting||q.is_sneaking||q.main_hand_item_use_duration||v.is_reloading||q.is_sleeping||q.is_emoting||v.swim_amount||q.is_crawling||v.lie_down"}],"blend_transition":0.2}}}}}