{"namespace":"workbench","workbench_label":{"type":"label","anchor_from":"top_left","anchor_to":"top_left","text":"tile.gun_workbench.name","color":"$title_text_color","layer":2},"workbench_input_grid_item@crafting.inventory_container_item":{"$item_collection_name":"crafting_input_items","$background_images":"crafting.crafting_container_cell_images","$item_renderer_binding_condition":"always","$button_ref":"crafting.inventory_container_slot_button"},"workbench_grid":{"type":"grid","size":[54,54],"anchor_from":"top_left","anchor_to":"top_left","grid_dimensions":[3,3],"collection_name":"crafting_input_items","controls":[{"workbench_input_barrel@workbench.workbench_input_grid_item":{"grid_position":[0,0],"$focus_id_binding_type":"none","$focus_id":"workbench_input_top_left","$focus_override_left_binding_type":"none","$focus_override_left":"armor_item_head"}},{"workbench_input_blueprint@workbench.workbench_input_grid_item":{"grid_position":[2,0]}},{"workbench_input_grip@workbench.workbench_input_grid_item":{"grid_position":[1,1]}},{"workbench_input_ammo@workbench.workbench_input_grid_item":{"grid_position":[0,2]}},{"workbench_input_stock@workbench.workbench_input_grid_item":{"grid_position":[2,2],"$focus_override_right_binding_type":"none","$focus_override_right":"workbench_output_item"}}]},"output_grid":{"type":"grid","grid_dimensions":[1,1],"collection_name":"crafting_output_items","anchor_from":"top_left","anchor_to":"top_left","size":[26,26],"controls":[{"workbench_output@crafting.inventory_container_item":{"size":[26,26],"$cell_image_size":[26,26],"$item_collection_name":"crafting_output_items","$button_ref":"crafting.output_no_coalesce_container_slot_button","$stack_count_binding_condition":"always","$item_renderer_binding_condition":"always","$background_images":"crafting.crafting_container_cell_images","$focus_id_binding_type":"none","$focus_id":"crafting_output_item","$focus_override_right_binding_type":"none","$focus_override_right":"FOCUS_OVERRIDE_STOP"}}]},"workbench_grid_with_label":{"type":"panel","size":["default",65],"anchor_from":"top_middle","anchor_to":"top_middle","$grid_label_alignment|default":"center","controls":[{"workbench_label@workbench.workbench_label":{"size":[84,10],"offset":[-15,0],"text_alignment":"$grid_label_alignment"}},{"workbench_grid@workbench.workbench_grid":{"offset":[0,11]}}]},"workbench_panel":{"type":"panel","anchor_to":"top_left","anchor_from":"top_left","controls":[{"workbench_label@workbench_label":{"offset":[-21,72]}},{"workbench_arrow_large@crafting.crafting_arrow_large":{"offset":[61,35.5]}},{"workbench_grid_with_label@workbench_grid_with_label":{"offset":[0,5]}},{"workbench_output_grid@workbench.output_grid":{"offset":[94,30]}}]}}