{"format_version":"1.10.0","render_controllers":{"controller.render.threeditem":{"arrays":{"geometries":{"array.geo":["Geometry.ak12","Geometry.ak47","Geometry.awp","Geometry.deagle","Geometry.fnfal","Geometry.glock17","Geometry.glock18","Geometry.m4a1","Geometry.m249","Geometry.mossberg","Geometry.mp5a5"]},"textures":{"array.texture":["Texture.ak12","Texture.ak47","Texture.awp","Texture.deagle","Texture.fnfal","Texture.glock17","Texture.glock18","Texture.m4a1","Texture.m249","Texture.mossberg","Texture.mp5a5"]}},"geometry":"array.geo[q.variant]","materials":[{"*":"material.default"}],"textures":["array.texture[q.variant]"],"part_visibility":[{"head":false},{"body":false},{"leftArm":false},{"rightArmExtra":false},{"leftLeg":false},{"rightLeg":false}],"is_hurt_color":{},"on_fire_color":{}}}}