{"format_version":"1.12.0","minecraft:geometry":[{"description":{"identifier":"geometry.helmet_6b47","texture_width":64,"texture_height":64,"visible_bounds_width":2,"visible_bounds_height":3,"visible_bounds_offset":[0,1.5,0]},"bones":[{"name":"head","pivot":[0,24,0],"cubes":[{"origin":[-4,32,-4],"size":[8,1,8],"uv":[0,0]},{"origin":[4,26,-2],"size":[1,6,6],"uv":[15,10]},{"origin":[4,28,-5],"size":[1,4,3],"uv":[16,28]},{"origin":[4,23,-1],"size":[1,3,1],"inflate":-0.001,"uv":[14,10]},{"origin":[-4,23,-1],"size":[8,1,1],"inflate":-0.001,"uv":[24,10]},{"origin":[4,23,-1],"size":[1,4,1],"inflate":-0.002,"pivot":[4.5,23,0],"rotation":[-40,0,0],"uv":[0,10]},{"origin":[-5,23,-1],"size":[1,4,1],"inflate":-0.002,"pivot":[-4.5,23,0],"rotation":[-40,0,0],"uv":[0,0]},{"origin":[-5,23,-1],"size":[1,3,1],"inflate":-0.001,"uv":[9,10]},{"origin":[-5,28,-5],"size":[1,4,3],"uv":[25,0]},{"origin":[-4,29,-5],"size":[8,3,1],"uv":[19,23]},{"origin":[-4,26,4],"size":[8,6,1],"uv":[0,23]},{"origin":[-5,26,-2],"size":[1,6,6],"uv":[0,10]}]}]}]}