{"format_version":"1.12.0","minecraft:geometry":[{"description":{"identifier":"geometry.juggernaut","texture_width":128,"texture_height":128,"visible_bounds_width":5,"visible_bounds_height":5,"visible_bounds_offset":[0,1.5,0]},"bones":[{"name":"head","pivot":[0,24,0],"cubes":[{"origin":[-4,24,-4],"size":[8,8,8],"inflate":0.2,"uv":[0,0]},{"origin":[-4,26,-4.1],"size":[8,4,4],"inflate":0.4,"uv":[34,40]},{"origin":[-4,27,-4.1],"size":[8,2,1],"inflate":0.6,"uv":[68,57]},{"origin":[4,27,-2],"size":[1,2,3],"uv":[77,82]},{"origin":[-5,27,-2],"size":[1,2,3],"uv":[82,25]},{"origin":[-4,23.9,-4],"size":[8,8,1],"inflate":0.18,"pivot":[0,32,-3],"rotation":[-2,0,0],"uv":[56,0]},{"origin":[-3,23.5,-3],"size":[6,1,6],"uv":[46,23]},{"origin":[-4,23.9,3],"size":[8,8,1],"inflate":0.18,"pivot":[0,32,4],"rotation":[5,0,0],"uv":[49,55]},{"origin":[-1.5,31.5,-2],"size":[3,1,1],"uv":[86,3]},{"origin":[-1.5,31.5,1],"size":[3,1,1],"uv":[85,38]},{"origin":[-1.5,32,-1],"size":[3,1,2],"uv":[81,51]},{"origin":[-5,23,-4.5],"size":[10,4,1],"pivot":[0,23,-4],"rotation":[7.5,0,0],"uv":[49,49]},{"origin":[4,23,-4],"size":[1,5,9],"pivot":[4,24.5,0],"rotation":[0,0,10],"uv":[24,8]},{"origin":[-5,23,-4],"size":[1,5,8],"pivot":[-4,24.5,0],"rotation":[0,0,-10],"uv":[45,9]},{"origin":[-5,23,4],"size":[10,5,1],"pivot":[0,23,4],"rotation":[-10,0,0],"uv":[46,31]}]},{"name":"body","pivot":[0,24,0],"cubes":[{"origin":[-4.31768,19.25902,2.70642],"size":[4,3,2],"pivot":[-3.31768,23.25902,2.70642],"rotation":[-14,-24,-2],"uv":[24,81]},{"origin":[-4,12,-3],"size":[8,12,6],"inflate":0.001,"uv":[0,17]},{"origin":[2,21,-4.5],"size":[2,2,2],"pivot":[3,22,-4],"rotation":[26,-14,-6],"uv":[84,8]},{"origin":[0,21,-5],"size":[2,2,2],"pivot":[3,22,-4],"rotation":[58,18,9],"uv":[83,44]},{"origin":[-4,23,3],"size":[8,1,1],"inflate":0.001,"uv":[69,69]},{"origin":[-4,23,-4],"size":[8,1,1],"inflate":0.001,"uv":[69,35]},{"origin":[3.5,19,-2],"size":[1,1,4],"uv":[0,82]},{"origin":[-4.5,19,-2],"size":[1,1,4],"uv":[81,61]},{"origin":[3.5,13,-2],"size":[1,5,4],"uv":[75,0]},{"origin":[-4.5,13,-2],"size":[1,5,4],"uv":[13,74]},{"origin":[3.5,12,-2],"size":[2,5,4],"pivot":[4.5,14.5,0],"rotation":[4,14,12],"uv":[60,69]},{"origin":[4,17,-1],"size":[1,1,2],"pivot":[4.5,14.5,0],"rotation":[4,14,12],"uv":[30,40]},{"origin":[-5.6,9.9,-2],"size":[2,4,4],"pivot":[-5,11,0],"rotation":[0,17.5,12.5],"uv":[0,73]},{"origin":[-5.67765,10.96124,-0.87972],"size":[1,2,2],"pivot":[-5.17765,11.96124,0.12028],"rotation":[0,17.5,12.5],"uv":[18,85]},{"origin":[-4,9,2],"size":[8,3,2],"uv":[56,10]},{"origin":[-3,8,2],"size":[6,1,2],"uv":[73,72]},{"origin":[-4,9,-3],"size":[8,3,1],"uv":[59,44]},{"origin":[-2,7,-3],"size":[4,2,1],"uv":[13,36]},{"origin":[-4,11.3,-4.1],"size":[8,3,2],"inflate":0.001,"pivot":[0,13.5,-4],"rotation":[17.5,0,0],"uv":[55,38]},{"origin":[-3,12,-3.5],"size":[6,9,1],"uv":[0,62]},{"origin":[-3,10,2.5],"size":[6,13,1],"uv":[34,49]},{"origin":[1.6,10,2.5],"size":[1.4,8,1],"inflate":0.3,"uv":[48,81]},{"origin":[-3,10,2.5],"size":[3.3,8,1],"inflate":0.3,"uv":[59,79]},{"origin":[-3,17,3],"size":[3.3,1,1],"inflate":0.2,"uv":[83,82]},{"origin":[-3,15,3],"size":[3.3,1,1],"inflate":0.2,"uv":[82,0]},{"origin":[-3,13,3],"size":[3.3,1,1],"inflate":0.2,"uv":[42,23]},{"origin":[2,14,-3.5],"size":[2,3,1],"inflate":0.3,"pivot":[3,15.5,-3],"rotation":[0,-20,0],"uv":[68,85]},{"origin":[-1,14,-3.5],"size":[2,3,1],"inflate":0.3,"pivot":[0,15.5,-3],"rotation":[12,0,0],"uv":[11,84]},{"origin":[-4,14,-3.5],"size":[2,3,1],"inflate":0.3,"pivot":[-3,15.5,-3],"rotation":[0,20,0],"uv":[0,0]},{"origin":[-4,18,-3.5],"size":[1,3,1],"inflate":0.3,"pivot":[-3.5,19.5,-3],"rotation":[0,20,0],"uv":[25,87]},{"origin":[-2,18,-3.5],"size":[1,3,1],"inflate":0.3,"pivot":[-1.5,19.5,-3],"rotation":[5,0,0],"uv":[87,18]},{"origin":[1,18,-3.5],"size":[1,3,1],"inflate":0.3,"pivot":[1.5,19.5,-3],"rotation":[5,0,0],"uv":[86,85]},{"origin":[3,18,-3.5],"size":[1,3,1],"inflate":0.3,"pivot":[3.5,19.5,-3],"rotation":[0,-20,0],"uv":[0,17]}]},{"name":"antenna","parent":"body","pivot":[-3.5,22,3.5],"rotation":[-12,0,-12],"cubes":[{"origin":[-3.79209,20.95677,2.79663],"size":[1,15,1],"inflate":-0.2,"uv":[54,72]}]},{"name":"leftArm","pivot":[5,22,0],"cubes":[{"origin":[4,12,-2],"size":[4,12,4],"inflate":0.05,"uv":[17,40]},{"origin":[4,15.5,-2],"size":[2,1,4],"inflate":0.3,"uv":[80,76]},{"origin":[4,17.5,-2],"size":[2,1,4],"inflate":0.3,"uv":[78,19]},{"origin":[6,15,-2],"size":[2,4,4],"inflate":0.4,"uv":[41,72]},{"origin":[4,20,-2],"size":[4,4,4],"inflate":0.4,"uv":[17,57]}]},{"name":"rightArm","pivot":[-5,22,0],"cubes":[{"origin":[-8,20,-2],"size":[4,4,4],"inflate":0.4,"uv":[0,53]},{"origin":[-8,15,-2],"size":[2,4,4],"inflate":0.4,"uv":[28,72]},{"origin":[-6,17.5,-2],"size":[2,1,4],"inflate":0.3,"uv":[76,38]},{"origin":[-6,15.5,-2],"size":[2,1,4],"inflate":0.3,"uv":[74,45]},{"origin":[-8,12,-2],"size":[4,12,4],"inflate":0.05,"uv":[36,0]}]},{"name":"leftLeg","pivot":[1.9,12,0],"cubes":[{"origin":[0,7.5,-2],"size":[4,1,4],"inflate":0.2,"uv":[69,29]},{"origin":[3.6,7,-2],"size":[1,4,4],"inflate":0.21,"uv":[77,10]},{"origin":[0,9.5,-2],"size":[4,1,4],"inflate":0.2,"uv":[68,51]},{"origin":[0,0,-2],"size":[4,12,4],"inflate":0.05,"uv":[0,36]}]},{"name":"leftFoot","parent":"leftLeg","pivot":[0,0,0],"cubes":[{"origin":[0,2.5,-2.5],"size":[4,4,1],"inflate":0.15,"uv":[37,81]},{"origin":[0,3.5,-2],"size":[4,2,4],"inflate":0.1,"uv":[47,65]},{"origin":[0,0,-2],"size":[4,3,4],"inflate":0.2,"uv":[64,61]}]},{"name":"rightLeg","pivot":[-1.9,12,0],"cubes":[{"origin":[-4,0,-2],"size":[4,12,4],"inflate":0.05,"uv":[29,23]},{"origin":[-4,9.5,-2],"size":[4,1,4],"inflate":0.2,"uv":[15,68]},{"origin":[-4.4,7,-2],"size":[1,4,4],"inflate":0.21,"uv":[69,76]},{"origin":[-4,7.5,-2],"size":[4,1,4],"inflate":0.2,"uv":[65,23]}]},{"name":"rightFoot","parent":"rightLeg","pivot":[0,0,0],"cubes":[{"origin":[-4,0,-2],"size":[4,3,4],"inflate":0.2,"uv":[30,64]},{"origin":[-4,3.5,-2],"size":[4,2,4],"inflate":0.1,"uv":[64,16]},{"origin":[-4,2.5,-2.5],"size":[4,4,1],"inflate":0.15,"uv":[25,0]}]}]}]}