{"format_version":"1.12.0","minecraft:geometry":[{"description":{"identifier":"geometry.vest_6b3","texture_width":64,"texture_height":64,"visible_bounds_width":2,"visible_bounds_height":3.5,"visible_bounds_offset":[0,1.25,0]},"bones":[{"name":"body","pivot":[0,24,0],"cubes":[{"origin":[-4.5,11.5,0.5],"size":[9,13,2],"inflate":0.01,"pivot":[0,24.5,0.5],"rotation":[4,0,0],"uv":[0,0]},{"origin":[-3.5,19.5,1],"size":[7,4,2],"pivot":[0,24.5,0.5],"rotation":[4,0,0],"uv":[22,14]},{"origin":[-4.5,13.5,1],"size":[9,5,2],"inflate":0.05,"pivot":[0,24.5,0.5],"rotation":[4,0,0],"uv":[22,7]},{"origin":[3,13.65278,1.99908],"size":[2,4,2],"inflate":0.05,"pivot":[4,15.65278,2.99908],"rotation":[4,34,2],"uv":[34,33]},{"origin":[-4.99513,13.93197,1.99908],"size":[2,4,2],"inflate":0.05,"pivot":[-3.99513,15.93197,2.99908],"rotation":[4,-34,2],"uv":[26,33]},{"origin":[2.5,22.5,-2.5],"size":[2,2,5],"uv":[26,20]},{"origin":[-4.5,22.5,-2.5],"size":[2,2,5],"uv":[17,22]},{"origin":[-4.5,12.5,-2.5],"size":[9,10,2],"pivot":[0,22.5,-0.5],"rotation":[-4,0,0],"uv":[0,15]},{"origin":[-4.5,13.5,-2.75],"size":[9,5,2],"inflate":0.05,"pivot":[0,22.5,-0.5],"rotation":[-4,0,0],"uv":[22,0]},{"origin":[-2,18,-3],"size":[4,4,2],"pivot":[0,22.5,-0.5],"rotation":[-4,0,0],"uv":[0,27]},{"origin":[1,13.5,-3.5],"size":[2,4,2],"pivot":[0,22.5,-0.5],"rotation":[-4,0,0],"uv":[0,33]},{"origin":[3,13.5,-3.7],"size":[2,4,2],"pivot":[4,15.65656,-2.98342],"rotation":[-4,-34,2],"uv":[29,27]},{"origin":[-3,13.5,-3.5],"size":[2,4,2],"pivot":[0,22.5,-0.5],"rotation":[-4,0,0],"uv":[20,29]},{"origin":[-5,13.5,-3.7],"size":[2,4,2],"pivot":[-4,15.65656,-2.98342],"rotation":[-4,34,-2],"uv":[12,29]},{"origin":[-4.25,18.8893,-1.62783],"size":[1,1,3],"pivot":[-3.5,18.3893,-0.12783],"rotation":[20,0,0],"uv":[8,35]},{"origin":[-4.25,16,-1],"size":[1,1,3],"pivot":[-3.5,15.5,-0.5],"rotation":[20,0,0],"uv":[8,35]},{"origin":[3.25,16,-1],"size":[1,1,3],"pivot":[-3.5,15.5,-0.5],"rotation":[20,0,0],"uv":[8,35]},{"origin":[3.25,18.8893,-1.62783],"size":[1,1,3],"pivot":[-3.5,18.3893,-0.12783],"rotation":[20,0,0],"uv":[8,35]}]}]}]}