{"format_version":"1.21.0","animation_controllers":{"controller.animation.player.fnfal":{"initial_state":"inactive","states":{"inactive":{"on_entry":["@s gabrielaplok:remove_reloading"],"transitions":[{"fire":"q.is_item_name_any('slot.weapon.mainhand','gabrielaplok:fnfal')&&q.main_hand_item_use_duration&&q.scoreboard('fnfal')>=1&&!q.property('gun:reloading')&&!q.property('gun:standby')&&q.is_alive"},{"reload":"q.is_item_name_any('slot.weapon.mainhand','gabrielaplok:fnfal')&&q.main_hand_item_use_duration&&q.scoreboard('fnfal')<=0&&!q.property('gun:reloading')&&q.is_alive"},{"reload":"q.is_item_name_any('slot.weapon.mainhand','gabrielaplok:fnfal')&&q.is_sneaking&&v.attack_time&&q.scoreboard('fnfal')<=19&&!q.property('gun:reloading')&&q.is_alive"}]},"fire":{"animations":["fnfal_fire"],"on_entry":["/function guns/fire/fnfal","/execute as @s[score={fnfal=1}] run function effect/gun_dryfire"],"transitions":[{"inactive":"q.all_animations_finished||!q.is_alive"}]},"reload":{"animations":["fnfal_reload"],"on_entry":["/execute as @s[hasitem={item=gabrielaplok:fnfal_mag, quantity=1..}] run event entity @s gabrielaplok:add_reloading","/execute as @s[hasitem={item=gabrielaplok:fnfal_mag, quantity=..0}] run function effect/gun_dryfire"],"transitions":[{"inactive":"!q.is_item_name_any('slot.weapon.mainhand','gabrielaplok:fnfal')||!q.property('gun:reloading')||!q.is_alive"},{"reloaded":"q.all_animations_finished&&q.is_item_name_any('slot.weapon.mainhand','gabrielaplok:fnfal')&&q.property('gun:reloading')&&q.is_alive"}]},"reloaded":{"on_entry":["/execute as @s[hasitem={item=gabrielaplok:fnfal, location=slot.weapon.mainhand}] run function guns/reload/fnfal"],"transitions":[{"inactive":"1"}]}}}}}