{"format_version":"1.21.0","animation_controllers":{"controller.animation.player.glock17":{"initial_state":"inactive","states":{"inactive":{"on_entry":["@s gabrielaplok:remove_reloading"],"transitions":[{"fire":"q.is_item_name_any('slot.weapon.mainhand','gabrielaplok:glock17')&&q.main_hand_item_use_duration&&q.scoreboard('glock17')>=1&&!q.property('gun:reloading')&&!q.property('gun:standby')&&q.is_alive"},{"reload":"q.is_item_name_any('slot.weapon.mainhand','gabrielaplok:glock17')&&q.main_hand_item_use_duration&&q.scoreboard('glock17')<=0&&!q.property('gun:reloading')&&q.is_alive"},{"reload":"q.is_item_name_any('slot.weapon.mainhand','gabrielaplok:glock17')&&q.is_sneaking&&v.attack_time&&q.scoreboard('glock17')<=16&&!q.property('gun:reloading')&&q.is_alive"}]},"fire":{"animations":["glock17_fire"],"on_entry":["/function guns/fire/glock17","/execute as @s[score={glock17=1}] run function effect/gun_dryfire"],"transitions":[{"inactive":"!q.main_hand_item_use_duration||!q.is_alive"},{"inactive":"(q.main_hand_item_use_duration&&q.all_animations_finished)||!q.is_alive"}]},"reload":{"animations":["glock17_reload"],"on_entry":["/execute as @s[hasitem={item=gabrielaplok:glock17_mag, quantity=1..}] run event entity @s gabrielaplok:add_reloading","/execute as @s[hasitem={item=gabrielaplok:glock17_mag, quantity=..0}] run function effect/gun_dryfire"],"transitions":[{"inactive":"!q.is_item_name_any('slot.weapon.mainhand','gabrielaplok:glock17')||!q.property('gun:reloading')||!q.is_alive"},{"reloaded":"q.all_animations_finished&&q.is_item_name_any('slot.weapon.mainhand','gabrielaplok:glock17')&&q.property('gun:reloading')&&q.is_alive"}]},"reloaded":{"on_entry":["/execute as @s[hasitem={item=gabrielaplok:glock17, location=slot.weapon.mainhand}] run function guns/reload/glock17"],"transitions":[{"inactive":"1"}]}}}}}