{"format_version":"1.21.0","animation_controllers":{"controller.animation.player.m249":{"initial_state":"inactive","states":{"inactive":{"on_entry":["@s gabrielaplok:remove_reloading"],"transitions":[{"fire":"q.is_item_name_any('slot.weapon.mainhand','gabrielaplok:m249')&&q.main_hand_item_use_duration&&q.scoreboard('m249')>=1&&!q.property('gun:reloading')&&!q.property('gun:standby')&&q.is_alive"},{"reload":"q.is_item_name_any('slot.weapon.mainhand','gabrielaplok:m249')&&q.main_hand_item_use_duration&&q.scoreboard('m249')<=0&&!q.property('gun:reloading')&&q.is_alive"},{"reload":"q.is_item_name_any('slot.weapon.mainhand','gabrielaplok:m249')&&q.is_sneaking&&v.attack_time&&q.scoreboard('m249')<=199&&!q.property('gun:reloading')&&q.is_alive"}]},"fire":{"animations":["m249_fire"],"on_entry":["/function guns/fire/m249","/execute as @s[score={m249=1}] run function effect/gun_dryfire"],"transitions":[{"inactive":"q.all_animations_finished||!q.is_alive"}]},"reload":{"animations":["m249_reload"],"on_entry":["/execute as @s[hasitem={item=gabrielaplok:m249_mag, quantity=1..}] run event entity @s gabrielaplok:add_reloading","/execute as @s[hasitem={item=gabrielaplok:m249_mag, quantity=..0}] run function effect/gun_dryfire"],"transitions":[{"inactive":"!q.is_item_name_any('slot.weapon.mainhand','gabrielaplok:m249')||!q.property('gun:reloading')||!q.is_alive"},{"reloaded":"q.all_animations_finished&&q.is_item_name_any('slot.weapon.mainhand','gabrielaplok:m249')&&q.property('gun:reloading')&&q.is_alive"}]},"reloaded":{"on_entry":["/execute as @s[hasitem={item=gabrielaplok:m249, location=slot.weapon.mainhand}] run function guns/reload/m249"],"transitions":[{"inactive":"1"}]}}}}}