{"format_version":"1.21.0","animation_controllers":{"controller.animation.player.mp5a5":{"initial_state":"inactive","states":{"inactive":{"on_entry":["@s gabrielaplok:remove_reloading"],"transitions":[{"fire":"q.is_item_name_any('slot.weapon.mainhand','gabrielaplok:mp5a5')&&q.main_hand_item_use_duration&&q.scoreboard('mp5a5')>=1&&!q.property('gun:reloading')&&!q.property('gun:standby')&&q.is_alive"},{"reload":"q.is_item_name_any('slot.weapon.mainhand','gabrielaplok:mp5a5')&&q.main_hand_item_use_duration&&q.scoreboard('mp5a5')<=0&&!q.property('gun:reloading')&&q.is_alive"},{"reload":"q.is_item_name_any('slot.weapon.mainhand','gabrielaplok:mp5a5')&&q.is_sneaking&&v.attack_time&&q.scoreboard('mp5a5')<=29&&!q.property('gun:reloading')&&q.is_alive"}]},"fire":{"animations":["mp5a5_fire"],"on_entry":["/function guns/fire/mp5a5","/execute as @s[score={mp5a5=1}] run function effect/gun_dryfire"],"transitions":[{"inactive":"q.all_animations_finished||!q.is_alive"}]},"reload":{"animations":["mp5a5_reload"],"on_entry":["/execute as @s[hasitem={item=gabrielaplok:mp5a5_mag, quantity=1..}] run event entity @s gabrielaplok:add_reloading","/execute as @s[hasitem={item=gabrielaplok:mp5a5_mag, quantity=..0}] run function effect/gun_dryfire"],"transitions":[{"inactive":"!q.is_item_name_any('slot.weapon.mainhand','gabrielaplok:mp5a5')||!q.property('gun:reloading')"},{"reloaded":"q.all_animations_finished&&q.is_item_name_any('slot.weapon.mainhand','gabrielaplok:mp5a5')&&q.property('gun:reloading')&&q.is_alive"}]},"reloaded":{"on_entry":["/execute as @s[hasitem={item=gabrielaplok:mp5a5, location=slot.weapon.mainhand}] run function guns/reload/mp5a5"],"transitions":[{"inactive":"1"}]}}}}}