{"format_version":"1.20.80","minecraft:item":{"description":{"identifier":"gabrielaplok:helmet_6b47","menu_category":{"category":"equipment","group":"itemGroup.name.helmet"}},"components":{"minecraft:display_name":{"value":"item.helmet_6b47.name"},"minecraft:durability":{"max_durability":100,"damage_chance":{"min":60,"max":100}},"minecraft:enchantable":{"value":9,"slot":"armor_head"},"minecraft:tags":{"tags":["is_helmet"]},"minecraft:wearable":{"protection":6,"slot":"slot.armor.head"},"minecraft:icon":"helmet_6b47","minecraft:max_stack_size":1}}}