{"format_version":"1.20.80","minecraft:item":{"description":{"identifier":"gabrielaplok:juggernaut_helmet","menu_category":{"category":"equipment","group":"itemGroup.name.helmet"}},"components":{"minecraft:display_name":{"value":"item.juggernaut_helmet.name"},"minecraft:durability":{"max_durability":420,"damage_chance":{"min":60,"max":100}},"minecraft:enchantable":{"value":9,"slot":"armor_head"},"minecraft:tags":{"tags":["minecraft:is_armor","minecraft:netherite_tier","is_helmet"]},"minecraft:wearable":{"protection":8,"slot":"slot.armor.head"},"minecraft:icon":"juggernaut_helmet","minecraft:max_stack_size":1}}}