{"format_version":"1.20.80","minecraft:item":{"description":{"identifier":"gabrielaplok:juggernaut_chestplate","menu_category":{"category":"equipment","group":"itemGroup.name.chestplate"}},"components":{"minecraft:display_name":{"value":"item.juggernaut_chestplate.name"},"minecraft:durability":{"max_durability":620,"damage_chance":{"min":60,"max":100}},"minecraft:enchantable":{"value":9,"slot":"armor_torso"},"minecraft:tags":{"tags":["minecraft:is_armor","minecraft:netherite_tier"]},"minecraft:wearable":{"protection":10,"slot":"slot.armor.chest"},"minecraft:icon":"juggernaut_chestplate","minecraft:max_stack_size":1}}}