{"format_version":"1.20.80","minecraft:item":{"description":{"identifier":"gabrielaplok:juggernaut_leggings","menu_category":{"category":"equipment","group":"itemGroup.name.leggings"}},"components":{"minecraft:display_name":{"value":"item.juggernaut_leggings.name"},"minecraft:durability":{"max_durability":290,"damage_chance":{"min":60,"max":100}},"minecraft:enchantable":{"value":9,"slot":"armor_legs"},"minecraft:wearable":{"protection":6,"slot":"slot.armor.legs"},"minecraft:icon":"juggernaut_leggings","minecraft:max_stack_size":1}}}