{"format_version":"1.20.40","sound_definitions":{"bullet.distant":{"category":"neutral","sounds":["sounds/bullet/distant/distant_0","sounds/bullet/distant/distant_1","sounds/bullet/distant/distant_2","sounds/bullet/distant/distant_3"]},"bullet.eject.bounce_9mm":{"category":"neutral","sounds":[{"name":"sounds/bullet/eject/bounce_9mm","volume":0.06}]},"bullet.eject.bounce_308mm":{"category":"neutral","sounds":[{"name":"sounds/bullet/eject/bounce_308mm","volume":0.06}]},"bullet.eject.bounce_338mm":{"category":"neutral","sounds":[{"name":"sounds/bullet/eject/bounce_338mm","volume":0.06}]},"bullet.eject.bounce_556mm":{"category":"neutral","sounds":[{"name":"sounds/bullet/eject/bounce_556mm","volume":0.06}]},"bullet.eject.bounce_shotgun":{"category":"neutral","sounds":[{"name":"sounds/bullet/eject/bounce_shotgun","volume":0.6}]},"bullet.eject.eject_50bmg":{"category":"neutral","sounds":[{"name":"sounds/bullet/eject/eject_50bmg","volume":0.06}]},"bullet.eject.eject_9mm":{"category":"neutral","sounds":[{"name":"sounds/bullet/eject/eject_9mm","volume":0.06}]},"bullet.eject.eject_45acp":{"category":"neutral","sounds":[{"name":"sounds/bullet/eject/eject_45acp","volume":0.06}]},"bullet.eject.eject_556mm":{"category":"neutral","sounds":[{"name":"sounds/bullet/eject/eject_556mm","volume":0.06}]},"bullet.eject.eject_762mm":{"category":"neutral","sounds":[{"name":"sounds/bullet/eject/eject_762mm","volume":0.06}]},"bullet.impact.dirt":{"category":"neutral","sounds":["sounds/bullet/impact/dirt_0","sounds/bullet/impact/dirt_1","sounds/bullet/impact/dirt_2","sounds/bullet/impact/dirt_3"]},"bullet.impact.dirt.debris":{"category":"neutral","sounds":["sounds/bullet/impact/dirt_debris_0","sounds/bullet/impact/dirt_debris_1","sounds/bullet/impact/dirt_debris_2","sounds/bullet/impact/dirt_debris_3"]},"bullet.impact.flesh":{"category":"neutral","sounds":["sounds/bullet/impact/flesh_0","sounds/bullet/impact/flesh_1","sounds/bullet/impact/flesh_2","sounds/bullet/impact/flesh_3"]},"bullet.impact.flesh_head":{"category":"neutral","sounds":["sounds/bullet/impact/flesh_head_0","sounds/bullet/impact/flesh_head_1","sounds/bullet/impact/flesh_head_2","sounds/bullet/impact/flesh_head_3"]},"bullet.impact.glass":{"category":"neutral","sounds":["sounds/bullet/impact/glass_0","sounds/bullet/impact/glass_1","sounds/bullet/impact/glass_2","sounds/bullet/impact/glass_3"]},"bullet.impact.glass.debris":{"category":"neutral","sounds":["sounds/bullet/impact/glass_debris_0","sounds/bullet/impact/glass_debris_1","sounds/bullet/impact/glass_debris_2","sounds/bullet/impact/glass_debris_3"]},"bullet.impact.metal":{"category":"neutral","sounds":["sounds/bullet/impact/metal_0","sounds/bullet/impact/metal_1","sounds/bullet/impact/metal_2","sounds/bullet/impact/metal_3"]},"bullet.impact.metal.debris":{"category":"neutral","sounds":["sounds/bullet/impact/metal_debris_0","sounds/bullet/impact/metal_debris_1","sounds/bullet/impact/metal_debris_2","sounds/bullet/impact/metal_debris_3"]},"bullet.impact.stone":{"category":"neutral","sounds":["sounds/bullet/impact/stone_0","sounds/bullet/impact/stone_1","sounds/bullet/impact/stone_2","sounds/bullet/impact/stone_3"]},"bullet.impact.stone.debris":{"category":"neutral","sounds":["sounds/bullet/impact/stone_debris_0","sounds/bullet/impact/stone_debris_1","sounds/bullet/impact/stone_debris_2","sounds/bullet/impact/stone_debris_3"]},"bullet.impact.water":{"category":"neutral","sounds":["sounds/bullet/impact/water_0","sounds/bullet/impact/water_1","sounds/bullet/impact/water_2","sounds/bullet/impact/water_3"]},"bullet.impact.wood":{"category":"neutral","sounds":["sounds/bullet/impact/wood_0","sounds/bullet/impact/wood_1","sounds/bullet/impact/wood_2","sounds/bullet/impact/wood_3"]},"bullet.impact.wood.debris":{"category":"neutral","sounds":["sounds/bullet/impact/wood_debris_0","sounds/bullet/impact/wood_debris_1","sounds/bullet/impact/wood_debris_2","sounds/bullet/impact/wood_debris_3"]},"bullet.reload.in":{"category":"neutral","sounds":["sounds/bullet/reload/bullet_in_0","sounds/bullet/reload/bullet_in_1","sounds/bullet/reload/bullet_in_2","sounds/bullet/reload/bullet_in_3"]},"bullet.ricochet":{"category":"neutral","sounds":["sounds/bullet/ricochet/ricochet_0","sounds/bullet/ricochet/ricochet_1","sounds/bullet/ricochet/ricochet_2","sounds/bullet/ricochet/ricochet_3","sounds/bullet/ricochet/ricochet_4","sounds/bullet/ricochet/ricochet_5","sounds/bullet/ricochet/ricochet_6","sounds/bullet/ricochet/ricochet_7"]},"bullet.subsonic.hiss":{"category":"neutral","sounds":["sounds/bullet/subsonic/hiss_0","sounds/bullet/subsonic/hiss_1","sounds/bullet/subsonic/hiss_2","sounds/bullet/subsonic/hiss_3","sounds/bullet/subsonic/hiss_4","sounds/bullet/subsonic/hiss_5","sounds/bullet/subsonic/hiss_6","sounds/bullet/subsonic/hiss_7"]},"bullet.supersonic.snap":{"category":"neutral","sounds":["sounds/bullet/supersonic/snap_0","sounds/bullet/supersonic/snap_1","sounds/bullet/supersonic/snap_2","sounds/bullet/supersonic/snap_3","sounds/bullet/supersonic/snap_4","sounds/bullet/supersonic/snap_5","sounds/bullet/supersonic/snap_6","sounds/bullet/supersonic/snap_7"]},"effect.explosion.debris":{"category":"neutral","sounds":["sounds/effect/explosion/debris_0","sounds/effect/explosion/debris_1","sounds/effect/explosion/debris_2","sounds/effect/explosion/debris_3"]},"effect.explosion.distant":{"category":"neutral","sounds":["sounds/effect/explosion/distant_0","sounds/effect/explosion/distant_1","sounds/effect/explosion/distant_2","sounds/effect/explosion/distant_3"]},"effect.explosion.explode":{"category":"neutral","sounds":["sounds/effect/explosion/explode_0","sounds/effect/explosion/explode_1","sounds/effect/explosion/explode_2","sounds/effect/explosion/explode_3"]},"effect.explosion.indoors":{"category":"neutral","sounds":["sounds/effect/explosion/indoors_0","sounds/effect/explosion/indoors_1","sounds/effect/explosion/indoors_2","sounds/effect/explosion/indoors_3"]},"effect.gun.ads_in":{"category":"neutral","sounds":["sounds/effect/gun/ads_in"]},"effect.gun.ads_out":{"category":"neutral","sounds":["sounds/effect/gun/ads_out"]},"effect.gun.attach":{"category":"neutral","sounds":["sounds/effect/gun/attach"]},"effect.gun.dist.large_extra":{"category":"neutral","sounds":[{"name":"sounds/effect/gun/dist_large_extra","volume":0.5}]},"effect.gun.dist.large":{"category":"neutral","sounds":[{"name":"sounds/effect/gun/dist_large","volume":0.5}]},"effect.gun.dist.low":{"category":"neutral","sounds":[{"name":"sounds/effect/gun/dist_low","volume":0.5}]},"effect.gun.dist.medium":{"category":"neutral","sounds":[{"name":"sounds/effect/gun/dist_medium","volume":0.5}]},"effect.gun.dist.short":{"category":"neutral","sounds":[{"name":"sounds/effect/gun/dist_short","volume":0.5}]},"effect.gun.draw":{"category":"neutral","sounds":["sounds/effect/gun/draw"]},"effect.gun.dryfire":{"category":"neutral","sounds":["sounds/effect/gun/dryfire"]},"effect.gun.echo":{"category":"neutral","sounds":[{"name":"sounds/effect/gun/echo_0","volume":0.5},{"name":"sounds/effect/gun/echo_1","volume":0.5},{"name":"sounds/effect/gun/echo_2","volume":0.5},{"name":"sounds/effect/gun/echo_3","volume":0.5}]},"effect.gun.inspect_0":{"category":"neutral","sounds":["sounds/effect/gun/inspect_0"]},"effect.gun.inspect_1":{"category":"neutral","sounds":["sounds/effect/gun/inspect_1"]},"effect.gun.inspect_2":{"category":"neutral","sounds":["sounds/effect/gun/inspect_2"]},"effect.gun.inspect_3":{"category":"neutral","sounds":["sounds/effect/gun/inspect_3"]},"effect.gun.iron_in":{"category":"neutral","sounds":["sounds/effect/gun/iron_in"]},"effect.gun.iron_out":{"category":"neutral","sounds":["sounds/effect/gun/iron_out"]},"effect.gun.lean_in":{"category":"neutral","sounds":["sounds/effect/gun/lean_in"]},"effect.gun.lean_out":{"category":"neutral","sounds":["sounds/effect/gun/lean_out"]},"effect.gunshot":{"category":"neutral","sounds":["sounds/effect/gunshot/gunshot_0","sounds/effect/gunshot/gunshot_1","sounds/effect/gunshot/gunshot_2","sounds/effect/gunshot/gunshot_3"]},"effect.player.voice.no_ammo":{"category":"neutral","sounds":["sounds/effect/player/voice/no_ammo_0","sounds/effect/player/voice/no_ammo_1"]},"effect.player.voice.reload":{"category":"neutral","sounds":["sounds/effect/player/voice/reload_0","sounds/effect/player/voice/reload_1","sounds/effect/player/voice/reload_2","sounds/effect/player/voice/reload_3","sounds/effect/player/voice/reload_4"]},"effect.player.blind":{"category":"neutral","sounds":["sounds/effect/player/blind"]},"effect.player.hitmarker":{"category":"neutral","sounds":["sounds/effect/player/hitmarker"]},"effect.player.splat":{"category":"neutral","sounds":["sounds/effect/player/splat"]},"effect.landmine":{"category":"block","sounds":["sounds/effect/landmine"]},"gun.ak12.fire":{"category":"neutral","sounds":["sounds/guns/ak12/fire"]},"gun.ak12.fire.reverb":{"category":"neutral","sounds":["sounds/guns/ak12/fire_reverb"]},"gun.ak12.fire_silenced":{"category":"neutral","sounds":["sounds/guns/ak12/fire_silenced"]},"gun.ak12.fire_silenced.reverb":{"category":"neutral","sounds":["sounds/guns/ak12/fire_silenced_reverb"]},"gun.ak12.magin":{"category":"neutral","sounds":["sounds/guns/ak12/magin"]},"gun.ak12.magout":{"category":"neutral","sounds":["sounds/guns/ak12/magout"]},"gun.ak12.pullback":{"category":"neutral","sounds":["sounds/guns/ak12/pullback"]},"gun.ak12.pullforward":{"category":"neutral","sounds":["sounds/guns/ak12/pullforward"]},"gun.ak47.fire":{"category":"neutral","sounds":["sounds/guns/ak47/fire"]},"gun.ak47.fire.reverb":{"category":"neutral","sounds":["sounds/guns/ak47/fire_reverb"]},"gun.ak47.fire_silenced":{"category":"neutral","sounds":["sounds/guns/ak47/fire_silenced"]},"gun.ak47.fire_silenced.reverb":{"category":"neutral","sounds":["sounds/guns/ak47/fire_silenced_reverb"]},"gun.ak47.magin":{"category":"neutral","sounds":["sounds/guns/ak47/magin"]},"gun.ak47.magout":{"category":"neutral","sounds":["sounds/guns/ak47/magout"]},"gun.ak47.pullback":{"category":"neutral","sounds":["sounds/guns/ak47/pullback"]},"gun.ak47.pullforward":{"category":"neutral","sounds":["sounds/guns/ak47/pullforward"]},"gun.awp.fire":{"category":"neutral","sounds":["sounds/guns/awp/fire"]},"gun.awp.fire.reverb":{"category":"neutral","sounds":["sounds/guns/awp/fire_reverb"]},"gun.awp.fire_silenced":{"category":"neutral","sounds":["sounds/guns/awp/fire_silenced"]},"gun.awp.fire_silenced.reverb":{"category":"neutral","sounds":["sounds/guns/awp/fire_silenced_reverb"]},"gun.awp.magin":{"category":"neutral","sounds":["sounds/guns/awp/magin"]},"gun.awp.magout":{"category":"neutral","sounds":["sounds/guns/awp/magout"]},"gun.awp.pullback":{"category":"neutral","sounds":["sounds/guns/awp/pullback"]},"gun.awp.pullforward":{"category":"neutral","sounds":["sounds/guns/awp/pullforward"]},"gun.deagle.fire":{"category":"neutral","sounds":["sounds/guns/deagle/fire"]},"gun.deagle.fire.reverb":{"category":"neutral","sounds":["sounds/guns/deagle/fire_reverb"]},"gun.deagle.fire_silenced":{"category":"neutral","sounds":["sounds/guns/deagle/fire_silenced"]},"gun.deagle.fire_silenced.reverb":{"category":"neutral","sounds":["sounds/guns/deagle/fire_silenced_reverb"]},"gun.deagle.maghit":{"category":"neutral","sounds":["sounds/guns/deagle/maghit"]},"gun.deagle.magin":{"category":"neutral","sounds":["sounds/guns/deagle/magin"]},"gun.deagle.magout":{"category":"neutral","sounds":["sounds/guns/deagle/magout"]},"gun.deagle.pullback":{"category":"neutral","sounds":["sounds/guns/deagle/pullback"]},"gun.deagle.pullforward":{"category":"neutral","sounds":["sounds/guns/deagle/pullforward"]},"gun.fnfal.fire":{"category":"neutral","sounds":["sounds/guns/fnfal/fire"]},"gun.fnfal.fire.reverb":{"category":"neutral","sounds":["sounds/guns/fnfal/fire_reverb"]},"gun.fnfal.fire_silenced":{"category":"neutral","sounds":["sounds/guns/fnfal/fire_silenced"]},"gun.fnfal.fire_silenced.reverb":{"category":"neutral","sounds":["sounds/guns/fnfal/fire_silenced_reverb"]},"gun.fnfal.maghit":{"category":"neutral","sounds":["sounds/guns/fnfal/maghit"]},"gun.fnfal.magin":{"category":"neutral","sounds":["sounds/guns/fnfal/magin"]},"gun.fnfal.magout":{"category":"neutral","sounds":["sounds/guns/fnfal/magout"]},"gun.fnfal.pullback":{"category":"neutral","sounds":["sounds/guns/fnfal/pullback"]},"gun.fnfal.pullforward":{"category":"neutral","sounds":["sounds/guns/fnfal/pullforward"]},"gun.glock18.fire":{"category":"neutral","sounds":["sounds/guns/glock18/fire"]},"gun.glock18.fire.reverb":{"category":"neutral","sounds":["sounds/guns/glock18/fire_reverb"]},"gun.glock18.fire_silenced":{"category":"neutral","sounds":["sounds/guns/glock18/fire_silenced"]},"gun.glock18.fire_silenced.reverb":{"category":"neutral","sounds":["sounds/guns/glock18/fire_silenced_reverb"]},"gun.glock18.maghit":{"category":"neutral","sounds":["sounds/guns/glock18/maghit"]},"gun.glock18.magin":{"category":"neutral","sounds":["sounds/guns/glock18/magin"]},"gun.glock18.magout":{"category":"neutral","sounds":["sounds/guns/glock18/magout"]},"gun.glock18.pullback":{"category":"neutral","sounds":["sounds/guns/glock18/pullback"]},"gun.glock18.pullforward":{"category":"neutral","sounds":["sounds/guns/glock18/pullforward"]},"gun.m249.beltalign":{"category":"neutral","sounds":["sounds/guns/m249/beltalign"]},"gun.m249.beltpullout":{"category":"neutral","sounds":["sounds/guns/m249/beltpullout"]},"gun.m249.beltremove":{"category":"neutral","sounds":["sounds/guns/m249/beltremove"]},"gun.m249.bulletjingle":{"category":"neutral","sounds":["sounds/guns/m249/bulletjingle"]},"gun.m249.coverdown":{"category":"neutral","sounds":["sounds/guns/m249/coverdown"]},"gun.m249.coverup":{"category":"neutral","sounds":["sounds/guns/m249/coverup"]},"gun.m249.fetchmag":{"category":"neutral","sounds":["sounds/guns/m249/fetchmag"]},"gun.m249.fire":{"category":"neutral","sounds":["sounds/guns/m249/fire"]},"gun.m249.fire.reverb":{"category":"neutral","sounds":["sounds/guns/m249/fire_reverb"]},"gun.m249.fire.belt":{"category":"neutral","sounds":["sounds/guns/m249/fire_belt"]},"gun.m249.fire.belt.reverb":{"category":"neutral","sounds":["sounds/guns/m249/fire_belt_reverb"]},"gun.m249.maghit":{"category":"neutral","sounds":["sounds/guns/m249/maghit"]},"gun.m249.magin":{"category":"neutral","sounds":["sounds/guns/m249/magin"]},"gun.m249.magout":{"category":"neutral","sounds":["sounds/guns/m249/magout"]},"gun.m249.magout_full":{"category":"neutral","sounds":["sounds/guns/m249/magout_full"]},"gun.m249.pullback":{"category":"neutral","sounds":["sounds/guns/m249/pullback"]},"gun.m249.pullforward":{"category":"neutral","sounds":["sounds/guns/m249/pullforward"]},"gun.m249.shoulder":{"category":"neutral","sounds":["sounds/guns/m249/shoulder"]},"gun.m249.throwawayremaining":{"category":"neutral","sounds":["sounds/guns/m249/throwawayremaining"]},"gun.m4a1.fire":{"category":"neutral","sounds":["sounds/guns/m4a1/fire"]},"gun.m4a1.fire.reverb":{"category":"neutral","sounds":["sounds/guns/m4a1/fire_reverb"]},"gun.m4a1.fire_silenced":{"category":"neutral","sounds":["sounds/guns/m4a1/fire_silenced"]},"gun.m4a1.fire_silenced.reverb":{"category":"neutral","sounds":["sounds/guns/m4a1/fire_silenced_reverb"]},"gun.m4a1.maghit":{"category":"neutral","sounds":["sounds/guns/m4a1/maghit"]},"gun.m4a1.magin":{"category":"neutral","sounds":["sounds/guns/m4a1/magin"]},"gun.m4a1.magout":{"category":"neutral","sounds":["sounds/guns/m4a1/magout"]},"gun.m4a1.pullback":{"category":"neutral","sounds":["sounds/guns/m4a1/pullback"]},"gun.m4a1.pullforward":{"category":"neutral","sounds":["sounds/guns/m4a1/pullforward"]},"gun.mossberg.fire":{"category":"neutral","sounds":["sounds/guns/mossberg/fire"]},"gun.mossberg.fire.reverb":{"category":"neutral","sounds":["sounds/guns/mossberg/fire_reverb"]},"gun.mossberg.pumpback":{"category":"neutral","sounds":["sounds/guns/mossberg/pumpback"]},"gun.mossberg.pumpforward":{"category":"neutral","sounds":["sounds/guns/mossberg/pumpforward"]},"gun.mossberg.shellin":{"category":"neutral","sounds":["sounds/guns/mossberg/shellin"]},"gun.mp5a5.fire":{"category":"neutral","sounds":["sounds/guns/mp5a5/fire"]},"gun.mp5a5.fire.reverb":{"category":"neutral","sounds":["sounds/guns/mp5a5/fire_reverb"]},"gun.mp5a5.fire_silenced":{"category":"neutral","sounds":["sounds/guns/mp5a5/fire_silenced"]},"gun.mp5a5.fire_silenced.reverb":{"category":"neutral","sounds":["sounds/guns/mp5a5/fire_silenced_reverb"]},"gun.mp5a5.magin":{"category":"neutral","sounds":["sounds/guns/mp5a5/magin"]},"gun.mp5a5.magout":{"category":"neutral","sounds":["sounds/guns/mp5a5/magout"]},"gun.mp5a5.pullback":{"category":"neutral","sounds":["sounds/guns/mp5a5/pullback"]},"gun.mp5a5.pullforward":{"category":"neutral","sounds":["sounds/guns/mp5a5/pullforward"]},"throwable.grenade.drop":{"category":"neutral","sounds":["sounds/throwable/grenade/drop"]},"throwable.grenade.throw":{"category":"neutral","sounds":["sounds/throwable/grenade/throw"]},"wearable.nv_goggles.toggle":{"category":"neutral","sounds":["sounds/wearable/nv_goggles/toggle"]},"wearable.nv_goggles.toggleoff":{"category":"neutral","sounds":["sounds/wearable/nv_goggles/toggleoff"]},"mob.uh_1.affectionate_scream":{"__use_legacy_max_distance":"true","category":"hostile","min_distance":100,"sounds":[{"name":"sounds/mob/ghast/affectionate_scream","volume":0.5}]},"mob.uh_1.charge":{"__use_legacy_max_distance":"true","category":"hostile","min_distance":100,"sounds":[{"load_on_low_memory":true,"name":"sounds/mob/ghast/charge","volume":0.5}]},"mob.uh_1.death":{"__use_legacy_max_distance":"true","category":"hostile","min_distance":100,"sounds":[{"name":"sounds/mob/ghast/death","volume":0.5}]},"mob.uh_1.fireball":{"__use_legacy_max_distance":"true","category":"hostile","sounds":["sounds/mob/ghast/fireball4"]},"mob.uh_1.moan":{"__use_legacy_max_distance":"true","category":"hostile","min_distance":100,"sounds":[{"load_on_low_memory":true,"name":"sounds/mob/ghast/moan1","volume":0.5},{"name":"sounds/mob/ghast/moan2","volume":0.5},{"name":"sounds/mob/ghast/moan3","volume":0.5},{"name":"sounds/mob/ghast/moan4","volume":0.5},{"name":"sounds/mob/ghast/moan5","volume":0.5},{"name":"sounds/mob/ghast/moan6","volume":0.5},{"name":"sounds/mob/ghast/moan7","volume":0.5}]},"mob.uh_1.scream":{"__use_legacy_max_distance":"true","category":"hostile","min_distance":100,"sounds":[{"name":"sounds/mob/ghast/scream1","volume":0.5},{"name":"sounds/mob/ghast/scream2","volume":0.5},{"load_on_low_memory":true,"name":"sounds/mob/ghast/scream3","volume":0.5},{"name":"sounds/mob/ghast/scream4","volume":0.5},{"name":"sounds/mob/ghast/scream5","volume":0.5}]}}}